temperature,feature_1,feature_2
30.5310001373291,5.827000141143799,2.009000062942505
27.78700065612793,5.692999839782715,2.075999975204468
27.78700065612793,5.1570000648498535,1.741000056266785
25.04400062561035,5.090000152587892,1.9420000314712524
21.947999954223643,5.357999801635742,1.9420000314712524
21.173999786376957,5.625999927520752,2.1429998874664307
22.79199981689453,7.166999816894531,2.9470000267028813
23.143999099731445,7.434999942779541,3.282000064849853
21.66699981689453,5.559000015258789,3.013999938964844
17.445999145507812,4.554999828338623,2.5450000762939453
19.97900009155273,4.956999778747559,2.5450000762939453
20.11899948120117,5.760000228881836,2.5450000762939453
19.20499992370605,4.689000129699707,2.5450000762939453
18.57200050354004,4.689000129699707,2.678999900817871
19.55599975585937,5.090000152587892,2.9470000267028813
17.305000305175778,5.090000152587892,3.1480000019073486
19.48600006103516,4.2199997901916495,2.4110000133514404
19.13400077819824,4.75600004196167,2.344000101089477
20.68199920654297,5.625999927520752,2.880000114440918
18.71199989318848,5.492000102996826,3.013999938964844
17.868000030517578,5.357999801635742,3.013999938964844
18.009000778198242,5.090000152587892,2.9470000267028813
18.009000778198242,4.822999954223633,2.9470000267028813
19.76799964904785,4.622000217437744,2.880000114440918
21.10400009155273,5.223999977111816,3.0810000896453857
19.69700050354004,5.1570000648498535,3.013999938964844
20.048999786376957,5.1570000648498535,3.1480000019073486
20.75200080871582,5.1570000648498535,3.0810000896453857
21.38500022888184,4.554999828338623,3.0810000896453857
22.229999542236328,5.425000190734863,3.282000064849853
20.26000022888184,5.492000102996826,3.282000064849853
21.10400009155273,5.625999927520752,3.2149999141693115
20.61199951171875,5.559000015258789,3.282000064849853
18.36100006103516,5.223999977111816,3.2149999141693115
20.96299934387207,9.913000106811523,4.956999778747559
19.41600036621093,11.788000106811523,5.425000190734863
20.82299995422364,9.645000457763672,4.956999778747559
20.190000534057614,10.381999969482422,5.760000228881836
21.315000534057614,8.77400016784668,4.689000129699707
22.018999099731445,10.449000358581545,5.1570000648498535
20.68199920654297,9.845999717712402,4.822999954223633
25.465999603271484,9.913000106811523,4.822999954223633
25.88800048828125,10.649999618530272,4.689000129699707
27.85700035095215,10.11400032043457,4.3540000915527335
27.295000076293945,9.979999542236328,4.152999877929688
22.229999542236328,9.3100004196167,4.2199997901916495
21.947999954223643,9.444000244140623,4.622000217437744
27.295000076293945,9.444000244140623,4.287000179290772
29.334999084472656,10.381999969482422,5.425000190734863
26.02799987792969,9.779000282287598,5.223999977111816
24.34000015258789,10.381999969482422,4.689000129699707
26.45000076293945,9.779000282287598,4.152999877929688
25.95800018310547,10.717000007629396,4.75600004196167
24.05900001525879,10.3149995803833,4.689000129699707
25.32500076293945,12.592000007629396,5.223999977111816
23.636999130249023,11.119000434875488,4.622000217437744
26.3799991607666,10.649999618530272,4.421000003814697
27.364999771118164,10.04699993133545,4.2199997901916495
28.06800079345703,11.720999717712402,5.090000152587892
29.47500038146973,12.123000144958494,5.357999801635742
26.80200004577637,9.979999542236328,5.0229997634887695
29.968000411987305,9.243000030517578,4.956999778747559
30.38999938964844,10.180999755859377,5.425000190734863
31.16399955749512,9.645000457763672,5.425000190734863
29.756999969482425,9.779000282287598,4.889999866485597
32.28900146484375,11.119000434875488,5.1570000648498535
31.9379997253418,11.052000045776367,4.956999778747559
28.56100082397461,10.784000396728516,4.889999866485597
21.525999069213867,11.185999870300291,4.889999866485597
22.229999542236328,10.449000358581545,4.889999866485597
19.41600036621093,9.57800006866455,5.760000228881836
18.57200050354004,9.3100004196167,5.760000228881836
21.66699981689453,9.913000106811523,5.894000053405763
25.535999298095703,8.975000381469727,4.956999778747559
27.85700035095215,8.640000343322754,4.822999954223633
27.92799949645996,9.175999641418455,5.492000102996826
24.62100028991699,9.109000205993652,4.822999954223633
23.847999572753903,9.845999717712402,5.559000015258789
23.07399940490723,11.588000297546388,5.425000190734863
22.51099967956543,11.788000106811523,6.09499979019165
21.66699981689453,10.583000183105469,5.960999965667725
25.395000457763672,11.588000297546388,6.296000003814697
25.18400001525879,11.92199993133545,6.2290000915527335
29.54599952697754,12.324000358581545,5.559000015258789
29.47500038146973,10.381999969482422,5.894000053405763
29.263999938964844,10.04699993133545,5.425000190734863
30.952999114990234,10.515999794006348,6.027999877929688
31.72599983215332,10.717000007629396,6.09499979019165
33.132999420166016,9.979999542236328,5.0229997634887695
28.982999801635746,11.31999969482422,5.090000152587892
28.982999801635746,11.38700008392334,4.956999778747559
31.72599983215332,9.376999855041504,3.884999990463257
25.18400001525879,10.11400032043457,4.0859999656677255
30.5310001373291,10.381999969482422,4.822999954223633
27.645999908447266,9.645000457763672,4.889999866485597
25.465999603271484,12.72599983215332,6.497000217437744
25.95800018310547,11.98900032043457,5.625999927520752
25.95800018310547,12.524999618530272,6.296000003814697
26.02799987792969,12.324000358581545,6.296000003814697
28.913000106811523,10.717000007629396,5.425000190734863
30.459999084472656,11.31999969482422,5.625999927520752
31.375,10.85099983215332,4.689000129699707
32.78200149536133,13.32900047302246,5.425000190734863
31.72599983215332,11.45400047302246,5.223999977111816
30.31999969482422,11.052000045776367,5.960999965667725
30.459999084472656,10.984999656677246,6.027999877929688
32.92200088500977,12.79300022125244,5.960999965667725
31.093000411987305,13.395999908447266,6.429999828338622
25.67700004577637,11.253000259399414,5.425000190734863
27.15399932861328,9.913000106811523,4.554999828338623
28.77199935913086,10.180999755859377,5.357999801635742
30.60099983215332,10.85099983215332,5.223999977111816
32.007999420166016,10.04699993133545,5.0229997634887695
33.132999420166016,11.92199993133545,5.425000190734863
31.51499938964844,11.45400047302246,4.956999778747559
31.02300071716309,10.85099983215332,4.689000129699707
31.44499969482422,11.185999870300291,4.622000217437744
31.72599983215332,10.649999618530272,4.689000129699707
30.952999114990234,9.979999542236328,4.3540000915527335
30.459999084472656,11.854999542236328,5.760000228881836
28.913000106811523,10.381999969482422,5.090000152587892
30.38999938964844,10.717000007629396,5.425000190734863
31.51499938964844,10.85099983215332,5.357999801635742
31.233999252319336,9.779000282287598,5.1570000648498535
30.5310001373291,9.376999855041504,4.48799991607666
30.108999252319336,11.38700008392334,5.559000015258789
30.31999969482422,11.854999542236328,4.48799991607666
29.61599922180176,12.524999618530272,6.162000179290772
30.5310001373291,12.72599983215332,6.36299991607666
32.99300003051758,11.119000434875488,4.75600004196167
30.24900054931641,11.788000106811523,4.889999866485597
30.24900054931641,13.128000259399414,4.956999778747559
30.67099952697754,10.583000183105469,4.75600004196167
31.586000442504893,10.3149995803833,5.290999889373778
31.9379997253418,9.444000244140623,5.0229997634887695
28.982999801635746,10.449000358581545,4.2199997901916495
27.71699905395508,9.845999717712402,4.0859999656677255
30.67099952697754,10.984999656677246,4.75600004196167
24.34000015258789,10.717000007629396,4.287000179290772
29.68600082397461,9.175999641418455,3.549999952316284
30.24900054931641,9.645000457763672,4.152999877929688
29.968000411987305,8.505999565124513,2.880000114440918
29.54599952697754,10.515999794006348,3.3489999771118164
28.49099922180176,13.395999908447266,4.689000129699707
28.56100082397461,12.592000007629396,5.1570000648498535
28.77199935913086,14.199999809265137,6.2290000915527335
27.71699905395508,12.592000007629396,6.2290000915527335
28.138999938964844,14.267000198364258,6.36299991607666
27.364999771118164,12.592000007629396,5.090000152587892
26.73200035095215,13.730999946594238,5.625999927520752
26.3799991607666,15.13700008392334,5.760000228881836
25.395000457763672,14.267000198364258,5.960999965667725
27.92799949645996,12.524999618530272,5.090000152587892
28.982999801635746,12.324000358581545,5.559000015258789
29.756999969482425,13.26200008392334,6.09499979019165
30.60099983215332,12.324000358581545,4.956999778747559
32.64099884033203,9.645000457763672,3.617000102996826
35.3849983215332,10.515999794006348,4.554999828338623
37.28400039672852,9.376999855041504,3.818000078201294
38.47999954223633,9.109000205993652,3.6840000152587886
36.79100036621094,9.243000030517578,3.41599988937378
34.11800003051758,10.449000358581545,4.2199997901916495
33.83700180053711,11.052000045776367,4.287000179290772
33.273998260498054,10.11400032043457,4.0859999656677255
32.92200088500977,11.119000434875488,4.152999877929688
33.625999450683594,10.449000358581545,3.282000064849853
32.64099884033203,10.515999794006348,3.884999990463257
31.586000442504893,11.854999542236328,5.357999801635742
31.093000411987305,11.854999542236328,4.75600004196167
30.742000579833984,10.381999969482422,4.75600004196167
29.334999084472656,11.185999870300291,5.223999977111816
28.77199935913086,10.248000144958496,4.554999828338623
29.12400054931641,10.91800022125244,4.0859999656677255
29.263999938964844,12.659000396728516,5.223999977111816
29.40500068664551,13.597000122070312,5.425000190734863
28.913000106811523,10.381999969482422,4.0859999656677255
29.89699935913086,9.979999542236328,4.554999828338623
30.5310001373291,9.645000457763672,4.019000053405762
30.67099952697754,11.720999717712402,4.75600004196167
30.67099952697754,11.788000106811523,4.2199997901916495
31.093000411987305,10.449000358581545,4.0859999656677255
30.881999969482425,10.180999755859377,3.41599988937378
32.71099853515625,12.927000045776367,5.0229997634887695
34.750999450683594,10.180999755859377,4.2199997901916495
34.400001525878906,9.444000244140623,3.549999952316284
34.32899856567383,10.3149995803833,4.0859999656677255
33.625999450683594,10.717000007629396,3.884999990463257
33.55599975585937,10.180999755859377,3.617000102996826
32.78200149536133,11.854999542236328,4.0859999656677255
32.148998260498054,12.72599983215332,4.3540000915527335
31.233999252319336,14.065999984741213,5.357999801635742
30.5310001373291,18.152000427246094,8.840999603271484
30.952999114990234,14.60200023651123,5.960999965667725
30.31999969482422,14.53499984741211,6.162000179290772
29.40500068664551,14.401000022888184,6.296000003814697
28.70199966430664,13.99899959564209,6.497000217437744
28.77199935913086,14.065999984741213,6.296000003814697
28.913000106811523,14.267000198364258,5.425000190734863
28.27899932861328,14.60200023651123,5.692999839782715
28.631000518798828,9.109000205993652,2.611999988555908
28.77199935913086,11.45400047302246,3.41599988937378
29.968000411987305,9.779000282287598,3.549999952316284
29.756999969482425,10.85099983215332,4.2199997901916495
30.31999969482422,10.515999794006348,3.4830000400543213
31.44499969482422,9.779000282287598,3.617000102996826
30.742000579833984,10.248000144958496,3.750999927520752
31.6560001373291,9.645000457763672,4.019000053405762
32.28900146484375,9.57800006866455,3.818000078201294
32.852001190185554,11.98900032043457,4.152999877929688
32.077999114990234,10.784000396728516,3.818000078201294
31.867000579833984,10.11400032043457,3.41599988937378
31.375,9.444000244140623,3.1480000019073486
30.881999969482425,11.31999969482422,3.4830000400543213
30.881999969482425,13.529999732971191,4.75600004196167
29.968000411987305,12.458000183105469,5.827000141143799
29.968000411987305,13.32900047302246,5.357999801635742
29.47500038146973,15.270999908447266,6.2290000915527335
29.334999084472656,15.538999557495115,6.09499979019165
29.82699966430664,15.13700008392334,6.36299991607666
29.12400054931641,14.401000022888184,5.894000053405763
28.56100082397461,14.133000373840332,5.1570000648498535
28.631000518798828,13.99899959564209,4.3540000915527335
27.78700065612793,14.937000274658203,5.625999927520752
27.506000518798828,13.32900047302246,4.554999828338623
28.06800079345703,10.85099983215332,4.554999828338623
29.61599922180176,9.845999717712402,4.287000179290772
29.47500038146973,10.248000144958496,3.95199990272522
29.05299949645996,11.854999542236328,4.019000053405762
29.47500038146973,8.572999954223633,3.282000064849853
29.12400054931641,8.640000343322754,3.0810000896453857
29.68600082397461,8.305999755859375,2.4110000133514404
31.02300071716309,8.77400016784668,3.3489999771118164
31.16399955749512,8.038000106811522,2.5450000762939453
30.67099952697754,9.175999641418455,2.746000051498413
29.968000411987305,9.444000244140623,3.2149999141693115
30.17900085449219,8.505999565124513,2.880000114440918
29.47500038146973,10.04699993133545,3.0810000896453857
29.40500068664551,9.711999893188477,2.075999975204468
28.208999633789062,9.979999542236328,3.0810000896453857
29.12400054931641,9.979999542236328,3.549999952316284
28.56100082397461,13.597000122070312,5.357999801635742
29.194000244140625,13.597000122070312,4.889999866485597
28.56100082397461,12.123000144958494,4.0859999656677255
29.263999938964844,11.98900032043457,3.95199990272522
29.05299949645996,11.98900032043457,4.2199997901916495
28.913000106811523,12.994000434875488,4.421000003814697
29.82699966430664,13.79800033569336,4.0859999656677255
29.82699966430664,12.994000434875488,4.152999877929688
29.194000244140625,9.979999542236328,3.818000078201294
30.881999969482425,10.11400032043457,3.884999990463257
31.233999252319336,9.845999717712402,3.3489999771118164
32.21900177001953,10.984999656677246,3.617000102996826
32.99300003051758,8.371999740600586,2.812999963760376
33.90700149536133,8.907999992370605,2.880000114440918
34.750999450683594,9.041999816894531,3.013999938964844
34.750999450683594,9.243000030517578,3.2149999141693115
34.82199859619141,8.23900032043457,2.812999963760376
34.891998291015625,8.975000381469727,2.880000114440918
33.34400177001953,8.505999565124513,2.344000101089477
31.6560001373291,7.836999893188477,2.075999975204468
33.485000610351555,9.175999641418455,1.9420000314712524
32.64099884033203,9.175999641418455,2.009000062942505
32.5,8.371999740600586,3.013999938964844
33.062999725341804,10.91800022125244,3.549999952316284
33.485000610351555,11.520999908447266,3.549999952316284
33.695999145507805,11.520999908447266,4.152999877929688
33.55599975585937,12.123000144958494,4.554999828338623
33.34400177001953,11.92199993133545,4.0859999656677255
32.99300003051758,11.720999717712402,3.818000078201294
33.34400177001953,11.119000434875488,3.3489999771118164
33.90700149536133,11.119000434875488,3.818000078201294
33.20399856567383,9.444000244140623,2.2769999504089355
34.18899917602539,8.706999778747559,3.0810000896453857
35.946998596191406,8.907999992370605,2.4110000133514404
36.36899948120117,10.11400032043457,2.678999900817871
36.0880012512207,10.85099983215332,3.013999938964844
36.0880012512207,9.376999855041504,1.875
36.229000091552734,9.779000282287598,2.344000101089477
38.40900039672852,9.51099967956543,2.009000062942505
39.60499954223633,9.243000030517578,2.812999963760376
40.09799957275391,8.77400016784668,1.9420000314712524
40.52000045776367,9.645000457763672,2.678999900817871
37.84700012207031,9.109000205993652,2.1429998874664307
37.354000091552734,8.572999954223633,1.875
36.018001556396484,10.85099983215332,2.1429998874664307
36.15800094604492,10.984999656677246,2.1429998874664307
36.018001556396484,12.79300022125244,2.746000051498413
36.229000091552734,16.007999420166016,5.692999839782715
36.5099983215332,19.1560001373291,6.2290000915527335
36.72100067138672,16.812000274658207,5.894000053405763
36.58000183105469,17.615999221801758,5.960999965667725
37.70600128173828,16.343000411987305,5.760000228881836
37.70600128173828,18.01799964904785,7.099999904632568
37.63600158691406,18.152000427246094,7.0329999923706055
37.00299835205078,16.208999633789062,4.822999954223633
38.54999923706055,13.463000297546388,4.0859999656677255
38.05799865722656,10.3149995803833,3.41599988937378
37.00299835205078,8.840999603271484,3.1480000019073486
37.00299835205078,10.248000144958496,3.282000064849853
29.82699966430664,8.572999954223633,2.009000062942505
32.852001190185554,8.77400016784668,2.1429998874664307
36.15800094604492,9.51099967956543,1.6080000400543213
35.80699920654297,8.77400016784668,2.075999975204468
37.7760009765625,9.3100004196167,2.1429998874664307
39.53499984741211,8.305999755859375,2.2769999504089355
38.26900100708008,8.975000381469727,2.2769999504089355
34.750999450683594,8.840999603271484,2.1429998874664307
33.766998291015625,9.041999816894531,2.344000101089477
32.852001190185554,11.253000259399414,2.611999988555908
33.132999420166016,11.98900032043457,3.41599988937378
34.32899856567383,12.524999618530272,3.818000078201294
35.3849983215332,13.597000122070312,4.622000217437744
34.540000915527344,14.60200023651123,5.357999801635742
32.71099853515625,13.463000297546388,4.554999828338623
33.90700149536133,12.256999969482422,3.884999990463257
34.68099975585937,12.256999969482422,4.689000129699707
35.66600036621094,11.588000297546388,3.6840000152587886
34.470001220703125,11.92199993133545,3.3489999771118164
35.31399917602539,11.520999908447266,3.6840000152587886
33.83700180053711,8.77400016784668,2.678999900817871
35.87699890136719,7.97100019454956,3.0810000896453857
35.525001525878906,8.305999755859375,2.4110000133514404
36.58000183105469,9.376999855041504,2.344000101089477
37.354000091552734,10.04699993133545,3.1480000019073486
34.61100006103516,8.23900032043457,2.075999975204468
33.83700180053711,8.305999755859375,2.2769999504089355
33.20399856567383,7.903999805450439,2.2100000381469727
34.68099975585937,12.1899995803833,4.689000129699707
36.72100067138672,7.836999893188477,1.5410000085830688
34.750999450683594,7.903999805450439,1.6080000400543213
24.90299987792969,6.429999828338622,0.9380000233650208
32.852001190185554,7.836999893188477,1.3400000333786009
33.132999420166016,8.975000381469727,1.406999945640564
29.968000411987305,8.305999755859375,0.6700000166893005
30.38999938964844,8.104999542236326,0.8040000200271606
31.375,10.11400032043457,2.5450000762939453
31.30400085449219,13.19499969482422,4.019000053405762
32.64099884033203,13.32900047302246,4.287000179290772
33.34400177001953,13.864999771118164,4.3540000915527335
33.34400177001953,11.98900032043457,3.2149999141693115
34.61100006103516,11.854999542236328,3.41599988937378
33.90700149536133,11.854999542236328,2.678999900817871
34.540000915527344,11.119000434875488,2.009000062942505
35.3849983215332,11.98900032043457,2.9470000267028813
34.32899856567383,8.975000381469727,2.344000101089477
31.586000442504893,9.51099967956543,3.013999938964844
31.375,10.11400032043457,3.549999952316284
30.742000579833984,10.3149995803833,3.617000102996826
31.586000442504893,8.640000343322754,2.2769999504089355
31.375,8.907999992370605,2.477999925613404
31.02300071716309,9.3100004196167,2.5450000762939453
25.816999435424805,8.171999931335451,2.2769999504089355
24.90299987792969,7.836999893188477,2.2100000381469727
18.009000778198242,8.505999565124513,2.2100000381469727
22.44099998474121,7.234000205993652,1.3400000333786009
16.882999420166016,6.966000080108643,1.1390000581741333
22.089000701904297,7.166999816894531,1.1390000581741333
24.19899940490723,8.371999740600586,2.9470000267028813
25.746999740600582,9.109000205993652,2.2100000381469727
26.520999908447266,8.907999992370605,2.678999900817871
26.94300079345703,8.505999565124513,2.2100000381469727
27.364999771118164,10.04699993133545,3.0810000896453857
28.35000038146973,10.85099983215332,3.750999927520752
28.06800079345703,8.907999992370605,2.9470000267028813
28.35000038146973,9.51099967956543,2.009000062942505
27.92799949645996,9.57800006866455,2.477999925613404
27.71699905395508,9.645000457763672,2.2100000381469727
29.89699935913086,6.2290000915527335,1.875
30.17900085449219,6.966000080108643,2.746000051498413
31.44499969482422,7.301000118255615,1.6080000400543213
33.20399856567383,8.840999603271484,2.2769999504089355
33.415000915527344,9.243000030517578,2.1429998874664307
32.71099853515625,6.429999828338622,1.2730000019073486
32.852001190185554,6.697999954223633,2.2769999504089355
33.20399856567383,7.769999980926514,2.678999900817871
34.04800033569336,8.104999542236326,2.344000101089477
35.525001525878906,7.099999904632568,2.1429998874664307
34.470001220703125,7.836999893188477,2.2100000381469727
35.59600067138672,7.301000118255615,1.741000056266785
33.625999450683594,6.697999954223633,1.2059999704360962
32.148998260498054,7.836999893188477,1.2059999704360962
32.007999420166016,7.434999942779541,1.2730000019073486
31.72599983215332,8.104999542236326,2.009000062942505
30.881999969482425,7.836999893188477,1.807999968528748
31.30400085449219,10.180999755859377,2.746000051498413
31.233999252319336,10.04699993133545,2.9470000267028813
31.72599983215332,9.779000282287598,3.0810000896453857
31.233999252319336,8.439000129699707,2.2769999504089355
31.867000579833984,9.041999816894531,1.9420000314712524
32.21900177001953,9.3100004196167,2.2100000381469727
31.72599983215332,11.45400047302246,3.2149999141693115
32.28900146484375,7.703000068664551,2.009000062942505
34.25899887084961,7.836999893188477,2.2100000381469727
33.97800064086914,7.769999980926514,2.1429998874664307
34.470001220703125,9.175999641418455,3.0810000896453857
35.24399948120117,9.645000457763672,2.477999925613404
36.29899978637695,7.636000156402588,1.807999968528748
36.72100067138672,8.038000106811522,1.5410000085830688
38.3390007019043,8.371999740600586,2.4110000133514404
40.027000427246094,8.371999740600586,2.344000101089477
37.98699951171875,7.703000068664551,2.1429998874664307
39.11299896240234,8.505999565124513,2.5450000762939453
37.00299835205078,8.305999755859375,1.9420000314712524
35.24399948120117,8.104999542236326,1.6740000247955322
34.18899917602539,9.913000106811523,1.6740000247955322
33.83700180053711,10.248000144958496,0.5360000133514404
33.485000610351555,12.458000183105469,3.6840000152587886
33.485000610351555,14.267000198364258,4.287000179290772
34.61100006103516,14.53499984741211,3.95199990272522
33.90700149536133,15.87399959564209,5.1570000648498535
33.55599975585937,15.13700008392334,4.152999877929688
34.891998291015625,14.468000411987305,4.2199997901916495
34.96200180053711,12.1899995803833,3.282000064849853
34.82199859619141,12.79300022125244,2.746000051498413
34.68099975585937,13.19499969482422,2.9470000267028813
36.58000183105469,13.597000122070312,4.152999877929688
34.400001525878906,9.913000106811523,2.5450000762939453
36.0880012512207,8.104999542236326,1.9420000314712524
36.229000091552734,8.975000381469727,2.880000114440918
36.29899978637695,9.3100004196167,3.0810000896453857
35.946998596191406,7.636000156402588,1.6740000247955322
37.354000091552734,8.23900032043457,2.075999975204468
38.54999923706055,8.706999778747559,2.009000062942505
38.05799865722656,7.903999805450439,2.2769999504089355
35.525001525878906,8.439000129699707,1.741000056266785
35.66600036621094,8.505999565124513,2.075999975204468
33.132999420166016,8.371999740600586,1.9420000314712524
33.625999450683594,8.171999931335451,1.741000056266785
35.24399948120117,10.515999794006348,2.075999975204468
33.55599975585937,11.45400047302246,1.6740000247955322
33.90700149536133,12.458000183105469,3.41599988937378
33.695999145507805,12.055999755859377,3.3489999771118164
33.766998291015625,13.597000122070312,4.0859999656677255
33.625999450683594,13.79800033569336,4.0859999656677255
33.485000610351555,12.72599983215332,4.3540000915527335
33.132999420166016,11.38700008392334,3.2149999141693115
32.92200088500977,12.524999618530272,4.152999877929688
31.6560001373291,12.055999755859377,3.0810000896453857
32.852001190185554,10.784000396728516,2.5450000762939453
32.21900177001953,8.572999954223633,2.075999975204468
31.72599983215332,8.706999778747559,2.5450000762939453
32.64099884033203,9.645000457763672,2.678999900817871
32.148998260498054,9.645000457763672,2.477999925613404
27.506000518798828,9.51099967956543,2.5450000762939453
29.263999938964844,7.703000068664551,1.807999968528748
31.44499969482422,7.903999805450439,1.741000056266785
31.51499938964844,7.501999855041504,1.4739999771118164
32.077999114990234,9.57800006866455,2.746000051498413
32.077999114990234,7.903999805450439,2.075999975204468
33.83700180053711,8.371999740600586,1.875
34.04800033569336,7.836999893188477,1.6740000247955322
33.695999145507805,7.636000156402588,1.5410000085830688
33.485000610351555,9.645000457763672,1.5410000085830688
32.71099853515625,9.57800006866455,1.875
32.64099884033203,8.439000129699707,1.807999968528748
32.43000030517578,10.649999618530272,2.4110000133514404
32.007999420166016,13.529999732971191,4.019000053405762
31.6560001373291,13.32900047302246,3.4830000400543213
31.375,12.256999969482422,2.9470000267028813
31.586000442504893,11.185999870300291,3.2149999141693115
32.43000030517578,11.788000106811523,1.9420000314712524
31.79700088500977,12.256999969482422,2.4110000133514404
33.20399856567383,13.128000259399414,3.41599988937378
34.68099975585937,11.119000434875488,2.880000114440918
34.400001525878906,8.038000106811522,2.1429998874664307
36.93199920654297,8.706999778747559,3.0810000896453857
33.485000610351555,10.381999969482422,2.812999963760376
33.625999450683594,10.180999755859377,2.880000114440918
33.20399856567383,8.038000106811522,1.9420000314712524
33.273998260498054,8.706999778747559,2.2100000381469727
35.525001525878906,9.376999855041504,2.2100000381469727
35.03300094604492,9.376999855041504,2.5450000762939453
35.66600036621094,8.505999565124513,2.075999975204468
33.695999145507805,8.975000381469727,2.1429998874664307
34.400001525878906,9.041999816894531,1.807999968528748
36.79100036621094,8.505999565124513,2.2100000381469727
35.946998596191406,11.98900032043457,2.2769999504089355
35.3849983215332,11.98900032043457,1.875
34.32899856567383,15.270999908447266,4.0859999656677255
35.73600006103516,14.937000274658203,4.0859999656677255
34.891998291015625,15.20400047302246,4.622000217437744
35.31399917602539,16.945999145507812,5.357999801635742
35.31399917602539,15.20400047302246,4.889999866485597
35.87699890136719,13.932000160217283,5.090000152587892
35.525001525878906,13.730999946594238,4.0859999656677255
34.470001220703125,13.529999732971191,3.1480000019073486
34.25899887084961,14.199999809265137,3.884999990463257
37.2140007019043,13.79800033569336,4.2199997901916495
40.94200134277344,13.932000160217283,4.554999828338623
38.76100158691406,12.927000045776367,4.554999828338623
35.24399948120117,10.91800022125244,3.617000102996826
33.062999725341804,11.520999908447266,3.3489999771118164
32.28900146484375,9.376999855041504,2.477999925613404
33.20399856567383,10.04699993133545,2.4110000133514404
33.55599975585937,9.913000106811523,2.4110000133514404
35.31399917602539,8.23900032043457,1.3400000333786009
36.72100067138672,8.23900032043457,2.075999975204468
36.86199951171875,9.376999855041504,2.2100000381469727
34.96200180053711,9.444000244140623,2.880000114440918
37.354000091552734,8.907999992370605,1.6080000400543213
36.58000183105469,12.592000007629396,2.1429998874664307
35.03300094604492,14.53499984741211,3.884999990463257
36.72100067138672,14.199999809265137,3.95199990272522
36.86199951171875,15.06999969482422,5.0229997634887695
36.6510009765625,17.816999435424805,6.162000179290772
36.15800094604492,18.152000427246094,6.296000003814697
36.018001556396484,16.275999069213867,6.09499979019165
35.66600036621094,15.270999908447266,5.290999889373778
35.525001525878906,12.524999618530272,3.6840000152587886
36.86199951171875,13.32900047302246,4.421000003814697
35.03300094604492,12.859999656677244,4.48799991607666
38.62099838256836,12.324000358581545,4.019000053405762
38.198001861572266,10.515999794006348,3.818000078201294
37.2140007019043,11.92199993133545,4.889999866485597
37.354000091552734,11.588000297546388,3.2149999141693115
37.63600158691406,11.588000297546388,3.0810000896453857
37.00299835205078,10.515999794006348,2.611999988555908
37.49499893188477,11.588000297546388,2.1429998874664307
39.18299865722656,11.38700008392334,2.812999963760376
39.67599868774414,11.119000434875488,2.1429998874664307
39.04299926757813,10.11400032043457,3.282000064849853
40.16799926757813,10.515999794006348,2.812999963760376
37.2140007019043,9.845999717712402,2.344000101089477
39.04299926757813,9.845999717712402,2.009000062942505
38.69100189208984,14.267000198364258,2.746000051498413
37.28400039672852,14.668999671936035,1.9420000314712524
36.86199951171875,16.476999282836914,4.152999877929688
37.63600158691406,14.803000450134276,2.9470000267028813
36.6510009765625,14.53499984741211,3.282000064849853
37.84700012207031,13.663999557495115,4.3540000915527335
37.91699981689453,12.859999656677244,3.95199990272522
36.79100036621094,13.32900047302246,4.152999877929688
35.173999786376946,12.659000396728516,4.019000053405762
35.173999786376946,11.720999717712402,3.282000064849853
36.72100067138672,11.31999969482422,3.282000064849853
38.902000427246094,11.92199993133545,4.019000053405762
41.22299957275391,10.11400032043457,3.2149999141693115
40.73099899291992,11.119000434875488,3.549999952316284
39.95700073242188,11.185999870300291,2.678999900817871
37.28400039672852,11.788000106811523,2.880000114440918
36.58000183105469,11.854999542236328,3.013999938964844
38.83200073242188,12.72599983215332,3.013999938964844
40.027000427246094,12.458000183105469,2.4110000133514404
41.012001037597656,12.123000144958494,2.2100000381469727
41.22299957275391,11.119000434875488,2.746000051498413
40.37900161743164,11.31999969482422,3.2149999141693115
38.83200073242188,11.253000259399414,2.880000114440918
39.11299896240234,11.253000259399414,2.344000101089477
38.83200073242188,13.597000122070312,2.477999925613404
38.40900039672852,16.075000762939453,3.4830000400543213
38.26900100708008,16.40999984741211,3.884999990463257
38.198001861572266,16.208999633789062,3.95199990272522
38.26900100708008,17.079999923706055,5.559000015258789
38.40900039672852,18.2189998626709,4.889999866485597
37.63600158691406,18.6200008392334,5.357999801635742
37.84700012207031,17.75,5.357999801635742
37.63600158691406,15.06999969482422,4.956999778747559
37.70600128173828,16.142000198364258,4.75600004196167
38.3390007019043,15.13700008392334,4.3540000915527335
40.73099899291992,15.538999557495115,4.956999778747559
42.41899871826172,11.119000434875488,3.750999927520752
42.63000106811523,11.720999717712402,4.0859999656677255
40.52000045776367,12.256999969482422,3.41599988937378
39.95700073242188,12.927000045776367,3.41599988937378
38.12799835205078,12.79300022125244,2.477999925613404
39.95700073242188,14.199999809265137,3.750999927520752
41.57500076293945,13.19499969482422,2.678999900817871
44.178001403808594,12.524999618530272,3.617000102996826
44.45899963378906,12.256999969482422,3.282000064849853
45.44400024414063,12.1899995803833,3.2149999141693115
45.09199905395508,11.788000106811523,2.812999963760376
41.99700164794922,13.19499969482422,3.41599988937378
40.52000045776367,16.945999145507812,3.884999990463257
40.37900161743164,17.214000701904293,3.3489999771118164
39.74599838256836,18.2189998626709,5.1570000648498535
40.09799957275391,17.951000213623047,5.0229997634887695
39.95700073242188,16.745000839233402,4.554999828338623
40.73099899291992,16.275999069213867,4.152999877929688
40.37900161743164,16.142000198364258,5.090000152587892
39.74599838256836,15.13700008392334,4.0859999656677255
38.76100158691406,13.19499969482422,2.9470000267028813
39.11299896240234,12.659000396728516,3.282000064849853
39.60499954223633,12.592000007629396,3.0810000896453857
41.15299987792969,5.0229997634887695,1.741000056266785
43.26300048828125,3.2149999141693115,1.3400000333786009
42.84099960327149,3.549999952316284,1.4739999771118164
42.13800048828125,4.019000053405762,1.2730000019073486
39.887001037597656,5.960999965667725,-0.4020000100135803
40.87200164794922,13.932000160217283,1.6740000247955322
41.64500045776367,14.736000061035154,0.7369999885559082
41.64500045776367,13.663999557495115,0.06700000166893
43.89699935913086,13.864999771118164,0.1340000033378601
43.6150016784668,12.859999656677244,0.2680000066757202
45.65499877929688,12.458000183105469,0.1340000033378601
43.685001373291016,12.123000144958494,0.0
41.36399841308594,13.26200008392334,0.3350000083446503
40.59000015258789,17.615999221801758,1.1390000581741333
40.6609992980957,17.75,0.8040000200271606
39.25400161743164,17.347999572753903,1.4739999771118164
40.30899810791016,16.075000762939453,1.5410000085830688
39.53499984741211,17.884000778198242,2.2769999504089355
39.04299926757813,18.41900062561035,2.611999988555908
39.25400161743164,15.87399959564209,1.741000056266785
38.40900039672852,16.007999420166016,1.807999968528748
39.11299896240234,12.927000045776367,0.8040000200271606
37.28400039672852,12.927000045776367,0.9380000233650208
38.26900100708008,12.994000434875488,1.2730000019073486
40.52000045776367,13.79800033569336,1.6080000400543213
40.94200134277344,11.052000045776367,0.6029999852180481
39.11299896240234,11.654999732971191,0.6700000166893005
39.95700073242188,13.32900047302246,0.8709999918937683
38.902000427246094,14.333999633789062,0.9380000233650208
39.32400131225586,14.937000274658203,0.6700000166893005
40.027000427246094,15.739999771118164,0.7369999885559082
40.73099899291992,15.404999732971191,0.5360000133514404
42.4900016784668,13.597000122070312,0.6700000166893005
44.74100112915039,13.32900047302246,0.6029999852180481
45.02199935913086,13.128000259399414,1.4739999771118164
42.84099960327149,12.79300022125244,1.0720000267028809
41.7859992980957,13.932000160217283,1.2730000019073486
41.29399871826172,18.753999710083008,2.611999988555908
41.22299957275391,16.812000274658207,1.4739999771118164
40.87200164794922,17.482000350952152,3.0810000896453857
40.52000045776367,17.415000915527347,3.282000064849853
39.67599868774414,16.67799949645996,2.5450000762939453
38.40900039672852,14.401000022888184,2.678999900817871
38.62099838256836,14.468000411987305,1.807999968528748
37.91699981689453,14.267000198364258,2.2100000381469727
40.30899810791016,14.065999984741213,2.075999975204468
39.81600189208984,12.659000396728516,2.2769999504089355
37.70600128173828,13.19499969482422,1.807999968528748
40.09799957275391,11.654999732971191,1.4739999771118164
42.20800018310547,12.123000144958494,1.741000056266785
40.027000427246094,12.659000396728516,1.807999968528748
39.46500015258789,14.937000274658203,2.075999975204468
38.69100189208984,15.472000122070312,1.5410000085830688
38.198001861572266,16.275999069213867,2.009000062942505
38.76100158691406,16.611000061035153,1.9420000314712524
39.25400161743164,16.075000762939453,1.9420000314712524
41.36399841308594,15.13700008392334,1.875
42.98199844360352,12.994000434875488,1.406999945640564
44.66999816894531,12.859999656677244,1.1390000581741333
41.57500076293945,12.72599983215332,0.9380000233650208
39.81600189208984,14.133000373840332,1.2059999704360962
40.027000427246094,19.1560001373291,2.344000101089477
39.74599838256836,18.285999298095703,1.6080000400543213
40.37900161743164,19.423999786376957,2.2769999504089355
39.60499954223633,19.290000915527344,3.6840000152587886
39.32400131225586,21.43400001525879,3.818000078201294
40.30899810791016,19.558000564575195,3.95199990272522
40.73099899291992,18.95499992370605,3.6840000152587886
41.71599960327149,16.812000274658207,2.477999925613404
39.39400100708008,17.281000137329098,2.812999963760376
38.62099838256836,17.079999923706055,3.41599988937378
39.11299896240234,14.668999671936035,1.6740000247955322
41.43399810791016,14.937000274658203,2.5450000762939453
41.92699813842773,11.119000434875488,1.5410000085830688
38.198001861572266,12.390999794006348,1.6080000400543213
38.05799865722656,14.267000198364258,2.2769999504089355
38.3390007019043,14.267000198364258,1.875
38.76100158691406,15.605999946594238,0.8040000200271606
40.37900161743164,16.208999633789062,2.075999975204468
39.95700073242188,16.075000762939453,1.807999968528748
43.12300109863281,15.404999732971191,1.6740000247955322
44.59999847412109,13.99899959564209,1.4739999771118164
44.95199966430664,13.529999732971191,1.406999945640564
43.33399963378906,12.994000434875488,1.3400000333786009
41.92699813842773,13.864999771118164,2.746000051498413
40.73099899291992,18.95499992370605,3.41599988937378
39.95700073242188,18.41900062561035,2.611999988555908
39.32400131225586,17.482000350952152,3.818000078201294
38.83200073242188,17.415000915527347,3.41599988937378
39.67599868774414,17.214000701904293,4.152999877929688
38.40900039672852,15.003999710083008,3.1480000019073486
40.59000015258789,15.338000297546388,3.617000102996826
38.62099838256836,13.597000122070312,3.0810000896453857
38.12799835205078,12.927000045776367,2.9470000267028813
38.40900039672852,13.79800033569336,2.344000101089477
38.76100158691406,11.31999969482422,2.611999988555908
41.15299987792969,12.79300022125244,3.2149999141693115
42.77099990844727,11.31999969482422,2.812999963760376
41.08300018310547,13.128000259399414,3.41599988937378
41.64500045776367,14.53499984741211,2.9470000267028813
41.08300018310547,13.529999732971191,2.9470000267028813
40.027000427246094,15.807000160217283,2.880000114440918
40.87200164794922,16.878999710083008,2.477999925613404
43.685001373291016,15.605999946594238,2.5450000762939453
46.00699996948242,15.20400047302246,2.477999925613404
44.59999847412109,14.60200023651123,3.1480000019073486
44.108001708984375,13.99899959564209,3.0810000896453857
40.16799926757813,13.060999870300291,2.2100000381469727
37.84700012207031,13.99899959564209,2.4110000133514404
39.74599838256836,19.1560001373291,1.6740000247955322
39.32400131225586,19.089000701904297,1.1390000581741333
39.887001037597656,20.295000076293945,2.9470000267028813
40.45000076293945,19.35700035095215,2.812999963760376
40.87200164794922,21.56800079345703,3.6840000152587886
41.012001037597656,21.03199958801269,3.6840000152587886
40.52000045776367,19.558000564575195,2.5450000762939453
40.59000015258789,19.02199935913086,2.075999975204468
39.18299865722656,17.615999221801758,3.013999938964844
39.60499954223633,17.01300048828125,2.5450000762939453
39.18299865722656,16.40999984741211,2.344000101089477
41.36399841308594,16.476999282836914,4.421000003814697
44.31900024414063,14.60200023651123,4.0859999656677255
44.38899993896485,13.26200008392334,2.746000051498413
43.82600021362305,15.338000297546388,3.617000102996826
45.23300170898438,16.343000411987305,3.549999952316284
44.0369987487793,17.281000137329098,3.282000064849853
43.685001373291016,17.75,2.746000051498413
44.52999877929688,17.214000701904293,3.549999952316284
44.88100051879883,16.476999282836914,2.678999900817871
44.38899993896485,15.003999710083008,2.880000114440918
43.12300109863281,14.401000022888184,2.344000101089477
40.80099868774414,13.864999771118164,2.2100000381469727
37.91699981689453,11.119000434875488,2.009000062942505
35.59600067138672,17.347999572753903,1.0720000267028809
39.32400131225586,17.548999786376953,0.2010000050067901
38.198001861572266,19.290000915527344,3.282000064849853
37.91699981689453,20.96500015258789,3.6840000152587886
38.26900100708008,21.367000579833984,3.617000102996826
38.26900100708008,21.367000579833984,3.617000102996826
38.26900100708008,21.367000579833984,3.617000102996826
38.26900100708008,21.367000579833984,3.617000102996826
38.26900100708008,21.367000579833984,3.617000102996826
38.26900100708008,21.367000579833984,3.617000102996826
38.26900100708008,21.367000579833984,3.617000102996826
38.26900100708008,21.367000579833984,3.617000102996826
38.26900100708008,21.367000579833984,3.617000102996826
38.26900100708008,21.367000579833984,3.617000102996826
38.26900100708008,21.367000579833984,3.617000102996826
38.26900100708008,21.367000579833984,3.617000102996826
38.26900100708008,21.367000579833984,3.617000102996826
38.26900100708008,21.367000579833984,3.617000102996826
38.26900100708008,21.367000579833984,3.617000102996826
38.26900100708008,21.367000579833984,3.617000102996826
38.26900100708008,21.367000579833984,3.617000102996826
38.26900100708008,21.367000579833984,3.617000102996826
38.26900100708008,21.367000579833984,3.617000102996826
38.26900100708008,21.367000579833984,3.617000102996826
38.26900100708008,21.367000579833984,3.617000102996826
38.26900100708008,21.367000579833984,3.617000102996826
38.26900100708008,21.367000579833984,3.617000102996826
38.26900100708008,21.367000579833984,3.617000102996826
36.229000091552734,20.496000289916992,3.818000078201294
35.80699920654297,19.691999435424805,3.95199990272522
35.80699920654297,18.084999084472656,2.5450000762939453
35.66600036621094,18.2189998626709,2.812999963760376
34.18899917602539,15.807000160217283,1.5410000085830688
33.83700180053711,16.075000762939453,2.477999925613404
33.83700180053711,18.01799964904785,3.2149999141693115
34.750999450683594,15.940999984741213,5.1570000648498535
35.45500183105469,14.53499984741211,3.750999927520752
34.61100006103516,11.98900032043457,2.1429998874664307
34.750999450683594,13.128000259399414,2.812999963760376
35.173999786376946,13.395999908447266,2.746000051498413
34.82199859619141,14.736000061035154,2.344000101089477
36.29899978637695,15.605999946594238,2.812999963760376
36.93199920654297,15.06999969482422,3.2149999141693115
38.12799835205078,13.730999946594238,2.1429998874664307
40.027000427246094,12.72599983215332,2.2769999504089355
39.11299896240234,12.659000396728516,2.4110000133514404
38.40900039672852,10.717000007629396,1.4739999771118164
37.56499862670898,11.98900032043457,1.6740000247955322
37.14300155639648,18.01799964904785,1.2730000019073486
35.31399917602539,19.290000915527344,1.5410000085830688
35.525001525878906,18.55299949645996,1.6740000247955322
36.15800094604492,19.959999084472656,3.884999990463257
35.66600036621094,22.304000854492188,3.2149999141693115
35.45500183105469,20.83099937438965,3.6840000152587886
35.946998596191406,21.299999237060547,3.884999990463257
36.0880012512207,19.290000915527344,4.956999778747559
35.59600067138672,19.089000701904297,5.0229997634887695
34.96200180053711,18.41900062561035,5.1570000648498535
34.18899917602539,16.611000061035153,4.3540000915527335
34.891998291015625,16.075000762939453,4.554999828338623
36.0880012512207,13.26200008392334,4.2199997901916495
36.5099983215332,12.659000396728516,2.4110000133514404
37.2140007019043,13.463000297546388,3.2149999141693115
38.97200012207031,14.267000198364258,2.4110000133514404
38.902000427246094,14.803000450134276,2.4110000133514404
39.53499984741211,14.468000411987305,2.2100000381469727
38.97200012207031,12.055999755859377,1.4739999771118164
36.6510009765625,11.185999870300291,2.5450000762939453
36.43999862670898,10.449000358581545,1.875
32.71099853515625,10.984999656677246,2.2100000381469727
33.55599975585937,8.640000343322754,1.5410000085830688
34.82199859619141,9.51099967956543,0.8040000200271606
35.3849983215332,12.994000434875488,1.5410000085830688
32.71099853515625,11.588000297546388,0.7369999885559082
34.750999450683594,12.659000396728516,2.009000062942505
33.34400177001953,15.003999710083008,3.013999938964844
31.093000411987305,14.668999671936035,3.549999952316284
31.30400085449219,13.79800033569336,3.1480000019073486
33.55599975585937,9.57800006866455,1.2059999704360962
32.360000610351555,9.376999855041504,0.9380000233650208
31.02300071716309,9.57800006866455,1.3400000333786009
32.5,8.371999740600586,0.2680000066757202
32.64099884033203,9.913000106811523,0.6700000166893005
31.79700088500977,9.779000282287598,1.807999968528748
30.38999938964844,6.63100004196167,0.5360000133514404
30.459999084472656,6.966000080108643,1.2059999704360962
28.49099922180176,4.622000217437744,-0.4020000100135803
28.982999801635746,3.013999938964844,1.0049999952316284
30.881999969482425,2.2769999504089355,1.0049999952316284
32.5,2.4110000133514404,0.9380000233650208
31.9379997253418,2.5450000762939453,0.9380000233650208
31.9379997253418,2.2769999504089355,0.9380000233650208
32.570999145507805,5.357999801635742,2.344000101089477
34.32899856567383,8.640000343322754,3.750999927520752
33.062999725341804,8.439000129699707,4.287000179290772
33.132999420166016,8.171999931335451,3.3489999771118164
32.360000610351555,10.649999618530272,3.95199990272522
30.5310001373291,9.243000030517578,3.1480000019073486
31.44499969482422,8.706999778747559,4.0859999656677255
31.44499969482422,8.572999954223633,4.956999778747559
31.867000579833984,9.444000244140623,4.622000217437744
32.28900146484375,9.041999816894531,4.689000129699707
32.077999114990234,8.439000129699707,3.750999927520752
32.360000610351555,8.23900032043457,4.3540000915527335
32.077999114990234,7.903999805450439,3.95199990272522
30.952999114990234,8.305999755859375,4.019000053405762
31.9379997253418,8.77400016784668,4.287000179290772
32.148998260498054,8.640000343322754,4.689000129699707
32.077999114990234,8.706999778747559,4.822999954223633
34.18899917602539,9.109000205993652,4.2199997901916495
35.73600006103516,10.85099983215332,4.622000217437744
35.03300094604492,8.907999992370605,4.2199997901916495
33.83700180053711,8.23900032043457,3.4830000400543213
30.67099952697754,8.104999542236326,3.750999927520752
31.233999252319336,7.434999942779541,3.282000064849853
32.570999145507805,8.104999542236326,3.95199990272522
34.750999450683594,7.636000156402588,3.95199990272522
35.59600067138672,8.305999755859375,3.95199990272522
36.29899978637695,8.23900032043457,3.884999990463257
35.59600067138672,8.104999542236326,3.6840000152587886
33.062999725341804,10.91800022125244,3.6840000152587886
32.64099884033203,9.979999542236328,3.95199990272522
33.273998260498054,10.784000396728516,4.0859999656677255
32.43000030517578,12.524999618530272,6.09499979019165
32.852001190185554,13.79800033569336,6.027999877929688
33.695999145507805,11.654999732971191,5.492000102996826
33.132999420166016,13.864999771118164,6.09499979019165
33.766998291015625,11.45400047302246,5.625999927520752
34.18899917602539,13.395999908447266,6.027999877929688
33.485000610351555,12.123000144958494,5.625999927520752
33.695999145507805,14.267000198364258,6.027999877929688
35.87699890136719,13.463000297546388,6.966000080108643
35.66600036621094,10.85099983215332,5.894000053405763
34.11800003051758,9.979999542236328,5.1570000648498535
34.04800033569336,11.119000434875488,4.75600004196167
35.24399948120117,10.984999656677246,5.223999977111816
35.59600067138672,8.23900032043457,3.818000078201294
34.11800003051758,9.041999816894531,4.48799991607666
33.55599975585937,8.907999992370605,4.554999828338623
35.3849983215332,9.041999816894531,3.818000078201294
35.80699920654297,8.439000129699707,4.019000053405762
34.540000915527344,9.243000030517578,4.0859999656677255
34.18899917602539,8.23900032043457,3.750999927520752
34.32899856567383,8.038000106811522,3.41599988937378
33.20399856567383,10.515999794006348,3.549999952316284
33.273998260498054,9.376999855041504,3.617000102996826
32.64099884033203,11.253000259399414,5.1570000648498535
33.20399856567383,12.524999618530272,5.559000015258789
32.852001190185554,14.60200023651123,5.760000228881836
32.99300003051758,13.463000297546388,6.36299991607666
32.360000610351555,13.395999908447266,5.960999965667725
33.83700180053711,13.060999870300291,5.894000053405763
33.90700149536133,13.128000259399414,6.296000003814697
33.625999450683594,13.932000160217283,6.296000003814697
33.485000610351555,13.79800033569336,6.2290000915527335
34.18899917602539,12.524999618530272,6.027999877929688
37.7760009765625,9.243000030517578,5.492000102996826
38.3390007019043,9.711999893188477,5.357999801635742
38.62099838256836,11.38700008392334,4.75600004196167
39.32400131225586,11.588000297546388,4.822999954223633
37.63600158691406,10.04699993133545,4.48799991607666
39.53499984741211,10.11400032043457,4.622000217437744
40.23799896240234,9.913000106811523,4.0859999656677255
38.54999923706055,9.645000457763672,4.554999828338623
38.902000427246094,9.779000282287598,4.689000129699707
38.47999954223633,10.04699993133545,4.554999828338623
37.63600158691406,9.645000457763672,4.421000003814697
36.86199951171875,9.913000106811523,3.884999990463257
35.03300094604492,13.864999771118164,4.554999828338623
34.61100006103516,12.324000358581545,4.287000179290772
34.18899917602539,12.256999969482422,4.956999778747559
33.83700180053711,12.055999755859377,5.357999801635742
33.695999145507805,11.98900032043457,5.559000015258789
34.470001220703125,11.38700008392334,5.357999801635742
34.18899917602539,10.85099983215332,5.492000102996826
34.470001220703125,9.243000030517578,5.090000152587892
33.132999420166016,9.645000457763672,4.889999866485597
33.415000915527344,9.175999641418455,4.287000179290772
32.99300003051758,10.449000358581545,5.223999977111816
33.132999420166016,10.984999656677246,5.625999927520752
34.04800033569336,8.305999755859375,5.357999801635742
35.24399948120117,9.913000106811523,4.75600004196167
34.04800033569336,11.052000045776367,5.0229997634887695
34.25899887084961,11.45400047302246,5.492000102996826
35.31399917602539,11.052000045776367,4.152999877929688
34.82199859619141,11.98900032043457,5.0229997634887695
35.87699890136719,11.720999717712402,5.090000152587892
36.5099983215332,11.92199993133545,5.492000102996826
36.86199951171875,10.649999618530272,4.75600004196167
37.2140007019043,10.91800022125244,4.622000217437744
36.36899948120117,9.979999542236328,4.48799991607666
36.72100067138672,10.784000396728516,4.0859999656677255
34.18899917602539,15.404999732971191,5.223999977111816
34.891998291015625,14.267000198364258,5.090000152587892
34.18899917602539,13.19499969482422,5.692999839782715
34.11800003051758,14.869999885559082,6.2290000915527335
33.55599975585937,15.472000122070312,4.822999954223633
33.695999145507805,14.401000022888184,6.63100004196167
33.485000610351555,12.659000396728516,6.162000179290772
33.273998260498054,12.592000007629396,5.960999965667725
33.132999420166016,12.72599983215332,6.2290000915527335
32.64099884033203,13.395999908447266,5.559000015258789
31.9379997253418,13.26200008392334,5.894000053405763
33.415000915527344,11.654999732971191,5.827000141143799
33.20399856567383,10.248000144958496,5.223999977111816
32.99300003051758,9.645000457763672,4.622000217437744
34.04800033569336,11.92199993133545,5.625999927520752
34.540000915527344,12.123000144958494,5.559000015258789
33.766998291015625,11.45400047302246,4.554999828338623
33.97800064086914,12.1899995803833,4.3540000915527335
35.31399917602539,11.788000106811523,5.492000102996826
35.80699920654297,12.055999755859377,5.625999927520752
38.198001861572266,11.31999969482422,5.492000102996826
36.43999862670898,11.185999870300291,5.357999801635742
36.86199951171875,10.3149995803833,4.75600004196167
36.5099983215332,11.45400047302246,4.622000217437744
35.59600067138672,16.67799949645996,3.95199990272522
35.10300064086914,17.01300048828125,5.625999927520752
34.891998291015625,18.2189998626709,5.559000015258789
34.25899887084961,17.816999435424805,5.090000152587892
33.132999420166016,20.6299991607666,6.296000003814697
33.83700180053711,19.558000564575195,5.760000228881836
33.55599975585937,19.222999572753903,5.827000141143799
33.415000915527344,17.951000213623047,8.23900032043457
32.71099853515625,17.816999435424805,7.434999942779541
32.21900177001953,18.01799964904785,8.038000106811522
33.062999725341804,18.88800048828125,6.36299991607666
34.540000915527344,18.2189998626709,6.429999828338622
33.34400177001953,13.463000297546388,5.223999977111816
34.04800033569336,11.38700008392334,5.223999977111816
33.485000610351555,12.524999618530272,6.027999877929688
33.34400177001953,11.92199993133545,5.827000141143799
33.132999420166016,12.123000144958494,5.223999977111816
34.18899917602539,12.927000045776367,4.956999778747559
35.59600067138672,12.123000144958494,5.559000015258789
35.59600067138672,11.45400047302246,5.559000015258789
36.58000183105469,11.253000259399414,5.357999801635742
35.80699920654297,10.91800022125244,5.1570000648498535
36.229000091552734,10.11400032043457,4.554999828338623
34.891998291015625,10.3149995803833,4.3540000915527335
31.51499938964844,14.065999984741213,4.554999828338623
32.148998260498054,14.133000373840332,5.0229997634887695
32.077999114990234,15.87399959564209,6.09499979019165
32.148998260498054,15.338000297546388,6.09499979019165
31.233999252319336,17.884000778198242,7.703000068664551
31.375,16.544000625610348,6.497000217437744
31.44499969482422,16.40999984741211,6.564000129699707
31.30400085449219,14.803000450134276,7.0329999923706055
30.31999969482422,14.668999671936035,6.831999778747559
31.375,14.937000274658203,6.429999828338622
30.952999114990234,16.945999145507812,6.497000217437744
31.02300071716309,15.538999557495115,7.636000156402588
32.5,14.199999809265137,7.099999904632568
32.360000610351555,11.654999732971191,3.6840000152587886
32.92200088500977,11.720999717712402,5.0229997634887695
33.34400177001953,12.659000396728516,5.223999977111816
33.34400177001953,11.720999717712402,4.554999828338623
33.83700180053711,13.395999908447266,5.357999801635742
34.750999450683594,13.060999870300291,5.692999839782715
35.59600067138672,12.256999969482422,4.956999778747559
35.10300064086914,11.92199993133545,5.625999927520752
33.55599975585937,11.588000297546388,5.492000102996826
32.43000030517578,10.784000396728516,4.889999866485597
31.72599983215332,11.854999542236328,4.48799991607666
31.16399955749512,17.01300048828125,3.818000078201294
30.38999938964844,15.807000160217283,4.287000179290772
30.108999252319336,15.338000297546388,4.3540000915527335
29.68600082397461,15.20400047302246,4.956999778747559
29.334999084472656,16.544000625610348,7.234000205993652
29.40500068664551,14.668999671936035,6.36299991607666
29.61599922180176,14.869999885559082,6.564000129699707
29.12400054931641,14.937000274658203,6.966000080108643
28.77199935913086,14.468000411987305,7.301000118255615
28.49099922180176,13.060999870300291,6.63100004196167
28.35000038146973,14.60200023651123,5.960999965667725
29.334999084472656,10.04699993133545,5.357999801635742
29.47500038146973,11.253000259399414,6.2290000915527335
30.17900085449219,11.38700008392334,5.1570000648498535
31.375,12.72599983215332,5.960999965667725
31.44499969482422,13.864999771118164,4.019000053405762
31.375,13.730999946594238,4.956999778747559
32.148998260498054,14.736000061035154,5.692999839782715
32.99300003051758,14.53499984741211,6.09499979019165
34.400001525878906,13.26200008392334,5.425000190734863
35.3849983215332,12.458000183105469,5.492000102996826
35.31399917602539,11.45400047302246,5.0229997634887695
33.485000610351555,6.63100004196167,2.2100000381469727
32.077999114990234,10.248000144958496,3.617000102996826
30.742000579833984,17.482000350952152,4.0859999656677255
30.24900054931641,17.14699935913086,4.48799991607666
30.60099983215332,17.951000213623047,5.625999927520752
30.17900085449219,17.482000350952152,6.162000179290772
30.5310001373291,18.152000427246094,5.357999801635742
30.038000106811523,16.945999145507812,6.027999877929688
29.61599922180176,16.611000061035153,5.760000228881836
28.982999801635746,15.404999732971191,6.831999778747559
28.77199935913086,14.736000061035154,7.099999904632568
28.27899932861328,13.663999557495115,5.960999965667725
27.85700035095215,12.994000434875488,5.894000053405763
29.82699966430664,13.060999870300291,6.2290000915527335
29.89699935913086,12.927000045776367,6.697999954223633
30.5310001373291,11.720999717712402,5.692999839782715
30.5310001373291,13.597000122070312,6.027999877929688
31.02300071716309,13.663999557495115,6.296000003814697
31.02300071716309,13.529999732971191,5.357999801635742
31.79700088500977,14.60200023651123,5.559000015258789
33.83700180053711,14.199999809265137,5.625999927520752
33.415000915527344,13.99899959564209,4.956999778747559
35.3849983215332,12.659000396728516,4.889999866485597
34.400001525878906,12.859999656677244,5.090000152587892
33.766998291015625,11.720999717712402,5.090000152587892
31.9379997253418,12.390999794006348,4.889999866485597
31.586000442504893,18.01799964904785,4.0859999656677255
31.375,17.816999435424805,3.549999952316284
31.51499938964844,21.43400001525879,6.966000080108643
31.233999252319336,19.89299964904785,5.827000141143799
31.51499938964844,20.96500015258789,5.960999965667725
30.742000579833984,20.763999938964844,6.564000129699707
30.742000579833984,18.2189998626709,4.689000129699707
30.60099983215332,18.6200008392334,6.09499979019165
29.968000411987305,18.88800048828125,5.492000102996826
29.54599952697754,16.40999984741211,5.0229997634887695
29.194000244140625,15.472000122070312,4.152999877929688
30.67099952697754,15.404999732971191,5.559000015258789
30.812000274658203,14.199999809265137,5.223999977111816
31.233999252319336,12.1899995803833,4.0859999656677255
32.64099884033203,13.864999771118164,6.2290000915527335
32.43000030517578,14.736000061035154,6.2290000915527335
32.28900146484375,14.736000061035154,5.827000141143799
33.34400177001953,15.13700008392334,5.894000053405763
34.891998291015625,15.270999908447266,6.162000179290772
35.80699920654297,14.937000274658203,5.492000102996826
36.6510009765625,13.19499969482422,5.290999889373778
36.79100036621094,13.060999870300291,5.357999801635742
35.45500183105469,12.79300022125244,5.090000152587892
33.766998291015625,13.864999771118164,5.692999839782715
33.062999725341804,19.89299964904785,6.966000080108643
32.64099884033203,18.95499992370605,7.434999942779541
32.5,19.35700035095215,5.223999977111816
32.28900146484375,18.084999084472656,4.2199997901916495
31.9379997253418,18.01799964904785,5.827000141143799
31.72599983215332,19.1560001373291,5.960999965667725
30.881999969482425,17.548999786376953,5.827000141143799
30.38999938964844,16.007999420166016,7.434999942779541
30.17900085449219,14.937000274658203,6.36299991607666
29.61599922180176,14.065999984741213,5.559000015258789
28.913000106811523,13.730999946594238,6.162000179290772
30.67099952697754,13.99899959564209,7.099999904632568
30.952999114990234,10.649999618530272,6.497000217437744
31.16399955749512,11.98900032043457,6.2290000915527335
32.007999420166016,13.730999946594238,4.48799991607666
32.570999145507805,14.468000411987305,4.152999877929688
32.43000030517578,14.869999885559082,4.019000053405762
33.34400177001953,16.476999282836914,4.152999877929688
34.750999450683594,16.075000762939453,4.554999828338623
35.87699890136719,15.270999908447266,4.48799991607666
37.00299835205078,14.065999984741213,5.357999801635742
36.36899948120117,13.597000122070312,5.894000053405763
35.45500183105469,12.524999618530272,5.090000152587892
33.062999725341804,13.663999557495115,5.492000102996826
32.64099884033203,19.089000701904297,4.75600004196167
32.78200149536133,18.35300064086914,4.0859999656677255
32.21900177001953,17.281000137329098,5.0229997634887695
31.867000579833984,16.40999984741211,4.622000217437744
31.867000579833984,19.558000564575195,6.162000179290772
31.16399955749512,17.548999786376953,5.894000053405763
31.02300071716309,16.611000061035153,6.966000080108643
30.38999938964844,15.67300033569336,7.099999904632568
30.038000106811523,14.803000450134276,6.296000003814697
29.82699966430664,16.075000762939453,6.966000080108643
29.194000244140625,15.940999984741213,7.166999816894531
30.742000579833984,15.13700008392334,7.769999980926514
30.812000274658203,11.253000259399414,6.564000129699707
31.375,11.92199993133545,6.697999954223633
32.64099884033203,14.267000198364258,6.764999866485598
32.570999145507805,14.668999671936035,6.564000129699707
32.43000030517578,15.13700008392334,5.625999927520752
33.34400177001953,16.275999069213867,4.48799991607666
35.3849983215332,16.275999069213867,4.019000053405762
35.87699890136719,15.404999732971191,4.0859999656677255
36.15800094604492,14.133000373840332,4.48799991607666
36.93199920654297,13.597000122070312,5.894000053405763
34.96200180053711,12.72599983215332,5.425000190734863
33.132999420166016,14.333999633789062,5.625999927520752
31.867000579833984,19.290000915527344,4.48799991607666
31.867000579833984,18.88800048828125,4.152999877929688
32.43000030517578,20.22800064086914,6.09499979019165
32.5,18.95499992370605,5.827000141143799
31.72599983215332,20.0939998626709,5.1570000648498535
31.16399955749512,17.347999572753903,5.425000190734863
31.093000411987305,17.281000137329098,6.697999954223633
30.67099952697754,15.404999732971191,4.75600004196167
30.67099952697754,16.40999984741211,5.1570000648498535
29.89699935913086,14.333999633789062,5.625999927520752
29.82699966430664,11.38700008392334,5.492000102996826
30.459999084472656,10.449000358581545,4.956999778747559
30.881999969482425,8.77400016784668,4.3540000915527335
30.881999969482425,10.3149995803833,4.889999866485597
31.72599983215332,12.055999755859377,4.822999954223633
31.867000579833984,12.994000434875488,5.625999927520752
32.360000610351555,13.060999870300291,5.357999801635742
33.34400177001953,14.668999671936035,5.223999977111816
35.03300094604492,13.597000122070312,4.889999866485597
35.45500183105469,13.128000259399414,5.1570000648498535
36.36899948120117,11.854999542236328,4.287000179290772
36.36899948120117,11.253000259399414,3.818000078201294
34.540000915527344,10.91800022125244,3.750999927520752
33.062999725341804,11.92199993133545,3.884999990463257
31.867000579833984,16.40999984741211,5.357999801635742
32.28900146484375,18.35300064086914,4.019000053405762
31.375,18.82099914550781,5.559000015258789
31.16399955749512,18.35300064086914,5.425000190734863
30.5310001373291,18.01799964904785,5.827000141143799
29.89699935913086,18.152000427246094,5.357999801635742
29.47500038146973,17.079999923706055,4.689000129699707
29.12400054931641,14.065999984741213,6.296000003814697
28.420000076293945,14.199999809265137,5.960999965667725
28.56100082397461,12.324000358581545,4.554999828338623
28.35000038146973,12.927000045776367,5.1570000648498535
29.40500068664551,10.11400032043457,4.689000129699707
29.968000411987305,10.180999755859377,5.827000141143799
30.31999969482422,12.055999755859377,5.960999965667725
31.16399955749512,14.065999984741213,6.564000129699707
31.233999252319336,14.401000022888184,6.429999828338622
32.5,15.003999710083008,5.960999965667725
32.64099884033203,16.544000625610348,5.894000053405763
34.25899887084961,16.007999420166016,6.697999954223633
34.400001525878906,15.20400047302246,6.2290000915527335
35.525001525878906,13.730999946594238,5.492000102996826
35.73600006103516,13.32900047302246,5.1570000648498535
34.540000915527344,12.592000007629396,5.090000152587892
32.99300003051758,13.529999732971191,4.689000129699707
32.78200149536133,18.6200008392334,5.692999839782715
32.21900177001953,17.951000213623047,5.827000141143799
31.375,17.615999221801758,6.63100004196167
31.16399955749512,17.884000778198242,5.960999965667725
30.5310001373291,20.89800071716309,6.966000080108643
30.17900085449219,19.089000701904297,8.171999931335451
30.17900085449219,16.476999282836914,6.764999866485598
29.756999969482425,16.544000625610348,7.099999904632568
29.334999084472656,14.668999671936035,6.162000179290772
28.913000106811523,16.075000762939453,6.966000080108643
28.420000076293945,15.20400047302246,7.234000205993652
29.756999969482425,14.468000411987305,7.0329999923706055
30.38999938964844,11.38700008392334,6.09499979019165
30.60099983215332,12.592000007629396,6.63100004196167
31.9379997253418,14.065999984741213,5.827000141143799
33.062999725341804,14.668999671936035,5.894000053405763
33.485000610351555,15.404999732971191,6.027999877929688
34.470001220703125,16.208999633789062,5.894000053405763
36.0880012512207,15.538999557495115,5.760000228881836
36.58000183105469,15.538999557495115,6.564000129699707
38.40900039672852,14.199999809265137,5.559000015258789
37.91699981689453,14.267000198364258,5.625999927520752
35.59600067138672,13.128000259399414,5.357999801635742
35.45500183105469,14.133000373840332,4.48799991607666
33.90700149536133,19.826000213623047,4.421000003814697
33.83700180053711,18.753999710083008,4.689000129699707
34.04800033569336,22.170000076293945,6.63100004196167
32.64099884033203,21.03199958801269,6.497000217437744
33.273998260498054,21.16600036621093,6.63100004196167
32.99300003051758,19.1560001373291,6.09499979019165
32.71099853515625,19.558000564575195,5.960999965667725
32.5,17.951000213623047,6.36299991607666
32.21900177001953,17.75,6.162000179290772
31.586000442504893,16.476999282836914,5.625999927520752
32.21900177001953,16.007999420166016,5.1570000648498535
33.20399856567383,16.142000198364258,7.769999980926514
35.31399917602539,14.937000274658203,5.692999839782715
35.03300094604492,15.472000122070312,5.223999977111816
37.14300155639648,14.60200023651123,5.827000141143799
37.14300155639648,15.87399959564209,6.429999828338622
37.91699981689453,17.415000915527347,5.692999839782715
37.2140007019043,17.415000915527347,4.689000129699707
36.86199951171875,16.275999069213867,4.152999877929688
38.76100158691406,15.739999771118164,5.492000102996826
39.04299926757813,14.736000061035154,5.559000015258789
38.54999923706055,14.199999809265137,5.357999801635742
36.0880012512207,13.26200008392334,4.689000129699707
35.80699920654297,16.142000198364258,4.75600004196167
34.750999450683594,20.027000427246094,4.48799991607666
33.83700180053711,19.02199935913086,4.152999877929688
34.61100006103516,22.70599937438965,8.572999954223633
33.83700180053711,23.643999099731445,6.966000080108643
35.3849983215332,19.75900077819824,6.429999828338622
34.891998291015625,19.959999084472656,6.2290000915527335
35.03300094604492,17.816999435424805,5.357999801635742
33.83700180053711,17.281000137329098,5.492000102996826
34.18899917602539,15.87399959564209,6.497000217437744
33.55599975585937,14.267000198364258,4.622000217437744
32.99300003051758,15.13700008392334,6.429999828338622
33.625999450683594,15.472000122070312,6.764999866485598
34.750999450683594,15.538999557495115,7.636000156402588
35.3849983215332,14.869999885559082,7.434999942779541
36.29899978637695,17.482000350952152,6.831999778747559
35.66600036621094,15.13700008392334,5.559000015258789
34.68099975585937,10.3149995803833,4.421000003814697
33.273998260498054,11.45400047302246,4.554999828338623
32.43000030517578,10.91800022125244,4.019000053405762
33.132999420166016,10.515999794006348,4.421000003814697
31.375,9.711999893188477,3.750999927520752
32.78200149536133,11.38700008392334,4.0859999656677255
30.5310001373291,7.903999805450439,2.4110000133514404
30.24900054931641,8.907999992370605,2.5450000762939453
27.434999465942383,12.123000144958494,3.2149999141693115
27.92799949645996,14.401000022888184,4.554999828338623
27.78700065612793,14.401000022888184,5.827000141143799
27.92799949645996,15.270999908447266,7.166999816894531
27.434999465942383,14.60200023651123,6.296000003814697
27.01300048828125,15.06999969482422,6.966000080108643
27.71699905395508,13.79800033569336,6.966000080108643
28.208999633789062,13.32900047302246,6.63100004196167
28.913000106811523,13.060999870300291,5.625999927520752
28.06800079345703,11.92199993133545,3.013999938964844
26.590999603271484,13.463000297546388,4.0859999656677255
27.434999465942383,13.32900047302246,4.822999954223633
27.92799949645996,12.659000396728516,4.3540000915527335
28.84199905395508,10.583000183105469,3.0810000896453857
29.89699935913086,10.984999656677246,5.1570000648498535
30.24900054931641,10.984999656677246,4.822999954223633
30.31999969482422,10.180999755859377,4.421000003814697
30.67099952697754,11.31999969482422,4.421000003814697
31.093000411987305,11.185999870300291,4.152999877929688
30.38999938964844,10.91800022125244,4.75600004196167
31.02300071716309,9.979999542236328,3.95199990272522
30.38999938964844,10.180999755859377,3.818000078201294
28.913000106811523,9.376999855041504,3.750999927520752
28.982999801635746,9.979999542236328,3.6840000152587886
27.78700065612793,14.53499984741211,4.48799991607666
27.506000518798828,14.60200023651123,4.0859999656677255
27.99799919128418,14.53499984741211,3.818000078201294
27.71699905395508,15.739999771118164,5.0229997634887695
27.506000518798828,20.027000427246094,6.831999778747559
27.434999465942383,19.1560001373291,6.162000179290772
28.982999801635746,18.084999084472656,6.429999828338622
27.78700065612793,16.208999633789062,6.2290000915527335
29.89699935913086,17.884000778198242,5.625999927520752
29.54599952697754,15.807000160217283,4.889999866485597
29.968000411987305,15.807000160217283,5.1570000648498535
29.05299949645996,13.864999771118164,6.63100004196167
23.49600028991699,9.845999717712402,4.554999828338623
25.395000457763672,8.640000343322754,4.554999828338623
28.35000038146973,10.85099983215332,5.425000190734863
29.12400054931641,10.515999794006348,4.152999877929688
29.82699966430664,9.376999855041504,4.287000179290772
29.47500038146973,9.175999641418455,4.421000003814697
28.70199966430664,9.711999893188477,4.421000003814697
29.12400054931641,8.975000381469727,3.818000078201294
28.84199905395508,8.907999992370605,4.152999877929688
28.77199935913086,10.04699993133545,4.287000179290772
28.138999938964844,8.907999992370605,3.884999990463257
27.01300048828125,10.717000007629396,4.019000053405762
26.66200065612793,12.524999618530272,4.019000053405762
26.73200035095215,13.32900047302246,4.3540000915527335
27.15399932861328,13.597000122070312,3.750999927520752
26.80200004577637,13.864999771118164,3.549999952316284
27.15399932861328,14.133000373840332,4.287000179290772
27.01300048828125,14.333999633789062,4.889999866485597
27.01300048828125,14.065999984741213,4.75600004196167
26.73200035095215,13.32900047302246,6.497000217437744
26.66200065612793,13.597000122070312,6.497000217437744
26.80200004577637,11.185999870300291,5.425000190734863
26.309999465942383,13.529999732971191,6.162000179290772
26.590999603271484,11.98900032043457,6.09499979019165
28.06800079345703,12.390999794006348,5.894000053405763
28.27899932861328,9.979999542236328,4.956999778747559
28.35000038146973,11.052000045776367,5.625999927520752
29.54599952697754,12.390999794006348,5.492000102996826
29.61599922180176,11.052000045776367,4.421000003814697
30.5310001373291,12.123000144958494,4.956999778747559
31.867000579833984,11.788000106811523,4.889999866485597
32.148998260498054,10.984999656677246,4.822999954223633
33.132999420166016,10.583000183105469,4.622000217437744
32.852001190185554,10.649999618530272,5.0229997634887695
31.51499938964844,9.779000282287598,3.884999990463257
30.881999969482425,11.253000259399414,3.95199990272522
29.68600082397461,15.605999946594238,5.559000015258789
29.756999969482425,14.133000373840332,4.956999778747559
29.47500038146973,13.730999946594238,6.09499979019165
29.47500038146973,13.395999908447266,6.09499979019165
28.913000106811523,14.468000411987305,6.027999877929688
28.27899932861328,13.597000122070312,6.36299991607666
28.208999633789062,11.98900032043457,5.760000228881836
27.506000518798828,12.390999794006348,6.497000217437744
27.295000076293945,10.04699993133545,5.0229997634887695
26.87299919128418,11.92199993133545,5.960999965667725
26.590999603271484,11.45400047302246,5.290999889373778
26.94300079345703,12.123000144958494,6.429999828338622
27.71699905395508,10.649999618530272,5.492000102996826
28.138999938964844,10.717000007629396,5.559000015258789
29.54599952697754,11.588000297546388,5.357999801635742
29.61599922180176,11.720999717712402,4.75600004196167
29.89699935913086,11.654999732971191,4.956999778747559
30.67099952697754,13.463000297546388,4.554999828338623
32.570999145507805,11.720999717712402,5.1570000648498535
32.99300003051758,12.859999656677244,5.692999839782715
34.18899917602539,10.91800022125244,5.090000152587892
33.83700180053711,10.85099983215332,4.75600004196167
31.79700088500977,9.845999717712402,3.95199990272522
31.233999252319336,10.784000396728516,3.6840000152587886
30.17900085449219,15.06999969482422,4.622000217437744
29.47500038146973,13.79800033569336,4.622000217437744
29.194000244140625,15.13700008392334,6.429999828338622
28.420000076293945,15.404999732971191,3.818000078201294
28.06800079345703,17.281000137329098,5.559000015258789
27.364999771118164,16.075000762939453,4.152999877929688
27.15399932861328,13.79800033569336,3.3489999771118164
26.80200004577637,13.597000122070312,5.760000228881836
26.309999465942383,12.994000434875488,5.692999839782715
26.590999603271484,13.597000122070312,5.492000102996826
26.23900032043457,13.79800033569336,5.960999965667725
27.92799949645996,15.270999908447266,5.090000152587892
28.631000518798828,10.583000183105469,3.3489999771118164
29.61599922180176,10.515999794006348,5.559000015258789
32.148998260498054,11.38700008392334,5.492000102996826
31.6560001373291,11.588000297546388,5.223999977111816
31.586000442504893,10.583000183105469,4.019000053405762
33.062999725341804,12.72599983215332,4.956999778747559
33.20399856567383,11.854999542236328,5.492000102996826
32.852001190185554,12.458000183105469,4.822999954223633
33.90700149536133,10.85099983215332,4.152999877929688
33.695999145507805,11.052000045776367,4.689000129699707
32.148998260498054,10.248000144958496,4.2199997901916495
31.867000579833984,12.324000358581545,4.287000179290772
30.31999969482422,16.007999420166016,3.0810000896453857
30.17900085449219,16.476999282836914,4.622000217437744
29.82699966430664,16.007999420166016,4.152999877929688
28.77199935913086,16.476999282836914,5.1570000648498535
28.70199966430664,18.01799964904785,6.09499979019165
28.138999938964844,16.544000625610348,5.625999927520752
27.645999908447266,15.538999557495115,4.554999828338623
27.85700035095215,15.338000297546388,7.301000118255615
27.434999465942383,15.739999771118164,5.290999889373778
26.66200065612793,14.869999885559082,6.966000080108643
26.02799987792969,13.730999946594238,5.625999927520752
25.32500076293945,11.720999717712402,5.760000228881836
25.606000900268555,10.3149995803833,6.162000179290772
26.80200004577637,9.444000244140623,5.760000228881836
26.80200004577637,10.180999755859377,5.0229997634887695
27.364999771118164,9.109000205993652,4.956999778747559
26.520999908447266,7.636000156402588,3.818000078201294
27.434999465942383,8.171999931335451,3.6840000152587886
27.78700065612793,7.568999767303468,4.3540000915527335
27.083999633789062,7.368000030517577,4.0859999656677255
27.364999771118164,6.764999866485598,3.750999927520752
25.816999435424805,7.636000156402588,3.41599988937378
24.62100028991699,6.296000003814697,3.0810000896453857
23.847999572753903,6.296000003814697,2.477999925613404
23.42600059509277,6.966000080108643,2.611999988555908
23.00300025939941,7.434999942779541,2.5450000762939453
22.3700008392334,11.052000045776367,4.152999877929688
22.089000701904297,11.253000259399414,3.0810000896453857
22.863000869750977,15.472000122070312,5.357999801635742
23.636999130249023,15.13700008392334,4.3540000915527335
23.28499984741211,15.06999969482422,6.429999828338622
23.21500015258789,15.20400047302246,6.63100004196167
23.354999542236328,14.401000022888184,5.625999927520752
23.07399940490723,16.945999145507812,5.492000102996826
23.143999099731445,18.2189998626709,7.501999855041504
23.56599998474121,14.199999809265137,4.822999954223633
23.847999572753903,12.123000144958494,4.0859999656677255
25.2549991607666,9.51099967956543,3.1480000019073486
26.309999465942383,9.711999893188477,4.421000003814697
26.66200065612793,9.3100004196167,4.689000129699707
27.506000518798828,7.301000118255615,3.95199990272522
27.57600021362305,7.368000030517577,3.617000102996826
28.49099922180176,8.171999931335451,4.689000129699707
28.208999633789062,8.23900032043457,3.884999990463257
27.71699905395508,7.234000205993652,3.884999990463257
27.71699905395508,8.305999755859375,4.2199997901916495
26.520999908447266,7.568999767303468,3.750999927520752
26.02799987792969,6.63100004196167,3.282000064849853
25.18400001525879,7.501999855041504,3.282000064849853
24.34000015258789,7.166999816894531,2.678999900817871
24.270000457763672,9.109000205993652,3.95199990272522
23.988000869750977,10.91800022125244,5.223999977111816
23.847999572753903,9.51099967956543,4.822999954223633
23.49600028991699,8.505999565124513,4.421000003814697
22.299999237060547,6.564000129699707,3.818000078201294
22.15900039672852,7.368000030517577,3.41599988937378
22.299999237060547,8.104999542236326,3.3489999771118164
20.96299934387207,7.836999893188477,4.0859999656677255
20.32999992370605,8.171999931335451,3.1480000019073486
21.66699981689453,9.444000244140623,4.287000179290772
22.58099937438965,8.975000381469727,3.282000064849853
25.32500076293945,8.439000129699707,4.75600004196167
26.80200004577637,9.845999717712402,5.0229997634887695
26.80200004577637,9.57800006866455,4.956999778747559
26.80200004577637,6.966000080108643,3.3489999771118164
27.57600021362305,8.439000129699707,4.0859999656677255
29.05299949645996,8.505999565124513,4.75600004196167
28.913000106811523,6.831999778747559,3.3489999771118164
30.24900054931641,7.301000118255615,4.0859999656677255
30.24900054931641,7.903999805450439,3.750999927520752
29.05299949645996,7.703000068664551,3.4830000400543213
27.645999908447266,6.966000080108643,3.0810000896453857
26.66200065612793,8.371999740600586,3.617000102996826
25.816999435424805,7.368000030517577,3.3489999771118164
25.2549991607666,8.104999542236326,3.818000078201294
24.62100028991699,8.505999565124513,4.3540000915527335
24.481000900268555,6.429999828338622,3.750999927520752
23.988000869750977,7.703000068664551,3.750999927520752
24.19899940490723,7.501999855041504,4.019000053405762
23.636999130249023,7.099999904632568,4.019000053405762
23.07399940490723,6.36299991607666,3.3489999771118164
22.58099937438965,7.368000030517577,3.013999938964844
23.143999099731445,10.784000396728516,4.48799991607666
23.917999267578125,8.305999755859375,4.75600004196167
25.395000457763672,8.572999954223633,4.622000217437744
26.66200065612793,8.975000381469727,5.223999977111816
26.16900062561035,10.04699993133545,5.425000190734863
25.816999435424805,9.845999717712402,4.75600004196167
27.78700065612793,8.371999740600586,4.019000053405762
28.420000076293945,8.77400016784668,4.622000217437744
28.49099922180176,8.640000343322754,4.689000129699707
29.334999084472656,8.706999778747559,4.75600004196167
29.82699966430664,8.975000381469727,4.956999778747559
29.263999938964844,8.77400016784668,4.554999828338623
26.520999908447266,7.836999893188477,3.95199990272522
26.09900093078613,7.434999942779541,3.1480000019073486
25.2549991607666,8.371999740600586,3.41599988937378
24.55100059509277,10.381999969482422,3.818000078201294
24.691999435424805,9.645000457763672,4.889999866485597
24.832000732421875,10.91800022125244,5.625999927520752
24.12899971008301,14.869999885559082,6.497000217437744
23.917999267578125,14.668999671936035,7.099999904632568
24.55100059509277,13.663999557495115,6.764999866485598
24.481000900268555,13.529999732971191,6.296000003814697
24.62100028991699,12.994000434875488,6.09499979019165
24.62100028991699,15.06999969482422,6.831999778747559
24.40999984741211,15.338000297546388,7.099999904632568
24.90299987792969,16.208999633789062,6.027999877929688
25.32500076293945,12.994000434875488,5.559000015258789
26.520999908447266,9.779000282287598,4.622000217437744
27.71699905395508,9.645000457763672,4.689000129699707
27.78700065612793,9.913000106811523,4.75600004196167
28.27899932861328,8.439000129699707,3.884999990463257
28.70199966430664,8.572999954223633,4.3540000915527335
30.31999969482422,8.505999565124513,4.822999954223633
30.038000106811523,7.903999805450439,4.689000129699707
30.5310001373291,7.903999805450439,4.554999828338623
30.31999969482422,8.907999992370605,4.421000003814697
28.77199935913086,8.104999542236326,4.0859999656677255
26.87299919128418,7.769999980926514,3.617000102996826
25.95800018310547,8.572999954223633,3.884999990463257
25.2549991607666,9.51099967956543,3.617000102996826
24.832000732421875,11.45400047302246,5.290999889373778
24.40999984741211,12.79300022125244,3.818000078201294
25.04400062561035,13.79800033569336,4.622000217437744
25.04400062561035,13.79800033569336,4.622000217437744
25.04400062561035,13.79800033569336,4.622000217437744
25.04400062561035,13.79800033569336,4.622000217437744
25.04400062561035,13.79800033569336,4.622000217437744
25.04400062561035,13.79800033569336,4.622000217437744
25.04400062561035,13.79800033569336,4.622000217437744
25.04400062561035,13.79800033569336,4.622000217437744
25.04400062561035,13.79800033569336,4.622000217437744
25.04400062561035,13.79800033569336,4.622000217437744
25.04400062561035,13.79800033569336,4.622000217437744
25.04400062561035,13.79800033569336,4.622000217437744
25.04400062561035,13.79800033569336,4.622000217437744
25.04400062561035,13.79800033569336,4.622000217437744
25.04400062561035,13.79800033569336,4.622000217437744
25.04400062561035,13.79800033569336,4.622000217437744
25.04400062561035,13.79800033569336,4.622000217437744
25.04400062561035,13.79800033569336,4.622000217437744
25.04400062561035,13.79800033569336,4.622000217437744
25.04400062561035,13.79800033569336,4.622000217437744
25.04400062561035,13.79800033569336,4.622000217437744
25.04400062561035,13.79800033569336,4.622000217437744
25.04400062561035,13.79800033569336,4.622000217437744
25.04400062561035,13.79800033569336,4.622000217437744
26.309999465942383,16.007999420166016,7.234000205993652
25.88800048828125,14.53499984741211,6.2290000915527335
25.746999740600582,14.401000022888184,4.48799991607666
25.395000457763672,14.60200023651123,6.429999828338622
25.2549991607666,12.324000358581545,5.1570000648498535
25.11400032043457,13.864999771118164,6.2290000915527335
24.691999435424805,14.60200023651123,4.287000179290772
25.32500076293945,15.87399959564209,5.894000053405763
26.309999465942383,10.381999969482422,3.549999952316284
27.364999771118164,9.51099967956543,3.6840000152587886
28.70199966430664,10.180999755859377,3.818000078201294
27.364999771118164,10.784000396728516,3.818000078201294
27.71699905395508,8.77400016784668,4.48799991607666
28.982999801635746,8.171999931335451,3.818000078201294
30.5310001373291,8.439000129699707,3.95199990272522
30.5310001373291,9.243000030517578,3.617000102996826
30.742000579833984,9.51099967956543,3.4830000400543213
30.31999969482422,9.444000244140623,3.0810000896453857
30.108999252319336,8.305999755859375,4.152999877929688
29.05299949645996,8.907999992370605,3.884999990463257
28.420000076293945,9.779000282287598,3.818000078201294
27.85700035095215,9.041999816894531,3.2149999141693115
27.645999908447266,9.3100004196167,4.287000179290772
26.94300079345703,10.784000396728516,5.090000152587892
26.80200004577637,12.123000144958494,6.09499979019165
26.309999465942383,10.91800022125244,5.692999839782715
25.95800018310547,10.515999794006348,5.760000228881836
25.465999603271484,9.57800006866455,4.956999778747559
24.90299987792969,10.381999969482422,4.822999954223633
24.40999984741211,11.052000045776367,5.559000015258789
24.19899940490723,12.524999618530272,3.95199990272522
24.62100028991699,11.052000045776367,3.818000078201294
24.832000732421875,10.91800022125244,4.554999828338623
26.23900032043457,10.3149995803833,6.36299991607666
28.06800079345703,10.784000396728516,6.296000003814697
27.71699905395508,10.3149995803833,5.290999889373778
28.56100082397461,8.907999992370605,4.554999828338623
29.194000244140625,9.243000030517578,4.554999828338623
31.72599983215332,8.975000381469727,5.290999889373778
31.51499938964844,9.845999717712402,5.223999977111816
31.72599983215332,9.444000244140623,4.3540000915527335
32.570999145507805,9.51099967956543,4.689000129699707
30.17900085449219,8.77400016784668,4.287000179290772
28.138999938964844,9.376999855041504,4.0859999656677255
27.506000518798828,10.180999755859377,4.0859999656677255
27.22400093078613,9.109000205993652,3.41599988937378
26.87299919128418,10.381999969482422,4.889999866485597
27.15399932861328,11.854999542236328,5.425000190734863
26.66200065612793,12.659000396728516,5.692999839782715
26.45000076293945,15.940999984741213,7.368000030517577
26.09900093078613,14.401000022888184,6.764999866485598
25.95800018310547,12.859999656677244,6.497000217437744
26.16900062561035,14.065999984741213,5.692999839782715
26.23900032043457,14.937000274658203,6.89900016784668
25.95800018310547,16.878999710083008,7.301000118255615
27.01300048828125,13.99899959564209,6.89900016784668
27.71699905395508,8.439000129699707,5.692999839782715
28.208999633789062,9.3100004196167,5.760000228881836
28.913000106811523,11.052000045776367,5.625999927520752
29.756999969482425,10.784000396728516,4.956999778747559
30.67099952697754,9.979999542236328,4.822999954223633
30.952999114990234,10.717000007629396,5.1570000648498535
30.108999252319336,9.57800006866455,5.090000152587892
30.31999969482422,8.840999603271484,5.223999977111816
30.812000274658203,8.77400016784668,4.889999866485597
30.812000274658203,9.3100004196167,4.822999954223633
28.84199905395508,7.903999805450439,4.019000053405762
28.208999633789062,9.041999816894531,3.549999952316284
28.06800079345703,9.444000244140623,3.549999952316284
27.78700065612793,10.515999794006348,4.152999877929688
27.506000518798828,10.381999969482422,4.3540000915527335
27.364999771118164,12.055999755859377,5.223999977111816
27.01300048828125,11.119000434875488,4.822999954223633
26.73200035095215,11.31999969482422,5.1570000648498535
26.590999603271484,11.720999717712402,4.956999778747559
26.09900093078613,11.588000297546388,5.692999839782715
25.816999435424805,10.381999969482422,5.1570000648498535
25.816999435424805,11.119000434875488,4.822999954223633
25.95800018310547,13.19499969482422,6.027999877929688
25.746999740600582,11.720999717712402,4.889999866485597
26.3799991607666,10.11400032043457,4.554999828338623
27.645999908447266,8.572999954223633,4.3540000915527335
28.27899932861328,9.979999542236328,4.48799991607666
29.194000244140625,9.109000205993652,3.884999990463257
29.12400054931641,7.166999816894531,3.013999938964844
28.982999801635746,7.301000118255615,2.880000114440918
28.84199905395508,7.166999816894531,3.1480000019073486
27.506000518798828,7.301000118255615,3.41599988937378
26.80200004577637,7.368000030517577,3.884999990463257
27.083999633789062,8.23900032043457,3.750999927520752
26.09900093078613,6.966000080108643,3.282000064849853
26.09900093078613,7.703000068664551,3.0810000896453857
25.746999740600582,7.903999805450439,3.0810000896453857
25.606000900268555,6.89900016784668,3.750999927520752
25.11400032043457,8.505999565124513,4.689000129699707
24.972999572753903,9.444000244140623,5.357999801635742
24.90299987792969,12.524999618530272,6.966000080108643
24.270000457763672,12.324000358581545,6.697999954223633
24.481000900268555,11.654999732971191,6.564000129699707
24.481000900268555,12.256999969482422,6.831999778747559
24.34000015258789,12.524999618530272,6.162000179290772
24.34000015258789,10.3149995803833,5.1570000648498535
24.270000457763672,13.663999557495115,6.564000129699707
24.55100059509277,12.1899995803833,6.831999778747559
24.90299987792969,10.248000144958496,7.0329999923706055
25.606000900268555,9.041999816894531,6.027999877929688
26.309999465942383,9.913000106811523,4.956999778747559
26.45000076293945,9.979999542236328,4.3540000915527335
27.506000518798828,8.371999740600586,4.287000179290772
27.506000518798828,7.903999805450439,4.3540000915527335
28.208999633789062,7.836999893188477,4.822999954223633
28.56100082397461,7.703000068664551,4.287000179290772
29.82699966430664,7.501999855041504,4.2199997901916495
28.208999633789062,8.439000129699707,4.152999877929688
27.85700035095215,7.501999855041504,3.884999990463257
27.01300048828125,8.038000106811522,3.3489999771118164
26.16900062561035,8.038000106811522,3.282000064849853
26.66200065612793,7.099999904632568,3.1480000019073486
26.45000076293945,7.703000068664551,3.4830000400543213
25.95800018310547,7.836999893188477,3.884999990463257
25.746999740600582,11.788000106811523,5.827000141143799
25.746999740600582,9.913000106811523,5.425000190734863
25.32500076293945,11.253000259399414,4.75600004196167
26.02799987792969,10.717000007629396,5.0229997634887695
25.746999740600582,10.784000396728516,5.1570000648498535
25.2549991607666,12.1899995803833,5.425000190734863
23.77700042724609,13.395999908447266,4.554999828338623
23.49600028991699,11.720999717712402,5.357999801635742
22.933000564575195,8.975000381469727,4.2199997901916495
23.707000732421875,8.77400016784668,4.689000129699707
24.40999984741211,9.109000205993652,4.956999778747559
24.19899940490723,8.572999954223633,4.3540000915527335
23.917999267578125,6.429999828338622,3.549999952316284
22.44099998474121,6.564000129699707,3.549999952316284
21.73699951171875,6.09499979019165,3.2149999141693115
21.525999069213867,6.429999828338622,3.750999927520752
20.96299934387207,5.960999965667725,3.0810000896453857
20.68199920654297,7.703000068664551,3.549999952316284
20.190000534057614,6.2290000915527335,2.812999963760376
19.90800094604492,5.827000141143799,2.4110000133514404
19.48600006103516,5.625999927520752,2.4110000133514404
17.516000747680664,4.956999778747559,2.678999900817871
17.516000747680664,4.689000129699707,2.477999925613404
17.868000030517578,6.966000080108643,3.41599988937378
18.009000778198242,8.104999542236326,4.019000053405762
18.290000915527344,8.171999931335451,4.3540000915527335
18.21999931335449,8.371999740600586,4.554999828338623
18.290000915527344,6.63100004196167,3.6840000152587886
18.36100006103516,8.104999542236326,4.019000053405762
18.21999931335449,9.376999855041504,4.48799991607666
18.500999450683597,10.717000007629396,5.090000152587892
19.06399917602539,10.3149995803833,5.827000141143799
19.62700080871582,9.3100004196167,5.357999801635742
20.82299995422364,8.371999740600586,5.1570000648498535
21.45599937438965,9.041999816894531,5.425000190734863
22.44099998474121,8.104999542236326,4.2199997901916495
23.636999130249023,5.960999965667725,3.617000102996826
23.988000869750977,6.027999877929688,3.549999952316284
25.18400001525879,6.89900016784668,3.95199990272522
25.11400032043457,6.966000080108643,3.617000102996826
25.95800018310547,6.697999954223633,3.818000078201294
24.832000732421875,7.234000205993652,3.6840000152587886
24.19899940490723,6.63100004196167,3.3489999771118164
23.00300025939941,6.63100004196167,2.746000051498413
22.65200042724609,6.497000217437744,3.013999938964844
22.44099998474121,6.497000217437744,3.2149999141693115
22.44099998474121,5.223999977111816,3.2149999141693115
22.58099937438965,7.099999904632568,4.0859999656677255
22.018999099731445,10.381999969482422,5.090000152587892
22.15900039672852,11.052000045776367,4.75600004196167
22.089000701904297,10.11400032043457,5.357999801635742
21.525999069213867,10.248000144958496,5.090000152587892
21.808000564575195,10.449000358581545,5.290999889373778
22.15900039672852,10.04699993133545,5.223999977111816
21.45599937438965,12.859999656677244,5.827000141143799
22.299999237060547,11.654999732971191,5.223999977111816
23.28499984741211,8.23900032043457,4.3540000915527335
24.19899940490723,8.038000106811522,4.822999954223633
25.465999603271484,8.975000381469727,4.956999778747559
25.04400062561035,9.175999641418455,4.75600004196167
25.465999603271484,7.368000030517577,3.617000102996826
25.88800048828125,6.36299991607666,3.750999927520752
27.92799949645996,7.568999767303468,3.95199990272522
27.78700065612793,6.764999866485598,3.95199990272522
27.71699905395508,6.89900016784668,3.750999927520752
27.22400093078613,7.568999767303468,3.884999990463257
26.16900062561035,6.831999778747559,3.282000064849853
24.90299987792969,7.368000030517577,3.282000064849853
25.395000457763672,7.368000030517577,3.41599988937378
24.761999130249023,8.706999778747559,3.3489999771118164
24.55100059509277,10.04699993133545,5.090000152587892
24.12899971008301,10.91800022125244,5.559000015258789
24.691999435424805,11.98900032043457,6.429999828338622
24.270000457763672,12.72599983215332,6.764999866485598
23.988000869750977,12.659000396728516,7.099999904632568
23.988000869750977,12.458000183105469,6.497000217437744
23.847999572753903,12.1899995803833,6.564000129699707
23.847999572753903,11.720999717712402,3.750999927520752
23.28499984741211,12.659000396728516,3.4830000400543213
23.77700042724609,10.3149995803833,3.2149999141693115
24.34000015258789,11.052000045776367,4.622000217437744
25.32500076293945,9.376999855041504,3.013999938964844
26.80200004577637,9.913000106811523,5.0229997634887695
26.66200065612793,9.175999641418455,5.0229997634887695
27.506000518798828,7.234000205993652,3.3489999771118164
28.420000076293945,7.836999893188477,3.95199990272522
29.61599922180176,8.77400016784668,4.822999954223633
29.54599952697754,8.77400016784668,5.223999977111816
29.194000244140625,8.439000129699707,4.287000179290772
28.70199966430664,8.840999603271484,4.152999877929688
27.434999465942383,7.703000068664551,3.549999952316284
27.083999633789062,8.439000129699707,3.617000102996826
27.083999633789062,7.903999805450439,3.41599988937378
26.66200065612793,7.368000030517577,2.9470000267028813
26.80200004577637,9.645000457763672,4.622000217437744
25.88800048828125,10.381999969482422,4.956999778747559
26.23900032043457,10.180999755859377,5.492000102996826
25.746999740600582,10.91800022125244,5.625999927520752
25.395000457763672,11.119000434875488,5.223999977111816
25.535999298095703,10.784000396728516,4.956999778747559
24.55100059509277,10.717000007629396,4.622000217437744
24.90299987792969,10.3149995803833,5.1570000648498535
23.988000869750977,10.717000007629396,5.0229997634887695
24.19899940490723,9.913000106811523,5.425000190734863
24.832000732421875,10.91800022125244,5.960999965667725
26.520999908447266,9.041999816894531,5.559000015258789
27.01300048828125,9.979999542236328,5.894000053405763
26.66200065612793,10.3149995803833,5.492000102996826
27.295000076293945,7.97100019454956,4.019000053405762
27.85700035095215,7.836999893188477,4.0859999656677255
28.27899932861328,7.836999893188477,3.818000078201294
28.138999938964844,8.305999755859375,4.689000129699707
27.645999908447266,7.301000118255615,4.0859999656677255
27.506000518798828,8.840999603271484,4.3540000915527335
27.083999633789062,7.568999767303468,3.750999927520752
26.309999465942383,8.23900032043457,3.6840000152587886
25.535999298095703,7.636000156402588,3.3489999771118164
24.972999572753903,9.175999641418455,3.617000102996826
24.19899940490723,11.119000434875488,4.956999778747559
24.270000457763672,13.128000259399414,3.884999990463257
24.55100059509277,17.347999572753903,5.894000053405763
24.40999984741211,16.611000061035153,5.425000190734863
24.90299987792969,16.878999710083008,5.960999965667725
24.691999435424805,16.544000625610348,5.290999889373778
24.34000015258789,14.869999885559082,6.429999828338622
25.18400001525879,15.605999946594238,4.889999866485597
24.90299987792969,17.951000213623047,5.090000152587892
25.2549991607666,16.476999282836914,5.425000190734863
25.2549991607666,13.99899959564209,4.421000003814697
25.67700004577637,10.91800022125244,5.894000053405763
25.395000457763672,8.77400016784668,4.889999866485597
25.18400001525879,9.376999855041504,4.689000129699707
24.972999572753903,7.166999816894531,3.549999952316284
25.2549991607666,7.166999816894531,3.41599988937378
25.11400032043457,7.636000156402588,4.689000129699707
24.270000457763672,6.36299991607666,3.282000064849853
24.270000457763672,6.027999877929688,3.41599988937378
23.354999542236328,7.501999855041504,3.617000102996826
22.44099998474121,6.764999866485598,3.41599988937378
21.73699951171875,7.099999904632568,3.1480000019073486
21.38500022888184,6.497000217437744,3.1480000019073486
21.315000534057614,5.625999927520752,2.2100000381469727
20.82299995422364,6.027999877929688,3.1480000019073486
20.400999069213867,8.706999778747559,4.421000003814697
20.47100067138672,9.3100004196167,4.48799991607666
20.048999786376957,9.845999717712402,5.223999977111816
19.97900009155273,9.845999717712402,5.223999977111816
19.97900009155273,8.975000381469727,4.75600004196167
19.83799934387207,8.840999603271484,4.689000129699707
20.048999786376957,9.711999893188477,4.2199997901916495
20.11899948120117,10.649999618530272,4.152999877929688
20.82299995422364,9.979999542236328,5.290999889373778
21.173999786376957,8.77400016784668,5.559000015258789
21.73699951171875,6.966000080108643,3.884999990463257
24.34000015258789,8.305999755859375,4.0859999656677255
23.917999267578125,8.23900032043457,3.95199990272522
24.55100059509277,7.166999816894531,3.2149999141693115
25.606000900268555,7.099999904632568,3.95199990272522
27.083999633789062,6.296000003814697,3.95199990272522
26.80200004577637,7.301000118255615,3.750999927520752
27.22400093078613,6.697999954223633,3.884999990463257
26.73200035095215,8.104999542236326,3.818000078201294
25.95800018310547,7.166999816894531,3.4830000400543213
24.90299987792969,7.368000030517577,3.2149999141693115
24.40999984741211,6.966000080108643,3.2149999141693115
24.19899940490723,6.966000080108643,1.875
24.05900001525879,8.572999954223633,4.019000053405762
23.77700042724609,10.784000396728516,3.617000102996826
23.988000869750977,14.60200023651123,4.421000003814697
23.636999130249023,14.468000411987305,4.3540000915527335
23.56599998474121,14.803000450134276,4.822999954223633
23.07399940490723,14.60200023651123,4.889999866485597
23.21500015258789,14.53499984741211,4.822999954223633
22.863000869750977,14.60200023651123,4.554999828338623
22.44099998474121,16.142000198364258,4.689000129699707
23.636999130249023,14.869999885559082,4.554999828338623
24.12899971008301,10.649999618530272,4.822999954223633
24.832000732421875,6.89900016784668,3.818000078201294
26.80200004577637,7.836999893188477,4.622000217437744
26.09900093078613,8.104999542236326,4.152999877929688
26.45000076293945,6.497000217437744,3.282000064849853
27.15399932861328,5.894000053405763,2.9470000267028813
28.06800079345703,6.697999954223633,3.549999952316284
28.06800079345703,7.166999816894531,4.152999877929688
27.71699905395508,6.564000129699707,3.818000078201294
27.506000518798828,6.764999866485598,2.9470000267028813
26.87299919128418,6.2290000915527335,3.1480000019073486
25.88800048828125,7.769999980926514,3.41599988937378
25.32500076293945,7.836999893188477,3.4830000400543213
25.04400062561035,7.0329999923706055,3.2149999141693115
24.62100028991699,8.77400016784668,4.152999877929688
24.19899940490723,11.98900032043457,5.1570000648498535
23.917999267578125,12.524999618530272,6.36299991607666
23.847999572753903,11.854999542236328,6.36299991607666
23.07399940490723,12.390999794006348,3.617000102996826
22.65200042724609,9.444000244140623,5.0229997634887695
22.65200042724609,8.640000343322754,4.0859999656677255
22.51099967956543,9.376999855041504,4.152999877929688
22.299999237060547,11.45400047302246,4.48799991607666
22.51099967956543,11.052000045776367,5.894000053405763
22.933000564575195,10.984999656677246,6.027999877929688
23.07399940490723,8.907999992370605,5.559000015258789
23.49600028991699,10.04699993133545,5.425000190734863
23.28499984741211,8.907999992370605,4.822999954223633
23.847999572753903,6.63100004196167,3.549999952316284
23.77700042724609,6.764999866485598,3.884999990463257
24.05900001525879,6.429999828338622,3.6840000152587886
23.49600028991699,6.09499979019165,4.152999877929688
23.28499984741211,5.960999965667725,3.549999952316284
22.58099937438965,6.429999828338622,3.282000064849853
22.58099937438965,6.162000179290772,3.2149999141693115
22.72200012207031,6.764999866485598,3.0810000896453857
21.808000564575195,6.63100004196167,2.9470000267028813
21.73699951171875,5.492000102996826,3.013999938964844
21.808000564575195,7.903999805450439,4.48799991607666
21.73699951171875,9.779000282287598,4.75600004196167
21.45599937438965,13.730999946594238,6.296000003814697
21.808000564575195,13.663999557495115,6.764999866485598
21.525999069213867,13.26200008392334,6.296000003814697
20.75200080871582,12.524999618530272,5.357999801635742
21.10400009155273,11.854999542236328,5.827000141143799
21.03400039672852,12.324000358581545,5.492000102996826
20.61199951171875,11.788000106811523,3.41599988937378
20.61199951171875,10.515999794006348,4.287000179290772
18.92300033569336,5.827000141143799,2.344000101089477
19.69700050354004,6.764999866485598,3.0810000896453857
18.99399948120117,8.23900032043457,2.812999963760376
17.656999588012695,6.564000129699707,3.1480000019073486
21.10400009155273,4.554999828338623,1.6740000247955322
20.47100067138672,4.3540000915527335,2.477999925613404
20.26000022888184,4.889999866485597,2.477999925613404
18.85300064086914,4.956999778747559,2.2100000381469727
18.92300033569336,4.689000129699707,1.9420000314712524
18.71199989318848,5.827000141143799,1.875
17.868000030517578,5.0229997634887695,1.875
17.165000915527347,5.559000015258789,2.009000062942505
16.672000885009766,5.090000152587892,1.875
16.25,4.622000217437744,2.344000101089477
15.758000373840332,4.287000179290772,2.880000114440918
15.336000442504885,4.75600004196167,2.9470000267028813
14.70300006866455,4.3540000915527335,2.746000051498413
14.843000411987305,4.2199997901916495,2.812999963760376
14.42099952697754,3.282000064849853,2.009000062942505
14.42099952697754,2.9470000267028813,2.2100000381469727
13.718000411987305,3.1480000019073486,2.5450000762939453
13.29599952697754,4.287000179290772,2.075999975204468
13.225000381469728,5.827000141143799,2.812999963760376
13.154999732971191,6.2290000915527335,2.1429998874664307
12.592000007629396,6.764999866485598,2.4110000133514404
13.013999938964846,7.099999904632568,3.617000102996826
13.085000038146973,7.0329999923706055,3.41599988937378
13.857999801635742,7.234000205993652,3.013999938964844
18.21999931335449,5.692999839782715,2.477999925613404
19.48600006103516,5.692999839782715,2.611999988555908
20.32999992370605,5.827000141143799,3.1480000019073486
21.173999786376957,5.357999801635742,3.3489999771118164
20.96299934387207,5.492000102996826,2.812999963760376
20.61199951171875,6.564000129699707,2.812999963760376
21.173999786376957,5.894000053405763,2.4110000133514404
20.82299995422364,5.894000053405763,2.4110000133514404
21.66699981689453,5.625999927520752,2.477999925613404
21.808000564575195,4.822999954223633,2.4110000133514404
21.45599937438965,6.564000129699707,3.95199990272522
21.525999069213867,6.831999778747559,3.1480000019073486
20.89299964904785,6.966000080108643,3.549999952316284
20.96299934387207,6.831999778747559,3.282000064849853
21.45599937438965,6.296000003814697,3.750999927520752
20.32999992370605,7.636000156402588,3.884999990463257
19.76799964904785,8.371999740600586,4.287000179290772
19.97900009155273,8.305999755859375,3.617000102996826
20.048999786376957,9.175999641418455,4.2199997901916495
20.54100036621093,8.706999778747559,4.019000053405762
21.45599937438965,8.171999931335451,4.287000179290772
22.933000564575195,7.234000205993652,3.41599988937378
23.847999572753903,8.439000129699707,4.152999877929688
23.847999572753903,8.706999778747559,3.884999990463257
25.535999298095703,6.429999828338622,3.2149999141693115
25.395000457763672,6.429999828338622,3.818000078201294
26.3799991607666,6.564000129699707,3.95199990272522
25.535999298095703,6.63100004196167,3.884999990463257
25.32500076293945,6.162000179290772,3.6840000152587886
25.395000457763672,6.831999778747559,3.013999938964844
24.62100028991699,6.296000003814697,2.812999963760376
23.847999572753903,6.497000217437744,2.678999900817871
22.863000869750977,6.162000179290772,2.9470000267028813
22.299999237060547,6.89900016784668,2.5450000762939453
22.65200042724609,8.907999992370605,4.822999954223633
22.44099998474121,9.041999816894531,4.287000179290772
22.3700008392334,13.597000122070312,6.36299991607666
21.73699951171875,14.267000198364258,7.0329999923706055
23.988000869750977,12.592000007629396,5.960999965667725
23.143999099731445,13.19499969482422,6.09499979019165
22.933000564575195,12.927000045776367,6.63100004196167
22.51099967956543,13.463000297546388,5.894000053405763
22.089000701904297,15.739999771118164,6.89900016784668
22.58099937438965,14.468000411987305,6.564000129699707
23.42600059509277,9.913000106811523,5.492000102996826
24.12899971008301,8.706999778747559,4.689000129699707
24.972999572753903,8.23900032043457,3.4830000400543213
26.520999908447266,7.903999805450439,4.287000179290772
26.66200065612793,6.296000003814697,3.2149999141693115
27.71699905395508,5.827000141143799,3.4830000400543213
28.49099922180176,5.894000053405763,3.4830000400543213
28.631000518798828,6.36299991607666,3.1480000019073486
27.85700035095215,5.827000141143799,3.617000102996826
27.083999633789062,6.831999778747559,3.3489999771118164
25.95800018310547,6.2290000915527335,2.9470000267028813
24.55100059509277,6.564000129699707,2.812999963760376
23.707000732421875,6.296000003814697,2.9470000267028813
23.42600059509277,5.425000190734863,3.013999938964844
22.79199981689453,7.636000156402588,4.2199997901916495
22.229999542236328,9.57800006866455,2.344000101089477
22.3700008392334,9.845999717712402,3.013999938964844
22.72200012207031,9.979999542236328,5.223999977111816
22.58099937438965,9.51099967956543,4.822999954223633
22.3700008392334,9.779000282287598,4.421000003814697
21.03400039672852,9.175999641418455,4.421000003814697
20.32999992370605,7.903999805450439,3.884999990463257
19.69700050354004,12.524999618530272,2.611999988555908
20.68199920654297,12.458000183105469,6.2290000915527335
20.68199920654297,9.979999542236328,4.956999778747559
22.44099998474121,7.301000118255615,4.889999866485597
24.34000015258789,7.769999980926514,4.019000053405762
24.34000015258789,8.640000343322754,3.6840000152587886
24.270000457763672,6.497000217437744,3.4830000400543213
25.465999603271484,5.827000141143799,3.818000078201294
26.309999465942383,6.027999877929688,3.6840000152587886
27.01300048828125,5.625999927520752,3.6840000152587886
26.73200035095215,5.827000141143799,3.41599988937378
25.88800048828125,6.764999866485598,3.0810000896453857
25.04400062561035,6.09499979019165,2.9470000267028813
23.988000869750977,6.429999828338622,2.678999900817871
23.847999572753903,6.027999877929688,2.880000114440918
22.15900039672852,5.960999965667725,1.875
21.87800025939941,8.640000343322754,4.421000003814697
21.73699951171875,8.572999954223633,4.287000179290772
21.947999954223643,12.859999656677244,5.760000228881836
21.73699951171875,11.31999969482422,4.889999866485597
21.87800025939941,11.854999542236328,5.559000015258789
21.38500022888184,12.324000358581545,5.357999801635742
21.597000122070312,11.854999542236328,5.492000102996826
21.73699951171875,12.324000358581545,4.822999954223633
20.47100067138672,13.529999732971191,4.956999778747559
21.173999786376957,12.458000183105469,5.827000141143799
21.947999954223643,9.109000205993652,4.152999877929688
23.28499984741211,8.038000106811522,4.152999877929688
25.88800048828125,8.77400016784668,3.818000078201294
25.816999435424805,8.104999542236326,3.41599988937378
25.32500076293945,6.162000179290772,3.1480000019073486
26.09900093078613,6.027999877929688,3.282000064849853
27.92799949645996,6.2290000915527335,3.013999938964844
25.535999298095703,6.296000003814697,3.282000064849853
26.80200004577637,5.760000228881836,3.1480000019073486
25.535999298095703,6.36299991607666,2.9470000267028813
24.761999130249023,5.960999965667725,2.5450000762939453
23.143999099731445,6.764999866485598,2.5450000762939453
22.3700008392334,6.027999877929688,2.746000051498413
21.45599937438965,7.099999904632568,2.1429998874664307
21.03400039672852,9.444000244140623,4.421000003814697
21.66699981689453,13.19499969482422,4.554999828338623
22.299999237060547,14.199999809265137,4.822999954223633
21.87800025939941,13.395999908447266,4.3540000915527335
22.229999542236328,12.458000183105469,4.3540000915527335
22.229999542236328,12.927000045776367,4.0859999656677255
22.72200012207031,12.324000358581545,6.162000179290772
22.51099967956543,14.133000373840332,6.497000217437744
22.79199981689453,15.06999969482422,6.63100004196167
22.089000701904297,15.06999969482422,5.492000102996826
23.28499984741211,11.92199993133545,3.4830000400543213
23.636999130249023,7.501999855041504,1.807999968528748
24.34000015258789,8.439000129699707,1.6740000247955322
24.90299987792969,8.23900032043457,3.41599988937378
24.691999435424805,5.357999801635742,2.9470000267028813
24.481000900268555,5.425000190734863,3.1480000019073486
24.34000015258789,6.2290000915527335,3.549999952316284
23.847999572753903,6.63100004196167,3.4830000400543213
23.354999542236328,5.960999965667725,2.746000051498413
22.79199981689453,6.697999954223633,2.2769999504089355
22.51099967956543,6.2290000915527335,2.1429998874664307
21.66699981689453,6.429999828338622,2.477999925613404
21.45599937438965,5.894000053405763,2.880000114440918
20.61199951171875,5.425000190734863,2.2769999504089355
20.32999992370605,6.564000129699707,4.152999877929688
20.190000534057614,8.23900032043457,2.812999963760376
19.97900009155273,11.854999542236328,3.3489999771118164
19.69700050354004,10.717000007629396,3.41599988937378
19.48600006103516,11.788000106811523,3.6840000152587886
19.41600036621093,11.854999542236328,4.019000053405762
19.62700080871582,10.180999755859377,3.0810000896453857
19.83799934387207,13.32900047302246,4.019000053405762
20.47100067138672,13.597000122070312,3.282000064849853
20.32999992370605,11.588000297546388,5.559000015258789
20.190000534057614,8.975000381469727,4.622000217437744
21.315000534057614,7.636000156402588,4.75600004196167
23.636999130249023,7.903999805450439,3.884999990463257
23.707000732421875,8.104999542236326,3.41599988937378
24.55100059509277,6.36299991607666,3.1480000019073486
25.88800048828125,6.09499979019165,3.1480000019073486
25.746999740600582,6.831999778747559,3.549999952316284
25.04400062561035,8.171999931335451,4.019000053405762
25.395000457763672,6.027999877929688,3.1480000019073486
25.32500076293945,7.166999816894531,3.0810000896453857
23.143999099731445,6.162000179290772,2.477999925613404
22.15900039672852,6.36299991607666,2.344000101089477
22.3700008392334,6.027999877929688,2.611999988555908
22.089000701904297,5.827000141143799,2.746000051498413
21.66699981689453,6.36299991607666,3.1480000019073486
21.173999786376957,10.04699993133545,3.2149999141693115
21.10400009155273,10.85099983215332,3.41599988937378
20.68199920654297,10.248000144958496,3.2149999141693115
20.68199920654297,8.505999565124513,4.3540000915527335
19.97900009155273,9.711999893188477,5.357999801635742
19.41600036621093,10.04699993133545,4.75600004196167
19.13400077819824,11.052000045776367,3.282000064849853
19.13400077819824,11.119000434875488,4.48799991607666
19.83799934387207,10.04699993133545,4.2199997901916495
20.61199951171875,8.975000381469727,4.421000003814697
20.89299964904785,7.568999767303468,4.287000179290772
22.58099937438965,8.640000343322754,3.884999990463257
22.58099937438965,8.104999542236326,4.0859999656677255
23.56599998474121,5.492000102996826,2.9470000267028813
25.465999603271484,6.564000129699707,3.3489999771118164
26.73200035095215,6.36299991607666,4.019000053405762
26.66200065612793,6.027999877929688,3.818000078201294
27.01300048828125,6.027999877929688,3.549999952316284
26.23900032043457,7.368000030517577,3.617000102996826
24.62100028991699,6.497000217437744,3.013999938964844
23.143999099731445,6.831999778747559,2.812999963760376
23.07399940490723,6.429999828338622,2.9470000267028813
22.089000701904297,7.099999904632568,2.611999988555908
22.3700008392334,9.3100004196167,4.622000217437744
21.73699951171875,12.055999755859377,2.880000114440918
21.73699951171875,13.932000160217283,4.689000129699707
21.597000122070312,13.463000297546388,4.287000179290772
21.66699981689453,13.730999946594238,6.697999954223633
21.2450008392334,14.60200023651123,6.697999954223633
20.75200080871582,12.659000396728516,5.223999977111816
20.68199920654297,15.338000297546388,6.429999828338622
20.54100036621093,15.003999710083008,4.287000179290772
21.173999786376957,16.476999282836914,4.822999954223633
22.018999099731445,13.060999870300291,6.697999954223633
22.65200042724609,7.568999767303468,4.0859999656677255
23.988000869750977,8.439000129699707,3.884999990463257
24.481000900268555,8.77400016784668,4.0859999656677255
25.465999603271484,6.36299991607666,3.0810000896453857
27.22400093078613,7.166999816894531,3.282000064849853
27.506000518798828,6.564000129699707,3.95199990272522
27.083999633789062,7.301000118255615,4.019000053405762
26.80200004577637,7.301000118255615,3.750999927520752
26.16900062561035,8.77400016784668,4.287000179290772
24.90299987792969,6.764999866485598,3.3489999771118164
24.19899940490723,6.63100004196167,2.5450000762939453
24.34000015258789,6.63100004196167,3.013999938964844
23.49600028991699,8.104999542236326,3.750999927520752
23.28499984741211,9.645000457763672,2.611999988555908
23.00300025939941,10.3149995803833,3.6840000152587886
22.72200012207031,13.463000297546388,5.1570000648498535
22.65200042724609,12.592000007629396,4.2199997901916495
22.299999237060547,12.72599983215332,4.75600004196167
22.089000701904297,12.592000007629396,4.2199997901916495
22.089000701904297,12.72599983215332,4.554999828338623
21.73699951171875,12.592000007629396,3.549999952316284
21.66699981689453,13.864999771118164,4.554999828338623
22.229999542236328,12.72599983215332,4.622000217437744
22.51099967956543,11.38700008392334,6.162000179290772
23.77700042724609,9.109000205993652,4.822999954223633
24.55100059509277,9.243000030517578,4.152999877929688
24.691999435424805,9.175999641418455,4.622000217437744
25.67700004577637,5.894000053405763,2.2100000381469727
26.45000076293945,5.692999839782715,3.282000064849853
27.15399932861328,6.764999866485598,3.750999927520752
27.22400093078613,6.966000080108643,3.282000064849853
26.94300079345703,6.966000080108643,4.0859999656677255
26.45000076293945,7.769999980926514,3.6840000152587886
25.746999740600582,6.697999954223633,3.2149999141693115
25.2549991607666,6.831999778747559,2.746000051498413
24.34000015258789,7.166999816894531,3.2149999141693115
23.988000869750977,6.296000003814697,2.2100000381469727
23.636999130249023,8.505999565124513,4.0859999656677255
23.42600059509277,10.717000007629396,5.090000152587892
22.65200042724609,14.065999984741213,6.36299991607666
22.79199981689453,13.663999557495115,4.421000003814697
22.863000869750977,12.524999618530272,5.625999927520752
22.3700008392334,12.859999656677244,6.296000003814697
22.44099998474121,13.864999771118164,6.36299991607666
22.089000701904297,14.937000274658203,6.564000129699707
22.089000701904297,15.13700008392334,5.894000053405763
21.87800025939941,12.72599983215332,6.564000129699707
22.58099937438965,9.243000030517578,4.822999954223633
23.56599998474121,8.038000106811522,5.223999977111816
24.34000015258789,8.706999778747559,4.889999866485597
25.2549991607666,8.305999755859375,4.2199997901916495
26.309999465942383,5.760000228881836,2.812999963760376
27.15399932861328,6.429999828338622,2.477999925613404
27.295000076293945,7.234000205993652,3.95199990272522
27.15399932861328,6.831999778747559,4.0859999656677255
27.083999633789062,6.764999866485598,3.1480000019073486
26.80200004577637,7.301000118255615,3.282000064849853
25.67700004577637,6.497000217437744,2.678999900817871
24.691999435424805,7.0329999923706055,2.746000051498413
24.05900001525879,6.564000129699707,2.746000051498413
23.988000869750977,7.301000118255615,3.3489999771118164
23.636999130249023,9.376999855041504,4.152999877929688
23.21500015258789,13.395999908447266,4.48799991607666
23.28499984741211,13.128000259399414,4.019000053405762
23.49600028991699,11.31999969482422,2.9470000267028813
23.00300025939941,12.458000183105469,3.549999952316284
23.143999099731445,11.520999908447266,3.549999952316284
22.933000564575195,12.123000144958494,5.760000228881836
22.58099937438965,12.390999794006348,3.95199990272522
22.58099937438965,13.060999870300291,3.617000102996826
23.00300025939941,11.854999542236328,3.750999927520752
22.79199981689453,12.79300022125244,4.0859999656677255
23.988000869750977,9.845999717712402,2.746000051498413
24.761999130249023,8.305999755859375,3.95199990272522
25.04400062561035,9.3100004196167,3.4830000400543213
26.02799987792969,6.966000080108643,3.3489999771118164
26.94300079345703,6.966000080108643,3.617000102996826
27.01300048828125,6.697999954223633,3.750999927520752
27.506000518798828,7.368000030517577,4.2199997901916495
27.57600021362305,6.89900016784668,4.421000003814697
27.434999465942383,7.568999767303468,3.549999952316284
26.09900093078613,7.166999816894531,3.1480000019073486
25.2549991607666,7.568999767303468,3.1480000019073486
24.12899971008301,7.501999855041504,3.2149999141693115
23.77700042724609,8.439000129699707,3.41599988937378
23.42600059509277,10.381999969482422,4.152999877929688
23.00300025939941,11.720999717712402,3.1480000019073486
22.51099967956543,17.347999572753903,5.827000141143799
22.229999542236328,17.01300048828125,5.559000015258789
22.3700008392334,16.611000061035153,6.027999877929688
20.61199951171875,15.06999969482422,4.0859999656677255
21.66699981689453,16.878999710083008,5.692999839782715
21.315000534057614,17.079999923706055,5.559000015258789
21.525999069213867,17.079999923706055,4.822999954223633
21.45599937438965,11.98900032043457,5.357999801635742
21.73699951171875,9.51099967956543,4.75600004196167
21.173999786376957,9.376999855041504,4.75600004196167
19.90800094604492,9.57800006866455,4.554999828338623
18.500999450683597,9.57800006866455,4.48799991607666
16.320999145507812,7.434999942779541,2.678999900817871
15.47599983215332,5.223999977111816,2.9470000267028813
17.516000747680664,6.296000003814697,3.549999952316284
17.445999145507812,6.296000003814697,3.750999927520752
16.882999420166016,6.027999877929688,3.013999938964844
14.913999557495115,6.831999778747559,2.880000114440918
16.461000442504886,3.750999927520752,1.2059999704360962
16.038999557495114,3.282000064849853,1.2730000019073486
13.788000106811523,3.884999990463257,1.406999945640564
14.843000411987305,4.889999866485597,2.075999975204468
15.265000343322756,4.689000129699707,2.075999975204468
14.843000411987305,8.505999565124513,3.95199990272522
13.788000106811523,10.449000358581545,4.956999778747559
10.340999603271484,9.376999855041504,4.019000053405762
10.130000114440918,9.376999855041504,4.019000053405762
11.467000007629396,9.175999641418455,4.956999778747559
11.958999633789062,9.444000244140623,4.689000129699707
9.98900032043457,5.692999839782715,2.009000062942505
9.425999641418455,5.894000053405763,2.344000101089477
9.425999641418455,7.568999767303468,2.880000114440918
9.56700038909912,6.296000003814697,2.344000101089477
9.708000183105469,4.622000217437744,1.6080000400543213
10.130000114440918,4.689000129699707,2.2769999504089355
10.130000114440918,5.223999977111816,2.2769999504089355
12.100000381469728,4.956999778747559,1.9420000314712524
14.70300006866455,4.622000217437744,2.678999900817871
12.239999771118164,4.3540000915527335,2.5450000762939453
14.279999732971191,4.956999778747559,2.1429998874664307
12.732999801635742,5.827000141143799,2.1429998874664307
13.435999870300291,6.697999954223633,1.807999968528748
11.043999671936035,6.564000129699707,2.4110000133514404
10.340999603271484,5.492000102996826,2.1429998874664307
10.621999740600586,4.822999954223633,2.075999975204468
10.482000350952148,4.75600004196167,1.6740000247955322
10.41100025177002,5.492000102996826,2.9470000267028813
10.340999603271484,6.429999828338622,3.3489999771118164
10.482000350952148,8.439000129699707,4.421000003814697
11.467000007629396,8.171999931335451,4.622000217437744
10.692999839782717,7.099999904632568,4.0859999656677255
13.57699966430664,7.434999942779541,3.818000078201294
11.255999565124512,8.77400016784668,4.0859999656677255
11.326000213623049,7.903999805450439,3.282000064849853
11.888999938964846,8.572999954223633,3.6840000152587886
11.043999671936035,8.171999931335451,3.617000102996826
10.340999603271484,7.636000156402588,3.617000102996826
12.732999801635742,6.89900016784668,4.689000129699707
16.038999557495114,7.769999980926514,4.75600004196167
15.687000274658203,8.104999542236326,4.689000129699707
15.758000373840332,7.166999816894531,3.818000078201294
15.758000373840332,7.501999855041504,4.889999866485597
16.95400047302246,7.099999904632568,5.0229997634887695
16.601999282836914,7.836999893188477,4.75600004196167
16.601999282836914,7.636000156402588,3.818000078201294
16.95400047302246,8.907999992370605,3.750999927520752
18.009000778198242,7.568999767303468,3.1480000019073486
18.78300094604492,7.166999816894531,3.013999938964844
18.71199989318848,6.36299991607666,2.477999925613404
18.43099975585937,5.625999927520752,2.2769999504089355
18.99399948120117,7.099999904632568,2.746000051498413
18.57200050354004,7.301000118255615,3.2149999141693115
18.78300094604492,9.711999893188477,4.287000179290772
18.57200050354004,9.845999717712402,4.3540000915527335
18.07900047302246,9.645000457763672,4.48799991607666
19.20499992370605,8.975000381469727,3.95199990272522
18.64200019836425,9.51099967956543,4.287000179290772
19.274999618530277,8.439000129699707,3.013999938964844
19.13400077819824,9.845999717712402,3.2149999141693115
19.274999618530277,10.784000396728516,3.95199990272522
17.02400016784668,8.305999755859375,3.549999952316284
13.788000106811523,7.234000205993652,3.2149999141693115
14.35099983215332,8.171999931335451,3.41599988937378
15.968999862670898,8.171999931335451,3.282000064849853
19.274999618530277,6.63100004196167,2.812999963760376
19.97900009155273,6.966000080108643,3.41599988937378
21.03400039672852,7.099999904632568,3.41599988937378
20.82299995422364,6.564000129699707,3.3489999771118164
20.75200080871582,6.09499979019165,2.812999963760376
19.55599975585937,7.97100019454956,2.9470000267028813
20.54100036621093,7.166999816894531,2.611999988555908
20.47100067138672,7.368000030517577,2.5450000762939453
20.68199920654297,6.296000003814697,2.1429998874664307
20.75200080871582,5.894000053405763,2.2100000381469727
20.75200080871582,5.090000152587892,2.009000062942505
20.89299964904785,8.038000106811522,1.2730000019073486
20.47100067138672,8.171999931335451,1.741000056266785
20.26000022888184,6.497000217437744,0.9380000233650208
20.11899948120117,6.831999778747559,1.3400000333786009
20.61199951171875,6.497000217437744,1.2059999704360962
19.76799964904785,7.501999855041504,1.9420000314712524
20.32999992370605,5.692999839782715,1.0049999952316284
19.97900009155273,7.434999942779541,1.406999945640564
18.85300064086914,6.697999954223633,1.5410000085830688
19.83799934387207,6.564000129699707,2.009000062942505
19.274999618530277,6.63100004196167,2.344000101089477
19.69700050354004,7.836999893188477,2.880000114440918
20.048999786376957,7.703000068664551,2.5450000762939453
20.11899948120117,5.827000141143799,1.6740000247955322
21.2450008392334,5.827000141143799,1.9420000314712524
21.525999069213867,6.2290000915527335,2.746000051498413
20.47100067138672,7.301000118255615,2.746000051498413
19.06399917602539,7.099999904632568,2.812999963760376
16.038999557495114,8.371999740600586,2.4110000133514404
19.274999618530277,6.831999778747559,1.406999945640564
19.76799964904785,7.0329999923706055,1.4739999771118164
19.90800094604492,6.09499979019165,1.3400000333786009
19.97900009155273,5.559000015258789,1.3400000333786009
19.97900009155273,6.429999828338622,2.344000101089477
20.26000022888184,8.706999778747559,2.812999963760376
20.54100036621093,11.31999969482422,3.818000078201294
19.83799934387207,10.984999656677246,3.818000078201294
20.61199951171875,10.583000183105469,3.6840000152587886
20.26000022888184,11.052000045776367,3.818000078201294
20.61199951171875,9.51099967956543,2.5450000762939453
19.97900009155273,10.984999656677246,3.282000064849853
20.048999786376957,11.654999732971191,2.9470000267028813
19.76799964904785,12.659000396728516,4.019000053405762
20.400999069213867,8.171999931335451,3.41599988937378
20.68199920654297,6.966000080108643,3.282000064849853
21.45599937438965,7.166999816894531,2.9470000267028813
22.089000701904297,7.568999767303468,2.477999925613404
22.58099937438965,5.692999839782715,2.075999975204468
24.481000900268555,6.429999828338622,2.812999963760376
24.270000457763672,7.0329999923706055,3.2149999141693115
24.19899940490723,6.63100004196167,3.1480000019073486
24.972999572753903,6.296000003814697,3.013999938964844
26.02799987792969,6.966000080108643,2.344000101089477
24.55100059509277,6.429999828338622,1.9420000314712524
23.636999130249023,6.564000129699707,2.1429998874664307
23.847999572753903,6.36299991607666,2.009000062942505
23.21500015258789,5.760000228881836,1.5410000085830688
22.58099937438965,4.822999954223633,1.3400000333786009
22.018999099731445,7.568999767303468,3.6840000152587886
22.018999099731445,11.31999969482422,4.889999866485597
21.597000122070312,10.583000183105469,5.0229997634887695
21.38500022888184,9.3100004196167,4.889999866485597
20.68199920654297,10.3149995803833,4.889999866485597
20.82299995422364,8.640000343322754,4.287000179290772
20.96299934387207,8.371999740600586,3.617000102996826
20.32999992370605,10.91800022125244,4.889999866485597
20.54100036621093,10.04699993133545,4.2199997901916495
20.54100036621093,8.23900032043457,4.689000129699707
22.299999237060547,6.89900016784668,3.750999927520752
22.79199981689453,8.505999565124513,4.554999828338623
22.65200042724609,8.907999992370605,4.287000179290772
23.49600028991699,6.764999866485598,3.6840000152587886
23.42600059509277,7.368000030517577,3.6840000152587886
23.636999130249023,5.960999965667725,3.41599988937378
23.49600028991699,6.831999778747559,4.554999828338623
23.49600028991699,6.564000129699707,3.6840000152587886
23.847999572753903,7.434999942779541,3.3489999771118164
22.51099967956543,6.36299991607666,2.678999900817871
22.933000564575195,6.497000217437744,2.678999900817871
23.847999572753903,5.960999965667725,2.611999988555908
24.691999435424805,5.425000190734863,1.9420000314712524
23.917999267578125,7.903999805450439,3.41599988937378
23.636999130249023,9.3100004196167,4.689000129699707
24.481000900268555,12.458000183105469,2.9470000267028813
22.72200012207031,12.458000183105469,3.750999927520752
22.15900039672852,11.45400047302246,4.956999778747559
22.65200042724609,12.859999656677244,5.827000141143799
24.12899971008301,12.927000045776367,3.750999927520752
23.49600028991699,11.720999717712402,4.48799991607666
23.636999130249023,12.994000434875488,4.48799991607666
23.988000869750977,13.060999870300291,4.956999778747559
23.143999099731445,8.371999740600586,4.689000129699707
25.18400001525879,8.038000106811522,4.3540000915527335
27.506000518798828,8.975000381469727,4.689000129699707
25.88800048828125,9.175999641418455,4.48799991607666
25.465999603271484,6.36299991607666,3.617000102996826
25.04400062561035,7.368000030517577,4.019000053405762
26.66200065612793,6.966000080108643,4.0859999656677255
25.606000900268555,6.63100004196167,3.6840000152587886
25.606000900268555,6.027999877929688,3.41599988937378
25.465999603271484,7.099999904632568,3.1480000019073486
24.62100028991699,6.09499979019165,2.477999925613404
24.12899971008301,6.564000129699707,2.611999988555908
23.42600059509277,6.296000003814697,2.678999900817871
22.58099937438965,5.760000228881836,3.013999938964844
22.229999542236328,7.368000030517577,3.617000102996826
21.73699951171875,10.515999794006348,3.6840000152587886
21.173999786376957,11.92199993133545,3.013999938964844
20.89299964904785,13.19499969482422,5.894000053405763
20.47100067138672,13.128000259399414,6.027999877929688
20.47100067138672,13.19499969482422,6.09499979019165
20.400999069213867,12.123000144958494,5.0229997634887695
19.83799934387207,11.854999542236328,4.822999954223633
20.32999992370605,12.324000358581545,4.48799991607666
19.62700080871582,13.79800033569336,5.692999839782715
20.400999069213867,8.038000106811522,4.287000179290772
20.47100067138672,6.697999954223633,3.818000078201294
20.47100067138672,7.368000030517577,3.3489999771118164
21.10400009155273,8.171999931335451,3.41599988937378
21.45599937438965,5.425000190734863,2.2100000381469727
22.933000564575195,6.831999778747559,3.6840000152587886
22.58099937438965,7.099999904632568,4.3540000915527335
22.229999542236328,5.827000141143799,3.549999952316284
21.45599937438965,6.429999828338622,3.282000064849853
21.03400039672852,7.703000068664551,2.880000114440918
20.47100067138672,6.296000003814697,2.009000062942505
19.83799934387207,6.429999828338622,1.807999968528748
19.69700050354004,6.162000179290772,2.5450000762939453
19.34499931335449,5.760000228881836,3.2149999141693115
19.48600006103516,7.568999767303468,3.013999938964844
19.41600036621093,11.31999969482422,2.678999900817871
16.108999252319336,12.1899995803833,3.95199990272522
17.165000915527347,11.788000106811523,4.019000053405762
16.108999252319336,11.31999969482422,5.625999927520752
14.210000038146973,11.185999870300291,6.027999877929688
17.375999450683597,10.717000007629396,5.357999801635742
17.868000030517578,8.907999992370605,3.617000102996826
17.726999282836914,11.38700008392334,4.3540000915527335
17.375999450683597,11.98900032043457,5.357999801635742
17.868000030517578,11.520999908447266,5.894000053405763
18.290000915527344,7.636000156402588,3.95199990272522
18.21999931335449,8.706999778747559,4.3540000915527335
18.21999931335449,8.706999778747559,4.019000053405762
18.290000915527344,6.162000179290772,2.5450000762939453
13.718000411987305,6.027999877929688,3.818000078201294
18.290000915527344,6.497000217437744,3.549999952316284
19.20499992370605,6.764999866485598,3.750999927520752
19.48600006103516,6.63100004196167,2.880000114440918
19.48600006103516,7.636000156402588,2.611999988555908
19.20499992370605,6.497000217437744,2.4110000133514404
19.06399917602539,5.827000141143799,2.2100000381469727
19.20499992370605,5.425000190734863,2.477999925613404
19.41600036621093,6.296000003814697,2.2100000381469727
20.11899948120117,6.63100004196167,3.013999938964844
20.75200080871582,9.175999641418455,2.2769999504089355
19.20499992370605,11.45400047302246,4.956999778747559
17.937999725341797,11.654999732971191,4.822999954223633
18.21999931335449,11.45400047302246,4.956999778747559
20.11899948120117,11.588000297546388,5.1570000648498535
19.274999618530277,11.520999908447266,4.822999954223633
18.92300033569336,12.524999618530272,4.822999954223633
18.78300094604492,12.458000183105469,4.48799991607666
18.009000778198242,11.119000434875488,4.622000217437744
18.71199989318848,8.840999603271484,4.822999954223633
21.173999786376957,8.038000106811522,4.2199997901916495
20.89299964904785,8.305999755859375,4.287000179290772
21.38500022888184,7.903999805450439,3.617000102996826
20.82299995422364,6.09499979019165,2.9470000267028813
22.15900039672852,5.827000141143799,3.4830000400543213
22.229999542236328,6.429999828338622,3.750999927520752
21.525999069213867,5.894000053405763,3.818000078201294
21.173999786376957,6.09499979019165,3.2149999141693115
21.173999786376957,6.966000080108643,3.282000064849853
19.76799964904785,6.831999778747559,3.2149999141693115
20.26000022888184,6.429999828338622,2.746000051498413
19.83799934387207,5.692999839782715,2.746000051498413
19.62700080871582,7.368000030517577,2.5450000762939453
19.48600006103516,8.505999565124513,4.2199997901916495
18.92300033569336,12.592000007629396,3.41599988937378
18.78300094604492,10.515999794006348,5.0229997634887695
19.274999618530277,11.052000045776367,4.822999954223633
19.06399917602539,8.305999755859375,3.41599988937378
19.06399917602539,10.784000396728516,5.0229997634887695
17.937999725341797,9.979999542236328,5.0229997634887695
17.586999893188473,11.854999542236328,5.357999801635742
17.165000915527347,13.597000122070312,5.559000015258789
16.882999420166016,11.92199993133545,5.692999839782715
17.093999862670902,11.253000259399414,5.625999927520752
18.07900047302246,7.97100019454956,4.019000053405762
18.71199989318848,8.104999542236326,4.3540000915527335
18.43099975585937,8.104999542236326,3.6840000152587886
18.57200050354004,5.290999889373778,2.344000101089477
20.26000022888184,6.831999778747559,3.3489999771118164
19.90800094604492,6.09499979019165,3.013999938964844
19.76799964904785,6.2290000915527335,3.0810000896453857
19.97900009155273,5.625999927520752,2.880000114440918
19.83799934387207,6.564000129699707,2.880000114440918
19.55599975585937,5.827000141143799,2.344000101089477
18.36100006103516,6.09499979019165,2.2769999504089355
16.461000442504886,5.492000102996826,2.2769999504089355
16.391000747680664,4.889999866485597,1.6080000400543213
16.25,7.099999904632568,3.4830000400543213
15.687000274658203,9.51099967956543,4.75600004196167
16.461000442504886,11.92199993133545,5.692999839782715
16.882999420166016,12.79300022125244,6.162000179290772
16.882999420166016,11.119000434875488,4.75600004196167
16.531999588012695,12.458000183105469,5.559000015258789
16.743000030517578,12.458000183105469,4.889999866485597
16.531999588012695,12.123000144958494,5.290999889373778
16.461000442504886,13.32900047302246,5.223999977111816
16.461000442504886,13.19499969482422,5.223999977111816
16.95400047302246,8.975000381469727,4.48799991607666
17.516000747680664,6.831999778747559,4.3540000915527335
17.868000030517578,8.439000129699707,3.95199990272522
18.07900047302246,8.23900032043457,4.019000053405762
18.500999450683597,6.2290000915527335,3.4830000400543213
19.55599975585937,6.2290000915527335,3.3489999771118164
19.06399917602539,6.497000217437744,3.2149999141693115
19.76799964904785,6.63100004196167,4.019000053405762
19.274999618530277,6.36299991607666,3.617000102996826
19.62700080871582,7.368000030517577,3.282000064849853
20.11899948120117,6.697999954223633,2.812999963760376
20.048999786376957,6.296000003814697,2.5450000762939453
19.06399917602539,5.625999927520752,2.2769999504089355
19.06399917602539,6.36299991607666,2.4110000133514404
18.71199989318848,8.171999931335451,3.818000078201294
18.149999618530277,10.449000358581545,4.0859999656677255
17.868000030517578,11.854999542236328,5.625999927520752
17.79800033569336,12.390999794006348,3.41599988937378
17.79800033569336,12.859999656677244,3.549999952316284
17.165000915527347,12.592000007629396,3.2149999141693115
17.445999145507812,12.1899995803833,3.41599988937378
17.516000747680664,11.31999969482422,3.2149999141693115
18.07900047302246,12.927000045776367,2.4110000133514404
17.868000030517578,12.859999656677244,2.678999900817871
18.21999931335449,11.45400047302246,4.75600004196167
18.64200019836425,7.099999904632568,2.9470000267028813
18.36100006103516,6.966000080108643,3.282000064849853
18.36100006103516,7.434999942779541,4.019000053405762
19.06399917602539,5.357999801635742,2.344000101089477
18.71199989318848,7.166999816894531,3.818000078201294
18.71199989318848,5.357999801635742,3.549999952316284
18.64200019836425,6.36299991607666,3.41599988937378
17.868000030517578,5.894000053405763,3.2149999141693115
17.235000610351562,7.368000030517577,3.0810000896453857
16.743000030517578,6.63100004196167,2.5450000762939453
16.601999282836914,6.2290000915527335,2.344000101089477
16.882999420166016,5.625999927520752,2.2769999504089355
16.95400047302246,5.090000152587892,1.6740000247955322
17.165000915527347,4.48799991607666,2.611999988555908
16.391000747680664,7.636000156402588,3.617000102996826
13.506999969482422,9.376999855041504,4.019000053405762
13.435999870300291,9.57800006866455,4.019000053405762
14.491000175476074,9.645000457763672,4.2199997901916495
15.125,9.779000282287598,4.3540000915527335
15.19499969482422,9.979999542236328,4.554999828338623
16.461000442504886,9.779000282287598,4.421000003814697
16.108999252319336,10.3149995803833,3.95199990272522
16.601999282836914,11.052000045776367,4.3540000915527335
16.672000885009766,6.831999778747559,4.421000003814697
17.516000747680664,6.09499979019165,3.2149999141693115
18.009000778198242,7.099999904632568,3.41599988937378
18.07900047302246,7.636000156402588,3.617000102996826
18.009000778198242,5.492000102996826,2.880000114440918
17.445999145507812,6.2290000915527335,3.3489999771118164
17.868000030517578,6.63100004196167,3.0810000896453857
17.79800033569336,6.429999828338622,2.9470000267028813
17.726999282836914,5.357999801635742,2.2100000381469727
18.64200019836425,6.09499979019165,2.5450000762939453
18.92300033569336,5.760000228881836,2.009000062942505
18.71199989318848,6.027999877929688,2.2769999504089355
18.78300094604492,5.625999927520752,2.4110000133514404
18.64200019836425,4.956999778747559,1.9420000314712524
18.64200019836425,6.966000080108643,3.6840000152587886
18.57200050354004,8.840999603271484,2.477999925613404
17.937999725341797,11.31999969482422,3.0810000896453857
17.516000747680664,10.180999755859377,3.4830000400543213
17.726999282836914,10.248000144958496,4.889999866485597
17.375999450683597,8.907999992370605,4.822999954223633
16.882999420166016,10.11400032043457,4.889999866485597
17.165000915527347,9.444000244140623,5.1570000648498535
17.235000610351562,10.180999755859377,4.3540000915527335
17.445999145507812,9.711999893188477,4.152999877929688
17.375999450683597,9.376999855041504,4.554999828338623
17.093999862670902,6.89900016784668,3.617000102996826
17.375999450683597,7.769999980926514,3.617000102996826
17.235000610351562,7.703000068664551,3.282000064849853
17.656999588012695,4.956999778747559,1.741000056266785
17.516000747680664,6.162000179290772,2.9470000267028813
17.445999145507812,7.301000118255615,4.3540000915527335
17.235000610351562,6.09499979019165,3.2149999141693115
17.165000915527347,6.764999866485598,3.2149999141693115
17.093999862670902,7.434999942779541,2.611999988555908
16.531999588012695,6.564000129699707,2.4110000133514404
16.461000442504886,6.497000217437744,2.4110000133514404
14.984000205993652,5.559000015258789,2.2100000381469727
15.406000137329102,6.63100004196167,2.075999975204468
15.053999900817873,8.572999954223633,3.818000078201294
15.125,10.91800022125244,4.689000129699707
15.47599983215332,13.395999908447266,5.223999977111816
15.82800006866455,14.267000198364258,6.429999828338622
15.89799976348877,14.401000022888184,6.564000129699707
15.758000373840332,14.267000198364258,6.831999778747559
14.913999557495115,13.597000122070312,5.894000053405763
14.843000411987305,13.730999946594238,5.0229997634887695
15.616999626159668,15.940999984741213,6.497000217437744
16.038999557495114,14.937000274658203,5.760000228881836
15.19499969482422,10.717000007629396,5.425000190734863
15.82800006866455,7.769999980926514,3.6840000152587886
15.406000137329102,8.77400016784668,4.48799991607666
14.491000175476074,8.23900032043457,4.0859999656677255
15.47599983215332,5.625999927520752,2.009000062942505
14.77299976348877,6.2290000915527335,3.41599988937378
15.19499969482422,7.099999904632568,1.6740000247955322
14.491000175476074,6.63100004196167,2.009000062942505
14.843000411987305,6.09499979019165,1.3400000333786009
15.053999900817873,7.903999805450439,1.5410000085830688
15.47599983215332,6.966000080108643,1.406999945640564
15.54699993133545,6.63100004196167,1.741000056266785
15.758000373840332,5.760000228881836,1.6080000400543213
16.108999252319336,5.090000152587892,0.9380000233650208
15.968999862670898,4.822999954223633,1.807999968528748
15.758000373840332,9.913000106811523,4.019000053405762
15.687000274658203,9.51099967956543,4.2199997901916495
15.47599983215332,9.175999641418455,4.421000003814697
15.82800006866455,8.171999931335451,2.812999963760376
15.758000373840332,7.636000156402588,2.9470000267028813
15.89799976348877,9.175999641418455,3.4830000400543213
15.89799976348877,9.3100004196167,3.282000064849853
15.89799976348877,10.248000144958496,3.549999952316284
16.108999252319336,11.654999732971191,4.0859999656677255
16.672000885009766,9.041999816894531,3.549999952316284
16.882999420166016,6.764999866485598,2.678999900817871
17.586999893188473,8.706999778747559,4.019000053405762
17.445999145507812,8.23900032043457,3.617000102996826
18.43099975585937,5.894000053405763,1.6740000247955322
19.06399917602539,6.2290000915527335,2.4110000133514404
19.06399917602539,5.290999889373778,2.2100000381469727
18.85300064086914,6.429999828338622,2.2769999504089355
19.20499992370605,5.827000141143799,1.4739999771118164
19.62700080871582,7.0329999923706055,1.5410000085830688
19.274999618530277,6.831999778747559,1.0720000267028809
19.06399917602539,6.564000129699707,0.8040000200271606
19.20499992370605,6.027999877929688,1.2059999704360962
19.62700080871582,7.836999893188477,2.2100000381469727
20.47100067138672,8.171999931335451,2.477999925613404
21.2450008392334,11.31999969482422,4.152999877929688
20.82299995422364,13.730999946594238,5.960999965667725
20.68199920654297,13.730999946594238,5.827000141143799
22.018999099731445,12.859999656677244,4.554999828338623
21.73699951171875,13.864999771118164,5.827000141143799
18.85300064086914,13.19499969482422,5.090000152587892
18.57200050354004,12.859999656677244,5.090000152587892
19.34499931335449,13.932000160217283,5.223999977111816
19.55599975585937,11.588000297546388,3.282000064849853
20.54100036621093,8.171999931335451,3.2149999141693115
19.76799964904785,6.429999828338622,3.2149999141693115
21.2450008392334,7.434999942779541,2.880000114440918
21.38500022888184,7.703000068664551,2.812999963760376
21.87800025939941,4.889999866485597,1.3400000333786009
22.299999237060547,6.09499979019165,2.344000101089477
22.018999099731445,5.223999977111816,2.812999963760376
21.03400039672852,5.223999977111816,2.1429998874664307
21.808000564575195,5.894000053405763,2.678999900817871
21.173999786376957,6.697999954223633,2.2769999504089355
21.38500022888184,6.429999828338622,1.9420000314712524
20.75200080871582,5.960999965667725,1.6080000400543213
19.48600006103516,5.357999801635742,1.3400000333786009
18.85300064086914,4.554999828338623,1.2730000019073486
20.68199920654297,6.564000129699707,2.880000114440918
20.11899948120117,6.966000080108643,2.4110000133514404
19.41600036621093,11.052000045776367,4.622000217437744
19.55599975585937,10.85099983215332,4.3540000915527335
19.55599975585937,9.845999717712402,4.0859999656677255
18.71199989318848,10.11400032043457,4.554999828338623
19.274999618530277,10.649999618530272,4.019000053405762
19.62700080871582,10.784000396728516,4.2199997901916495
18.36100006103516,11.98900032043457,4.287000179290772
18.99399948120117,11.588000297546388,4.287000179290772
18.71199989318848,9.979999542236328,3.6840000152587886
20.048999786376957,6.429999828338622,2.5450000762939453
20.190000534057614,7.099999904632568,2.9470000267028813
19.69700050354004,7.501999855041504,2.5450000762939453
20.61199951171875,4.689000129699707,1.6740000247955322
20.82299995422364,4.956999778747559,1.6740000247955322
20.47100067138672,6.2290000915527335,2.812999963760376
20.82299995422364,6.296000003814697,2.5450000762939453
20.26000022888184,5.894000053405763,2.1429998874664307
20.82299995422364,6.966000080108643,2.009000062942505
20.32999992370605,6.831999778747559,1.6740000247955322
19.90800094604492,6.497000217437744,1.875
20.11899948120117,5.960999965667725,1.9420000314712524
20.11899948120117,4.889999866485597,1.3400000333786009
19.274999618530277,4.889999866485597,2.075999975204468
18.57200050354004,5.692999839782715,2.2100000381469727
18.500999450683597,10.515999794006348,2.9470000267028813
18.07900047302246,10.784000396728516,2.344000101089477
18.290000915527344,9.979999542236328,2.1429998874664307
18.009000778198242,9.779000282287598,2.009000062942505
18.21999931335449,9.913000106811523,2.678999900817871
18.07900047302246,10.717000007629396,2.009000062942505
18.21999931335449,10.649999618530272,1.807999968528748
17.79800033569336,10.381999969482422,1.741000056266785
17.868000030517578,6.2290000915527335,1.1390000581741333
18.43099975585937,6.564000129699707,1.6080000400543213
19.06399917602539,7.434999942779541,1.0720000267028809
19.48600006103516,7.568999767303468,1.6080000400543213
19.41600036621093,4.822999954223633,0.2680000066757202
19.90800094604492,5.090000152587892,0.0
20.47100067138672,6.296000003814697,1.0049999952316284
20.26000022888184,5.760000228881836,1.0720000267028809
20.47100067138672,6.027999877929688,0.06700000166893
20.96299934387207,7.368000030517577,-0.1340000033378601
20.190000534057614,6.764999866485598,0.1340000033378601
19.90800094604492,6.296000003814697,0.06700000166893
19.62700080871582,5.760000228881836,0.0
19.48600006103516,5.0229997634887695,-0.9380000233650208
19.274999618530277,9.845999717712402,2.1429998874664307
19.55599975585937,11.520999908447266,3.013999938964844
19.69700050354004,13.395999908447266,3.884999990463257
19.48600006103516,11.720999717712402,3.41599988937378
19.48600006103516,11.92199993133545,3.750999927520752
19.76799964904785,12.256999969482422,3.282000064849853
19.83799934387207,11.520999908447266,3.013999938964844
19.97900009155273,12.927000045776367,3.282000064849853
19.90800094604492,13.663999557495115,2.880000114440918
19.76799964904785,12.524999618530272,3.013999938964844
19.69700050354004,11.052000045776367,3.2149999141693115
20.11899948120117,7.301000118255615,0.9380000233650208
20.82299995422364,7.636000156402588,1.406999945640564
21.03400039672852,8.23900032043457,1.1390000581741333
21.10400009155273,5.492000102996826,0.4690000116825104
21.173999786376957,5.625999927520752,0.7369999885559082
20.82299995422364,6.09499979019165,1.406999945640564
20.82299995422364,6.429999828338622,1.1390000581741333
20.89299964904785,6.564000129699707,0.8709999918937683
19.83799934387207,6.697999954223633,0.5360000133514404
19.48600006103516,6.564000129699707,0.1340000033378601
19.41600036621093,6.63100004196167,0.0
19.274999618530277,6.162000179290772,0.0
19.62700080871582,5.492000102996826,0.1340000033378601
18.71199989318848,5.692999839782715,0.7369999885559082
18.85300064086914,7.434999942779541,1.6740000247955322
18.71199989318848,7.636000156402588,1.807999968528748
18.64200019836425,7.769999980926514,1.2730000019073486
18.500999450683597,8.572999954223633,2.5450000762939453
17.656999588012695,7.301000118255615,1.2059999704360962
14.843000411987305,7.434999942779541,1.3400000333786009
14.069000244140623,6.497000217437744,0.5360000133514404
14.843000411987305,7.703000068664551,1.2059999704360962
16.95400047302246,9.645000457763672,1.9420000314712524
17.868000030517578,7.501999855041504,1.741000056266785
18.009000778198242,7.166999816894531,1.1390000581741333
17.305000305175778,7.903999805450439,1.3400000333786009
17.516000747680664,7.97100019454956,1.406999945640564
18.290000915527344,5.090000152587892,0.4690000116825104
18.149999618530277,5.0229997634887695,-0.06700000166893
14.77299976348877,6.497000217437744,1.3400000333786009
13.085000038146973,6.564000129699707,1.406999945640564
13.085000038146973,7.301000118255615,1.0049999952316284
12.451000213623049,8.038000106811522,0.3350000083446503
12.732999801635742,6.564000129699707,0.06700000166893
16.461000442504886,5.827000141143799,-0.2010000050067901
15.265000343322756,5.425000190734863,-0.3350000083446503
16.601999282836914,6.697999954223633,0.06700000166893
17.02400016784668,8.305999755859375,1.807999968528748
16.95400047302246,9.3100004196167,1.741000056266785
16.95400047302246,12.390999794006348,3.282000064849853
17.656999588012695,12.324000358581545,4.2199997901916495
17.79800033569336,12.72599983215332,3.282000064849853
17.445999145507812,12.524999618530272,3.6840000152587886
14.42099952697754,12.72599983215332,3.0810000896453857
17.165000915527347,12.592000007629396,3.1480000019073486
17.656999588012695,13.663999557495115,3.0810000896453857
15.968999862670898,14.199999809265137,3.0810000896453857
18.009000778198242,10.11400032043457,2.5450000762939453
17.868000030517578,7.836999893188477,1.6740000247955322
18.21999931335449,8.77400016784668,1.9420000314712524
18.92300033569336,8.77400016784668,1.741000056266785
18.21999931335449,5.960999965667725,0.3350000083446503
17.445999145507812,6.831999778747559,1.807999968528748
18.07900047302246,8.439000129699707,2.075999975204468
17.868000030517578,8.171999931335451,2.4110000133514404
18.009000778198242,6.831999778747559,1.2730000019073486
14.913999557495115,7.636000156402588,0.9380000233650208
18.21999931335449,7.234000205993652,0.1340000033378601
18.21999931335449,6.831999778747559,0.06700000166893
17.445999145507812,6.697999954223633,0.1340000033378601
16.531999588012695,6.966000080108643,0.5360000133514404
17.656999588012695,8.038000106811522,1.2730000019073486
14.491000175476074,5.894000053405763,1.406999945640564
13.928999900817873,11.45400047302246,2.880000114440918
12.661999702453612,9.57800006866455,2.2100000381469727
12.661999702453612,9.3100004196167,2.477999925613404
13.857999801635742,8.77400016784668,2.2100000381469727
13.506999969482422,6.89900016784668,0.8040000200271606
15.616999626159668,6.2290000915527335,-0.2010000050067901
12.732999801635742,6.89900016784668,0.6700000166893005
12.100000381469728,8.907999992370605,1.0049999952316284
12.380999565124512,8.23900032043457,1.406999945640564
11.888999938964846,7.836999893188477,1.2730000019073486
11.536999702453612,8.104999542236326,1.0049999952316284
11.043999671936035,9.041999816894531,1.741000056266785
11.326000213623049,6.564000129699707,1.0720000267028809
10.833000183105469,6.966000080108643,1.1390000581741333
10.973999977111816,7.568999767303468,1.741000056266785
10.552000045776367,8.171999931335451,2.009000062942505
14.77299976348877,6.497000217437744,0.5360000133514404
14.913999557495115,7.434999942779541,0.8709999918937683
15.125,6.831999778747559,0.5360000133514404
16.531999588012695,6.63100004196167,0.4020000100135803
12.732999801635742,5.827000141143799,0.3350000083446503
14.70300006866455,4.956999778747559,0.3350000083446503
14.984000205993652,6.09499979019165,0.5360000133514404
15.19499969482422,7.636000156402588,0.6700000166893005
14.843000411987305,9.376999855041504,1.6080000400543213
14.140000343322756,8.505999565124513,2.075999975204468
15.19499969482422,8.171999931335451,1.3400000333786009
15.265000343322756,8.706999778747559,1.406999945640564
14.843000411987305,7.234000205993652,1.875
13.99899959564209,9.109000205993652,1.9420000314712524
14.70300006866455,10.649999618530272,2.4110000133514404
15.053999900817873,11.588000297546388,2.880000114440918
15.19499969482422,11.788000106811523,3.6840000152587886
14.35099983215332,9.57800006866455,3.013999938964844
15.265000343322756,10.649999618530272,3.549999952316284
16.320999145507812,10.381999969482422,2.9470000267028813
14.279999732971191,7.368000030517577,2.2769999504089355
14.913999557495115,8.706999778747559,2.4110000133514404
16.108999252319336,8.305999755859375,2.880000114440918
16.601999282836914,8.907999992370605,3.1480000019073486
15.336000442504885,7.836999893188477,1.807999968528748
14.491000175476074,9.041999816894531,2.009000062942505
15.19499969482422,7.368000030517577,0.8709999918937683
15.54699993133545,6.831999778747559,0.5360000133514404
15.47599983215332,6.09499979019165,0.2680000066757202
16.601999282836914,5.425000190734863,0.4020000100135803
16.95400047302246,6.2290000915527335,1.2730000019073486
16.038999557495114,6.697999954223633,1.0720000267028809
15.47599983215332,10.717000007629396,2.2100000381469727
16.461000442504886,9.979999542236328,2.2100000381469727
17.093999862670902,10.04699993133545,1.875
16.882999420166016,10.717000007629396,2.9470000267028813
17.445999145507812,10.91800022125244,3.2149999141693115
17.305000305175778,10.649999618530272,2.2100000381469727
15.758000373840332,11.788000106811523,2.880000114440918
15.406000137329102,13.730999946594238,3.884999990463257
17.02400016784668,9.376999855041504,2.4110000133514404
15.336000442504885,15.06999969482422,2.4110000133514404
18.07900047302246,16.208999633789062,2.009000062942505
18.57200050354004,18.55299949645996,3.3489999771118164
18.43099975585937,14.199999809265137,2.075999975204468
18.85300064086914,13.597000122070312,2.477999925613404
18.43099975585937,15.739999771118164,4.287000179290772
18.92300033569336,15.20400047302246,4.554999828338623
20.82299995422364,15.20400047302246,3.3489999771118164
19.274999618530277,8.975000381469727,2.9470000267028813
18.290000915527344,7.434999942779541,2.2769999504089355
19.41600036621093,7.0329999923706055,2.1429998874664307
19.06399917602539,6.09499979019165,2.075999975204468
17.445999145507812,5.1570000648498535,1.875
17.305000305175778,7.099999904632568,3.1480000019073486
14.631999969482422,9.3100004196167,3.95199990272522
13.085000038146973,9.57800006866455,4.48799991607666
11.467000007629396,10.04699993133545,4.689000129699707
10.552000045776367,9.041999816894531,4.019000053405762
12.661999702453612,10.04699993133545,4.287000179290772
13.225000381469728,9.711999893188477,3.4830000400543213
13.506999969482422,9.979999542236328,3.818000078201294
14.140000343322756,11.119000434875488,3.818000078201294
13.013999938964846,12.592000007629396,4.75600004196167
15.89799976348877,8.706999778747559,3.95199990272522
14.77299976348877,8.371999740600586,3.2149999141693115
14.984000205993652,8.305999755859375,3.282000064849853
14.913999557495115,8.371999740600586,3.750999927520752
14.140000343322756,6.63100004196167,2.746000051498413
13.99899959564209,6.697999954223633,3.0810000896453857
15.47599983215332,7.836999893188477,3.617000102996826
14.140000343322756,7.903999805450439,4.019000053405762
14.491000175476074,7.97100019454956,3.282000064849853
14.77299976348877,8.706999778747559,3.0810000896453857
14.491000175476074,7.568999767303468,2.2769999504089355
14.069000244140623,6.966000080108643,2.009000062942505
13.718000411987305,6.36299991607666,2.1429998874664307
13.435999870300291,6.89900016784668,1.0049999952316284
13.435999870300291,7.501999855041504,2.5450000762939453
12.732999801635742,9.444000244140623,3.549999952316284
13.154999732971191,13.395999908447266,4.956999778747559
12.239999771118164,11.119000434875488,3.3489999771118164
9.21500015258789,12.659000396728516,4.48799991607666
11.326000213623049,12.859999656677244,4.956999778747559
9.145000457763672,12.79300022125244,4.956999778747559
8.159999847412111,12.458000183105469,3.6840000152587886
9.21500015258789,11.92199993133545,4.287000179290772
8.86400032043457,14.468000411987305,4.822999954223633
9.918999671936035,10.984999656677246,5.357999801635742
9.425999641418455,10.515999794006348,4.689000129699707
8.230999946594237,9.109000205993652,4.554999828338623
7.526999950408935,10.3149995803833,4.956999778747559
10.904000282287598,7.769999980926514,2.880000114440918
11.958999633789062,7.903999805450439,4.019000053405762
12.239999771118164,8.104999542236326,3.617000102996826
12.380999565124512,7.568999767303468,3.282000064849853
9.355999946594238,8.439000129699707,3.617000102996826
13.013999938964846,9.645000457763672,3.617000102996826
14.42099952697754,8.305999755859375,2.9470000267028813
14.210000038146973,7.769999980926514,2.880000114440918
10.621999740600586,6.564000129699707,2.477999925613404
10.199999809265137,7.568999767303468,2.5450000762939453
12.732999801635742,8.706999778747559,3.1480000019073486
8.230999946594237,10.04699993133545,4.622000217437744
7.809000015258789,12.055999755859377,5.0229997634887695
8.090000152587889,11.38700008392334,5.223999977111816
10.973999977111816,11.854999542236328,5.960999965667725
12.029000282287598,11.654999732971191,5.894000053405763
11.748000144958494,11.720999717712402,5.894000053405763
12.029000282287598,11.854999542236328,5.492000102996826
12.380999565124512,11.520999908447266,4.822999954223633
11.1850004196167,13.99899959564209,6.027999877929688
9.425999641418455,12.1899995803833,5.425000190734863
8.652999877929688,10.248000144958496,4.75600004196167
8.51200008392334,10.784000396728516,5.357999801635742
11.1850004196167,10.984999656677246,4.822999954223633
11.958999633789062,7.97100019454956,3.617000102996826
11.817999839782717,9.57800006866455,5.1570000648498535
12.944000244140623,8.77400016784668,5.1570000648498535
13.154999732971191,8.305999755859375,4.889999866485597
14.279999732971191,8.505999565124513,3.95199990272522
15.125,10.04699993133545,4.152999877929688
15.47599983215332,8.572999954223633,3.2149999141693115
17.165000915527347,8.171999931335451,3.2149999141693115
18.43099975585937,6.966000080108643,2.5450000762939453
18.92300033569336,6.429999828338622,2.2100000381469727
18.99399948120117,5.692999839782715,2.812999963760376
17.093999862670902,8.840999603271484,3.617000102996826
15.968999862670898,10.717000007629396,3.6840000152587886
15.47599983215332,9.979999542236328,3.013999938964844
13.29599952697754,8.104999542236326,2.344000101089477
12.239999771118164,8.706999778747559,3.013999938964844
15.47599983215332,9.109000205993652,2.812999963760376
12.803000450134276,8.907999992370605,2.880000114440918
12.944000244140623,9.041999816894531,2.611999988555908
15.406000137329102,11.31999969482422,3.1480000019073486
10.270999908447266,8.572999954223633,1.807999968528748
9.98900032043457,7.903999805450439,1.807999968528748
9.425999641418455,9.175999641418455,2.075999975204468
10.482000350952148,10.180999755859377,2.075999975204468
10.0600004196167,7.568999767303468,1.5410000085830688
10.130000114440918,7.434999942779541,2.009000062942505
11.678000450134276,7.636000156402588,2.2100000381469727
12.029000282287598,7.769999980926514,2.1429998874664307
13.225000381469728,7.368000030517577,1.6740000247955322
13.788000106811523,8.640000343322754,1.2730000019073486
12.522000312805176,7.568999767303468,0.4690000116825104
12.380999565124512,6.764999866485598,0.2010000050067901
12.029000282287598,6.027999877929688,0.06700000166893
11.326000213623049,6.89900016784668,-0.4020000100135803
7.73799991607666,7.703000068664551,1.0720000267028809
9.777999877929688,8.840999603271484,1.2730000019073486
8.722999572753906,13.19499969482422,3.3489999771118164
9.708000183105469,12.458000183105469,2.678999900817871
7.73799991607666,13.128000259399414,3.2149999141693115
6.823999881744385,12.79300022125244,2.344000101089477
5.697999954223633,12.927000045776367,2.746000051498413
4.994999885559082,13.395999908447266,2.9470000267028813
4.8540000915527335,12.859999656677244,2.344000101089477
6.823999881744385,16.343000411987305,3.95199990272522
4.64300012588501,10.583000183105469,3.282000064849853
4.501999855041504,9.175999641418455,2.009000062942505
8.371000289916992,9.3100004196167,2.4110000133514404
9.074999809265137,10.04699993133545,1.875
10.482000350952148,7.97100019454956,2.009000062942505
10.833000183105469,7.97100019454956,1.875
10.270999908447266,7.434999942779541,1.807999968528748
9.21500015258789,7.301000118255615,1.3400000333786009
9.777999877929688,7.234000205993652,0.6700000166893005
9.777999877929688,8.640000343322754,0.9380000233650208
9.98900032043457,7.636000156402588,0.4690000116825104
10.199999809265137,6.764999866485598,0.2010000050067901
12.029000282287598,6.564000129699707,0.4020000100135803
12.170000076293944,5.625999927520752,0.3350000083446503
11.467000007629396,6.564000129699707,1.406999945640564
13.99899959564209,6.027999877929688,0.6700000166893005
13.647000312805176,7.568999767303468,1.6080000400543213
13.29599952697754,7.099999904632568,0.9380000233650208
13.928999900817873,8.23900032043457,2.009000062942505
12.732999801635742,7.903999805450439,2.075999975204468
13.29599952697754,8.505999565124513,1.6740000247955322
11.888999938964846,8.371999740600586,1.807999968528748
11.467000007629396,9.444000244140623,1.5410000085830688
11.958999633789062,11.588000297546388,2.2769999504089355
11.255999565124512,9.711999893188477,1.4739999771118164
11.607000350952148,7.836999893188477,2.009000062942505
11.888999938964846,7.636000156402588,1.6080000400543213
12.239999771118164,8.77400016784668,1.807999968528748
13.366000175476074,6.63100004196167,0.6029999852180481
13.225000381469728,6.764999866485598,0.7369999885559082
13.99899959564209,7.568999767303468,1.406999945640564
14.491000175476074,7.703000068664551,1.9420000314712524
14.631999969482422,6.497000217437744,1.0049999952316284
15.54699993133545,8.038000106811522,0.8709999918937683
15.406000137329102,7.434999942779541,0.2680000066757202
15.687000274658203,7.166999816894531,0.2680000066757202
13.29599952697754,5.625999927520752,-0.2010000050067901
12.592000007629396,4.622000217437744,-0.9380000233650208
12.310999870300291,5.425000190734863,0.6700000166893005
12.803000450134276,6.831999778747559,1.0049999952316284
13.154999732971191,11.31999969482422,2.611999988555908
13.154999732971191,11.31999969482422,2.611999988555908
13.154999732971191,11.31999969482422,2.611999988555908
13.154999732971191,11.31999969482422,2.611999988555908
13.154999732971191,11.31999969482422,2.611999988555908
13.154999732971191,11.31999969482422,2.611999988555908
13.154999732971191,11.31999969482422,2.611999988555908
13.154999732971191,11.31999969482422,2.611999988555908
13.154999732971191,11.31999969482422,2.611999988555908
13.154999732971191,11.31999969482422,2.611999988555908
13.154999732971191,11.31999969482422,2.611999988555908
13.154999732971191,11.31999969482422,2.611999988555908
13.154999732971191,11.31999969482422,2.611999988555908
13.154999732971191,11.31999969482422,2.611999988555908
13.154999732971191,11.31999969482422,2.611999988555908
13.154999732971191,11.31999969482422,2.611999988555908
13.154999732971191,11.31999969482422,2.611999988555908
13.154999732971191,11.31999969482422,2.611999988555908
13.154999732971191,11.31999969482422,2.611999988555908
13.154999732971191,11.31999969482422,2.611999988555908
13.154999732971191,11.31999969482422,2.611999988555908
13.154999732971191,11.31999969482422,2.611999988555908
13.154999732971191,11.31999969482422,2.611999988555908
13.154999732971191,11.31999969482422,2.611999988555908
8.51200008392334,10.984999656677246,3.0810000896453857
9.074999809265137,10.91800022125244,2.4110000133514404
8.652999877929688,11.253000259399414,2.9470000267028813
8.793000221252441,10.515999794006348,2.4110000133514404
8.86400032043457,10.11400032043457,1.6080000400543213
9.21500015258789,10.3149995803833,2.1429998874664307
9.777999877929688,10.984999656677246,1.741000056266785
10.270999908447266,8.706999778747559,0.4690000116825104
9.98900032043457,8.104999542236326,0.4020000100135803
10.130000114440918,6.36299991607666,-0.2010000050067901
10.41100025177002,7.434999942779541,0.9380000233650208
10.270999908447266,7.97100019454956,0.9380000233650208
10.904000282287598,5.894000053405763,0.4690000116825104
11.678000450134276,5.827000141143799,0.6700000166893005
12.310999870300291,4.689000129699707,0.6029999852180481
12.803000450134276,5.357999801635742,-0.2680000066757202
12.803000450134276,5.0229997634887695,-0.4020000100135803
12.310999870300291,6.697999954223633,-0.6700000166893005
11.748000144958494,7.501999855041504,-0.06700000166893
11.748000144958494,6.831999778747559,-0.2010000050067901
12.592000007629396,5.894000053405763,-0.2010000050067901
11.817999839782717,5.625999927520752,0.06700000166893
11.678000450134276,4.622000217437744,0.0
11.748000144958494,5.425000190734863,0.8040000200271606
11.607000350952148,6.89900016784668,1.0720000267028809
11.255999565124512,6.162000179290772,0.6029999852180481
11.326000213623049,6.497000217437744,0.8709999918937683
11.395999908447266,6.697999954223633,0.9380000233650208
10.904000282287598,5.625999927520752,0.8040000200271606
11.1850004196167,7.636000156402588,1.0720000267028809
11.958999633789062,8.104999542236326,0.8040000200271606
11.678000450134276,8.439000129699707,0.6029999852180481
11.467000007629396,7.568999767303468,1.807999968528748
11.678000450134276,7.368000030517577,1.5410000085830688
13.085000038146973,7.568999767303468,1.1390000581741333
14.35099983215332,9.041999816894531,1.6080000400543213
13.506999969482422,5.625999927520752,-0.06700000166893
15.47599983215332,5.692999839782715,0.9380000233650208
17.02400016784668,6.09499979019165,1.0720000267028809
16.180000305175778,6.429999828338622,1.0720000267028809
17.868000030517578,6.2290000915527335,0.2680000066757202
18.57200050354004,7.769999980926514,0.06700000166893
15.54699993133545,7.099999904632568,0.0
15.125,6.966000080108643,0.06700000166893
15.406000137329102,6.63100004196167,0.2010000050067901
13.788000106811523,7.568999767303468,-0.1340000033378601
15.053999900817873,9.779000282287598,2.678999900817871
14.35099983215332,11.588000297546388,3.6840000152587886
14.984000205993652,16.275999069213867,5.357999801635742
14.069000244140623,14.937000274658203,4.622000217437744
15.54699993133545,15.739999771118164,5.760000228881836
15.053999900817873,14.803000450134276,4.2199997901916495
15.54699993133545,16.075000762939453,4.822999954223633
16.180000305175778,14.53499984741211,4.0859999656677255
16.25,16.67799949645996,4.019000053405762
15.82800006866455,17.079999923706055,3.95199990272522
18.009000778198242,11.31999969482422,2.678999900817871
17.868000030517578,7.769999980926514,0.8709999918937683
18.71199989318848,7.703000068664551,1.875
18.290000915527344,8.371999740600586,1.5410000085830688
18.290000915527344,6.296000003814697,0.4690000116825104
21.38500022888184,5.625999927520752,1.0720000267028809
21.38500022888184,6.497000217437744,1.3400000333786009
19.62700080871582,5.692999839782715,1.0049999952316284
20.190000534057614,6.09499979019165,0.3350000083446503
20.68199920654297,7.568999767303468,0.06700000166893
17.937999725341797,7.434999942779541,0.0
17.586999893188473,7.166999816894531,0.2010000050067901
16.95400047302246,6.36299991607666,0.0
16.743000030517578,5.559000015258789,-0.3350000083446503
16.320999145507812,8.505999565124513,1.3400000333786009
16.391000747680664,10.91800022125244,3.0810000896453857
16.812999725341793,11.92199993133545,3.0810000896453857
15.89799976348877,10.91800022125244,3.0810000896453857
16.320999145507812,11.185999870300291,3.6840000152587886
15.758000373840332,11.720999717712402,3.3489999771118164
15.47599983215332,11.588000297546388,3.282000064849853
15.19499969482422,10.984999656677246,2.4110000133514404
15.758000373840332,11.119000434875488,1.6740000247955322
15.47599983215332,13.529999732971191,3.818000078201294
15.47599983215332,10.717000007629396,2.2100000381469727
17.726999282836914,10.717000007629396,3.013999938964844
17.516000747680664,8.171999931335451,1.0049999952316284
18.57200050354004,8.706999778747559,1.741000056266785
18.57200050354004,5.760000228881836,0.4020000100135803
20.47100067138672,6.697999954223633,1.3400000333786009
21.947999954223643,6.027999877929688,1.5410000085830688
19.97900009155273,6.2290000915527335,1.0049999952316284
20.82299995422364,6.564000129699707,1.0049999952316284
21.947999954223643,7.769999980926514,0.4020000100135803
20.26000022888184,7.501999855041504,0.1340000033378601
18.500999450683597,7.0329999923706055,-0.2010000050067901
18.92300033569336,6.162000179290772,-0.4020000100135803
18.92300033569336,5.425000190734863,-0.4690000116825104
19.06399917602539,7.301000118255615,0.9380000233650208
17.79800033569336,8.907999992370605,1.6080000400543213
17.656999588012695,12.458000183105469,3.3489999771118164
17.305000305175778,12.458000183105469,3.4830000400543213
18.500999450683597,11.98900032043457,3.6840000152587886
18.57200050354004,12.592000007629396,3.41599988937378
16.95400047302246,12.390999794006348,3.282000064849853
16.95400047302246,12.1899995803833,3.013999938964844
17.726999282836914,13.19499969482422,3.282000064849853
18.21999931335449,13.463000297546388,3.2149999141693115
18.92300033569336,8.907999992370605,2.1429998874664307
18.85300064086914,7.166999816894531,1.406999945640564
18.43099975585937,7.703000068664551,1.875
18.21999931335449,8.371999740600586,1.1390000581741333
18.85300064086914,6.2290000915527335,0.5360000133514404
22.089000701904297,6.89900016784668,1.3400000333786009
24.270000457763672,6.09499979019165,0.9380000233650208
22.3700008392334,6.2290000915527335,1.6740000247955322
23.49600028991699,6.36299991607666,1.2059999704360962
22.933000564575195,8.104999542236326,1.0049999952316284
20.190000534057614,7.501999855041504,0.4020000100135803
19.274999618530277,6.966000080108643,0.1340000033378601
19.97900009155273,6.09499979019165,0.2010000050067901
19.41600036621093,5.492000102996826,-0.6700000166893005
19.274999618530277,8.907999992370605,1.807999968528748
19.13400077819824,10.04699993133545,2.1429998874664307
19.13400077819824,9.913000106811523,3.2149999141693115
19.274999618530277,7.769999980926514,2.2100000381469727
19.06399917602539,8.77400016784668,2.812999963760376
18.64200019836425,8.77400016784668,1.875
18.500999450683597,9.243000030517578,2.344000101089477
18.64200019836425,8.439000129699707,1.5410000085830688
17.656999588012695,9.645000457763672,1.6740000247955322
15.968999862670898,10.91800022125244,2.2100000381469727
16.672000885009766,8.171999931335451,1.6080000400543213
17.165000915527347,6.497000217437744,1.0049999952316284
17.445999145507812,7.234000205993652,0.9380000233650208
18.009000778198242,7.234000205993652,0.9380000233650208
18.21999931335449,5.492000102996826,0.2010000050067901
19.97900009155273,5.090000152587892,0.6700000166893005
20.190000534057614,5.894000053405763,0.8040000200271606
19.69700050354004,5.692999839782715,0.8040000200271606
20.400999069213867,5.492000102996826,0.4690000116825104
20.32999992370605,6.89900016784668,0.4020000100135803
19.06399917602539,7.166999816894531,0.1340000033378601
17.516000747680664,6.764999866485598,0.06700000166893
16.95400047302246,5.760000228881836,-0.06700000166893
16.672000885009766,6.429999828338622,-0.4020000100135803
16.672000885009766,9.376999855041504,1.3400000333786009
16.180000305175778,9.779000282287598,1.6740000247955322
15.406000137329102,14.267000198364258,3.617000102996826
15.19499969482422,14.133000373840332,3.617000102996826
14.913999557495115,11.31999969482422,3.013999938964844
15.125,13.463000297546388,3.549999952316284
15.47599983215332,13.99899959564209,3.884999990463257
16.038999557495114,12.994000434875488,3.013999938964844
16.320999145507812,13.79800033569336,2.880000114440918
16.25,15.67300033569336,3.41599988937378
16.743000030517578,12.592000007629396,2.746000051498413
17.235000610351562,7.769999980926514,1.2059999704360962
16.95400047302246,7.568999767303468,1.4739999771118164
16.882999420166016,8.171999931335451,1.406999945640564
14.491000175476074,6.2290000915527335,0.5360000133514404
12.803000450134276,5.760000228881836,0.9380000233650208
12.100000381469728,6.497000217437744,1.0049999952316284
11.467000007629396,6.697999954223633,1.0049999952316284
9.425999641418455,6.564000129699707,0.6700000166893005
8.51200008392334,8.104999542236326,0.6029999852180481
8.934000015258789,6.764999866485598,-0.06700000166893
9.425999641418455,6.09499979019165,0.0
12.029000282287598,5.357999801635742,-0.06700000166893
11.326000213623049,4.3540000915527335,-0.4020000100135803
12.732999801635742,6.764999866485598,1.0049999952316284
9.708000183105469,9.51099967956543,1.6080000400543213
10.270999908447266,10.649999618530272,2.477999925613404
10.0600004196167,7.166999816894531,1.9420000314712524
9.777999877929688,8.171999931335451,1.2730000019073486
7.73799991607666,10.04699993133545,2.1429998874664307
8.652999877929688,9.444000244140623,1.6080000400543213
8.581999778747559,8.038000106811522,0.8040000200271606
6.823999881744385,10.91800022125244,2.009000062942505
8.300999641418457,10.91800022125244,1.6080000400543213
8.86400032043457,10.04699993133545,2.1429998874664307
8.86400032043457,7.434999942779541,0.8040000200271606
8.793000221252441,8.907999992370605,1.807999968528748
10.833000183105469,8.907999992370605,1.807999968528748
11.114999771118164,6.09499979019165,0.7369999885559082
11.467000007629396,6.09499979019165,1.1390000581741333
11.748000144958494,7.166999816894531,1.4739999771118164
11.678000450134276,7.099999904632568,1.3400000333786009
11.536999702453612,6.966000080108643,1.2059999704360962
12.170000076293944,8.371999740600586,1.0049999952316284
11.326000213623049,7.903999805450439,0.4690000116825104
10.340999603271484,7.234000205993652,0.2010000050067901
9.848999977111816,6.296000003814697,0.0
8.581999778747559,5.625999927520752,-0.06700000166893
8.934000015258789,5.559000015258789,0.1340000033378601
8.159999847412111,7.903999805450439,0.4690000116825104
8.159999847412111,10.984999656677246,2.1429998874664307
7.879000186920166,8.171999931335451,1.0720000267028809
7.597000122070312,6.697999954223633,0.5360000133514404
8.230999946594237,7.234000205993652,0.8040000200271606
7.879000186920166,7.903999805450439,1.3400000333786009
7.948999881744385,8.371999740600586,0.9380000233650208
7.315999984741211,9.175999641418455,0.6700000166893005
7.456999778747559,9.243000030517578,1.0049999952316284
7.456999778747559,5.559000015258789,0.5360000133514404
9.145000457763672,6.966000080108643,0.8709999918937683
9.425999641418455,6.027999877929688,0.6029999852180481
10.199999809265137,6.764999866485598,0.5360000133514404
9.918999671936035,4.956999778747559,-0.9380000233650208
9.98900032043457,7.166999816894531,1.1390000581741333
10.482000350952148,7.769999980926514,2.477999925613404
11.1850004196167,7.0329999923706055,1.6740000247955322
12.100000381469728,8.104999542236326,2.1429998874664307
12.239999771118164,9.779000282287598,2.344000101089477
12.944000244140623,8.305999755859375,1.2059999704360962
12.522000312805176,7.836999893188477,1.2059999704360962
12.592000007629396,7.234000205993652,1.5410000085830688
12.100000381469728,7.568999767303468,0.2680000066757202
12.451000213623049,11.052000045776367,1.406999945640564
11.748000144958494,10.784000396728516,2.2769999504089355
12.522000312805176,12.324000358581545,3.3489999771118164
12.380999565124512,12.390999794006348,3.013999938964844
13.085000038146973,12.458000183105469,3.4830000400543213
12.87399959564209,10.515999794006348,2.2100000381469727
12.944000244140623,11.185999870300291,2.812999963760376
14.491000175476074,11.654999732971191,2.678999900817871
14.279999732971191,13.395999908447266,2.2100000381469727
14.77299976348877,13.730999946594238,2.746000051498413
14.491000175476074,10.583000183105469,3.3489999771118164
14.279999732971191,9.57800006866455,2.9470000267028813
12.239999771118164,8.038000106811522,2.477999925613404
12.029000282287598,8.975000381469727,2.075999975204468
11.678000450134276,6.697999954223633,1.2059999704360962
13.366000175476074,8.038000106811522,2.9470000267028813
12.592000007629396,8.23900032043457,2.477999925613404
11.255999565124512,6.497000217437744,2.2100000381469727
11.536999702453612,7.099999904632568,2.812999963760376
10.904000282287598,9.3100004196167,2.2769999504089355
10.904000282287598,8.439000129699707,1.4739999771118164
11.326000213623049,7.501999855041504,0.9380000233650208
11.748000144958494,6.764999866485598,1.0720000267028809
12.522000312805176,6.2290000915527335,-0.4690000116825104
12.592000007629396,7.301000118255615,1.6080000400543213
12.380999565124512,9.979999542236328,1.0049999952316284
13.085000038146973,14.53499984741211,3.013999938964844
13.29599952697754,15.739999771118164,2.812999963760376
13.435999870300291,14.267000198364258,2.2100000381469727
14.35099983215332,15.20400047302246,6.027999877929688
13.013999938964846,14.668999671936035,2.812999963760376
13.29599952697754,15.472000122070312,5.425000190734863
12.87399959564209,14.267000198364258,3.884999990463257
12.944000244140623,16.007999420166016,2.344000101089477
13.99899959564209,9.57800006866455,3.1480000019073486
13.647000312805176,7.636000156402588,1.4739999771118164
13.506999969482422,7.636000156402588,2.344000101089477
14.70300006866455,8.77400016784668,2.1429998874664307
15.54699993133545,6.497000217437744,1.2059999704360962
18.99399948120117,5.894000053405763,1.807999968528748
19.76799964904785,6.09499979019165,1.6080000400543213
18.57200050354004,6.09499979019165,1.807999968528748
18.57200050354004,5.960999965667725,1.807999968528748
17.656999588012695,8.305999755859375,1.6740000247955322
16.882999420166016,7.703000068664551,1.0720000267028809
15.687000274658203,7.434999942779541,1.1390000581741333
15.758000373840332,6.697999954223633,0.9380000233650208
16.320999145507812,5.692999839782715,1.0720000267028809
15.82800006866455,7.903999805450439,2.880000114440918
15.406000137329102,10.91800022125244,3.3489999771118164
16.038999557495114,9.51099967956543,2.075999975204468
16.108999252319336,10.91800022125244,2.9470000267028813
15.968999862670898,10.248000144958496,3.41599988937378
16.461000442504886,10.248000144958496,3.2149999141693115
16.25,11.720999717712402,3.818000078201294
16.320999145507812,13.19499969482422,3.549999952316284
16.461000442504886,13.79800033569336,3.617000102996826
16.601999282836914,14.668999671936035,3.750999927520752
17.093999862670902,9.376999855041504,2.678999900817871
16.601999282836914,7.97100019454956,2.678999900817871
16.320999145507812,8.572999954223633,2.477999925613404
16.531999588012695,9.376999855041504,1.9420000314712524
16.25,7.234000205993652,1.6080000400543213
16.25,7.301000118255615,2.2769999504089355
15.82800006866455,6.697999954223633,2.5450000762939453
17.305000305175778,7.301000118255615,1.9420000314712524
16.672000885009766,7.301000118255615,2.746000051498413
18.57200050354004,8.439000129699707,2.1429998874664307
17.868000030517578,7.568999767303468,0.9380000233650208
17.726999282836914,7.636000156402588,1.1390000581741333
16.812999725341793,6.63100004196167,1.0049999952316284
17.375999450683597,5.559000015258789,0.6029999852180481
17.656999588012695,6.09499979019165,1.875
16.882999420166016,8.640000343322754,2.1429998874664307
17.165000915527347,12.72599983215332,4.689000129699707
18.009000778198242,12.659000396728516,4.0859999656677255
17.79800033569336,12.324000358581545,3.41599988937378
17.516000747680664,12.256999969482422,3.884999990463257
18.500999450683597,11.854999542236328,3.282000064849853
17.868000030517578,10.784000396728516,2.5450000762939453
17.516000747680664,11.588000297546388,3.1480000019073486
15.968999862670898,12.592000007629396,3.1480000019073486
16.743000030517578,7.703000068664551,1.6740000247955322
18.009000778198242,6.764999866485598,2.2769999504089355
18.21999931335449,8.439000129699707,2.1429998874664307
18.85300064086914,9.243000030517578,2.009000062942505
19.55599975585937,6.764999866485598,1.5410000085830688
19.20499992370605,6.966000080108643,2.1429998874664307
19.62700080871582,6.966000080108643,2.344000101089477
20.47100067138672,5.827000141143799,2.075999975204468
20.11899948120117,7.099999904632568,1.875
19.55599975585937,7.903999805450439,1.6080000400543213
19.69700050354004,7.636000156402588,1.1390000581741333
19.06399917602539,7.434999942779541,0.6700000166893005
19.76799964904785,6.36299991607666,0.6029999852180481
19.76799964904785,5.559000015258789,-0.3350000083446503
20.32999992370605,7.368000030517577,1.6080000400543213
19.48600006103516,9.3100004196167,2.2100000381469727
18.78300094604492,10.717000007629396,3.549999952316284
19.274999618530277,9.57800006866455,3.282000064849853
19.48600006103516,9.51099967956543,3.750999927520752
18.71199989318848,10.3149995803833,3.6840000152587886
19.41600036621093,10.11400032043457,3.549999952316284
19.06399917602539,8.907999992370605,2.678999900817871
19.274999618530277,10.649999618530272,2.678999900817871
19.69700050354004,11.92199993133545,3.0810000896453857
19.62700080871582,10.11400032043457,3.3489999771118164
17.516000747680664,7.501999855041504,1.6740000247955322
19.90800094604492,8.439000129699707,1.875
19.06399917602539,9.041999816894531,1.741000056266785
19.76799964904785,6.429999828338622,0.9380000233650208
21.808000564575195,6.966000080108643,2.2769999504089355
20.11899948120117,7.099999904632568,1.6080000400543213
21.66699981689453,6.09499979019165,1.807999968528748
21.173999786376957,6.89900016784668,2.075999975204468
20.54100036621093,8.038000106811522,1.5410000085830688
18.009000778198242,7.434999942779541,1.0720000267028809
18.500999450683597,7.166999816894531,1.0720000267028809
17.516000747680664,6.429999828338622,0.9380000233650208
16.461000442504886,7.434999942779541,0.3350000083446503
15.758000373840332,7.769999980926514,2.1429998874664307
15.616999626159668,11.119000434875488,3.750999927520752
16.320999145507812,13.060999870300291,4.0859999656677255
16.038999557495114,13.529999732971191,4.822999954223633
14.631999969482422,11.92199993133545,3.549999952316284
14.42099952697754,13.26200008392334,4.421000003814697
14.491000175476074,13.597000122070312,4.689000129699707
15.19499969482422,12.324000358581545,3.0810000896453857
13.857999801635742,13.597000122070312,3.617000102996826
13.225000381469728,14.468000411987305,3.41599988937378
13.085000038146973,9.444000244140623,2.611999988555908
13.788000106811523,9.51099967956543,4.889999866485597
14.491000175476074,7.836999893188477,3.818000078201294
14.843000411987305,9.243000030517578,4.48799991607666
14.210000038146973,6.027999877929688,3.3489999771118164
15.616999626159668,7.099999904632568,4.2199997901916495
15.968999862670898,7.166999816894531,4.287000179290772
15.54699993133545,7.301000118255615,4.0859999656677255
15.406000137329102,6.831999778747559,3.750999927520752
15.968999862670898,8.23900032043457,3.2149999141693115
15.125,7.501999855041504,2.477999925613404
14.631999969482422,7.166999816894531,2.4110000133514404
13.085000038146973,6.564000129699707,2.2769999504089355
13.435999870300291,7.234000205993652,2.5450000762939453
12.100000381469728,7.099999904632568,3.549999952316284
11.536999702453612,12.458000183105469,5.425000190734863
11.678000450134276,11.119000434875488,5.760000228881836
11.607000350952148,12.592000007629396,6.027999877929688
11.114999771118164,13.128000259399414,5.827000141143799
11.326000213623049,10.85099983215332,4.554999828338623
11.114999771118164,9.57800006866455,5.0229997634887695
10.833000183105469,10.515999794006348,4.48799991607666
10.270999908447266,12.592000007629396,5.223999977111816
10.552000045776367,9.845999717712402,3.95199990272522
11.255999565124512,9.175999641418455,4.689000129699707
11.607000350952148,6.89900016784668,3.884999990463257
12.592000007629396,8.840999603271484,4.822999954223633
14.140000343322756,9.109000205993652,4.2199997901916495
13.647000312805176,5.827000141143799,3.013999938964844
13.154999732971191,6.429999828338622,3.549999952316284
14.984000205993652,6.2290000915527335,3.95199990272522
14.279999732971191,6.497000217437744,3.0810000896453857
14.77299976348877,6.89900016784668,3.41599988937378
15.758000373840332,9.175999641418455,3.617000102996826
15.54699993133545,7.903999805450439,2.880000114440918
15.125,6.89900016784668,2.477999925613404
14.631999969482422,6.162000179290772,2.2769999504089355
12.451000213623049,5.425000190734863,0.9380000233650208
13.154999732971191,7.368000030517577,3.013999938964844
13.99899959564209,10.984999656677246,4.2199997901916495
11.748000144958494,13.395999908447266,5.559000015258789
13.647000312805176,13.864999771118164,5.425000190734863
13.647000312805176,12.927000045776367,4.554999828338623
14.77299976348877,13.060999870300291,4.287000179290772
15.265000343322756,13.463000297546388,5.1570000648498535
14.42099952697754,12.859999656677244,4.287000179290772
15.616999626159668,13.32900047302246,3.617000102996826
16.601999282836914,14.199999809265137,4.287000179290772
15.968999862670898,9.57800006866455,4.689000129699707
15.89799976348877,8.439000129699707,3.617000102996826
15.758000373840332,10.11400032043457,4.48799991607666
16.25,9.979999542236328,4.019000053405762
17.02400016784668,7.301000118255615,2.4110000133514404
16.812999725341793,7.166999816894531,3.549999952316284
15.82800006866455,7.636000156402588,3.2149999141693115
16.461000442504886,7.903999805450439,3.818000078201294
15.47599983215332,7.903999805450439,3.3489999771118164
15.47599983215332,8.038000106811522,2.4110000133514404
15.758000373840332,7.166999816894531,2.4110000133514404
14.843000411987305,6.296000003814697,2.009000062942505
14.843000411987305,5.625999927520752,1.875
14.913999557495115,4.889999866485597,2.2100000381469727
13.718000411987305,6.2290000915527335,2.9470000267028813
14.35099983215332,8.77400016784668,4.152999877929688
14.210000038146973,9.845999717712402,4.822999954223633
14.491000175476074,9.175999641418455,3.95199990272522
14.70300006866455,7.368000030517577,3.750999927520752
15.125,9.57800006866455,4.689000129699707
14.913999557495115,9.3100004196167,4.622000217437744
14.491000175476074,9.175999641418455,3.617000102996826
15.968999862670898,8.104999542236326,2.5450000762939453
16.601999282836914,9.444000244140623,3.4830000400543213
16.743000030517578,9.645000457763672,4.75600004196167
18.57200050354004,8.038000106811522,4.2199997901916495
17.656999588012695,8.104999542236326,3.818000078201294
16.25,9.109000205993652,3.549999952316284
16.391000747680664,5.827000141143799,2.4110000133514404
16.882999420166016,6.162000179290772,3.549999952316284
18.290000915527344,7.234000205993652,3.818000078201294
18.500999450683597,7.368000030517577,4.48799991607666
18.85300064086914,6.966000080108643,3.617000102996826
19.13400077819824,8.640000343322754,3.549999952316284
18.92300033569336,9.3100004196167,3.282000064849853
18.85300064086914,9.376999855041504,3.282000064849853
19.274999618530277,8.305999755859375,2.9470000267028813
19.06399917602539,7.368000030517577,2.2100000381469727
18.99399948120117,9.376999855041504,4.019000053405762
18.149999618530277,12.055999755859377,5.760000228881836
18.43099975585937,15.739999771118164,7.234000205993652
19.13400077819824,17.01300048828125,8.038000106811522
20.82299995422364,15.472000122070312,7.434999942779541
20.82299995422364,15.338000297546388,7.166999816894531
21.45599937438965,15.06999969482422,6.697999954223633
21.2450008392334,15.270999908447266,6.764999866485598
21.2450008392334,14.468000411987305,5.425000190734863
22.018999099731445,15.13700008392334,5.960999965667725
20.89299964904785,12.659000396728516,5.492000102996826
21.947999954223643,9.376999855041504,4.889999866485597
21.66699981689453,11.185999870300291,5.290999889373778
21.315000534057614,11.31999969482422,4.421000003814697
20.54100036621093,8.439000129699707,2.9470000267028813
19.13400077819824,8.640000343322754,4.019000053405762
20.11899948120117,10.3149995803833,5.425000190734863
17.305000305175778,9.645000457763672,4.689000129699707
17.165000915527347,9.376999855041504,3.750999927520752
16.391000747680664,10.583000183105469,2.678999900817871
16.531999588012695,8.038000106811522,3.0810000896453857
18.78300094604492,6.764999866485598,2.611999988555908
19.34499931335449,6.497000217437744,2.5450000762939453
20.048999786376957,5.090000152587892,2.4110000133514404
18.92300033569336,7.836999893188477,3.1480000019073486
16.601999282836914,8.104999542236326,3.750999927520752
16.601999282836914,8.77400016784668,4.689000129699707
15.616999626159668,6.027999877929688,4.152999877929688
15.687000274658203,8.171999931335451,4.48799991607666
14.491000175476074,8.371999740600586,3.884999990463257
14.069000244140623,9.3100004196167,4.822999954223633
13.647000312805176,8.038000106811522,3.549999952316284
13.57699966430664,6.162000179290772,2.678999900817871
13.366000175476074,7.769999980926514,2.477999925613404
13.506999969482422,6.2290000915527335,3.3489999771118164
13.718000411987305,6.429999828338622,3.0810000896453857
14.491000175476074,6.966000080108643,3.013999938964844
14.210000038146973,7.568999767303468,2.678999900817871
14.562000274658203,5.223999977111816,1.875
14.843000411987305,5.223999977111816,3.0810000896453857
15.125,5.0229997634887695,2.344000101089477
14.913999557495115,6.564000129699707,4.622000217437744
14.069000244140623,6.764999866485598,3.2149999141693115
13.225000381469728,8.23900032043457,2.880000114440918
12.944000244140623,8.104999542236326,2.477999925613404
13.29599952697754,7.368000030517577,2.2769999504089355
13.435999870300291,6.296000003814697,2.1429998874664307
13.29599952697754,6.966000080108643,2.075999975204468
13.718000411987305,8.505999565124513,3.95199990272522
13.435999870300291,8.439000129699707,3.3489999771118164
13.085000038146973,12.927000045776367,5.357999801635742
13.506999969482422,13.463000297546388,5.425000190734863
13.647000312805176,13.395999908447266,5.625999927520752
13.718000411987305,13.597000122070312,5.625999927520752
14.140000343322756,11.119000434875488,4.48799991607666
14.491000175476074,10.984999656677246,4.889999866485597
14.279999732971191,10.515999794006348,3.750999927520752
14.913999557495115,13.597000122070312,5.357999801635742
15.89799976348877,10.381999969482422,4.0859999656677255
13.435999870300291,8.975000381469727,3.884999990463257
13.225000381469728,8.23900032043457,3.1480000019073486
13.928999900817873,8.23900032043457,3.013999938964844
15.336000442504885,6.2290000915527335,2.746000051498413
17.656999588012695,6.697999954223633,3.1480000019073486
18.07900047302246,6.966000080108643,3.0810000896453857
16.95400047302246,7.568999767303468,4.019000053405762
16.601999282836914,6.697999954223633,2.611999988555908
15.265000343322756,8.371999740600586,2.5450000762939453
16.25,7.636000156402588,2.344000101089477
14.491000175476074,7.099999904632568,2.477999925613404
14.562000274658203,6.296000003814697,2.344000101089477
14.140000343322756,5.960999965667725,1.1390000581741333
14.491000175476074,7.636000156402588,3.013999938964844
13.718000411987305,9.779000282287598,4.421000003814697
13.99899959564209,12.72599983215332,5.425000190734863
11.326000213623049,11.45400047302246,4.822999954223633
12.732999801635742,12.324000358581545,4.689000129699707
11.467000007629396,12.324000358581545,5.090000152587892
9.777999877929688,12.72599983215332,5.357999801635742
8.86400032043457,12.123000144958494,4.2199997901916495
4.361999988555908,12.524999618530272,4.622000217437744
5.205999851226807,15.404999732971191,5.760000228881836
4.7129998207092285,12.859999656677244,5.425000190734863
6.119999885559082,8.975000381469727,4.0859999656677255
4.923999786376953,8.23900032043457,3.818000078201294
4.8540000915527335,9.51099967956543,3.549999952316284
5.135000228881836,7.568999767303468,3.1480000019073486
6.261000156402588,7.636000156402588,3.818000078201294
6.401999950408936,8.038000106811522,3.884999990463257
5.557000160217285,7.301000118255615,3.549999952316284
4.150000095367432,7.636000156402588,3.2149999141693115
1.9700000286102293,9.57800006866455,3.013999938964844
3.095000028610228,8.171999931335451,2.344000101089477
2.6730000972747803,7.368000030517577,2.075999975204468
2.1099998950958248,6.36299991607666,2.009000062942505
0.6330000162124634,5.827000141143799,0.5360000133514404
2.1099998950958248,9.376999855041504,3.4830000400543213
1.337000012397766,11.185999870300291,4.48799991607666
0.843999981880188,11.720999717712402,4.822999954223633
3.095000028610228,11.520999908447266,5.0229997634887695
4.923999786376953,12.994000434875488,5.827000141143799
2.9549999237060547,12.055999755859377,5.357999801635742
2.813999891281128,10.984999656677246,5.290999889373778
3.799000024795532,12.524999618530272,5.1570000648498535
4.079999923706056,14.065999984741213,4.956999778747559
4.290999889373778,14.401000022888184,5.1570000648498535
4.2210001945495605,11.45400047302246,4.287000179290772
4.7129998207092285,8.439000129699707,2.4110000133514404
3.938999891281128,9.444000244140623,2.880000114440918
2.602999925613404,9.645000457763672,3.549999952316284
1.2660000324249268,8.104999542236326,2.812999963760376
1.406999945640564,8.305999755859375,2.611999988555908
2.532000064849853,10.11400032043457,4.0859999656677255
2.180999994277954,9.175999641418455,4.019000053405762
2.532000064849853,8.439000129699707,3.4830000400543213
4.64300012588501,10.180999755859377,3.013999938964844
1.337000012397766,8.640000343322754,2.5450000762939453
1.9700000286102293,7.568999767303468,1.807999968528748
1.687999963760376,6.429999828338622,1.6740000247955322
4.7129998207092285,5.960999965667725,1.2059999704360962
2.9549999237060547,6.966000080108643,2.344000101089477
3.16599988937378,9.041999816894531,4.0859999656677255
2.532000064849853,10.180999755859377,3.95199990272522
2.884000062942505,10.85099983215332,3.95199990272522
4.64300012588501,9.979999542236328,4.287000179290772
4.290999889373778,9.845999717712402,4.622000217437744
3.86899995803833,8.640000343322754,3.549999952316284
4.150000095367432,9.645000457763672,4.019000053405762
3.095000028610228,10.180999755859377,3.3489999771118164
3.16599988937378,12.927000045776367,4.554999828338623
4.994999885559082,11.45400047302246,4.622000217437744
5.76800012588501,9.109000205993652,3.95199990272522
5.9790000915527335,9.243000030517578,3.549999952316284
7.809000015258789,10.784000396728516,3.6840000152587886
7.245999813079834,7.166999816894531,2.5450000762939453
7.73799991607666,8.439000129699707,3.884999990463257
8.442000389099121,9.109000205993652,4.152999877929688
7.315999984741211,8.171999931335451,3.884999990463257
6.683000087738037,9.041999816894531,3.2149999141693115
7.0349998474121085,10.449000358581545,2.880000114440918
7.809000015258789,10.180999755859377,2.477999925613404
8.230999946594237,9.175999641418455,2.678999900817871
7.456999778747559,8.371999740600586,2.678999900817871
9.074999809265137,6.564000129699707,1.6080000400543213
8.581999778747559,5.894000053405763,2.5450000762939453
7.105000019073486,8.305999755859375,3.549999952316284
7.245999813079834,8.171999931335451,2.9470000267028813
6.330999851226808,9.779000282287598,3.95199990272522
5.9790000915527335,8.305999755859375,3.6840000152587886
5.697999954223633,9.57800006866455,3.95199990272522
6.4720001220703125,8.907999992370605,3.41599988937378
7.245999813079834,9.913000106811523,3.818000078201294
6.823999881744385,9.913000106811523,3.282000064849853
6.119999885559082,11.253000259399414,3.549999952316284
5.3460001945495605,11.588000297546388,4.3540000915527335
5.9790000915527335,9.3100004196167,3.750999927520752
6.050000190734862,9.109000205993652,3.3489999771118164
7.105000019073486,10.784000396728516,4.0859999656677255
7.245999813079834,7.368000030517577,2.009000062942505
6.964000225067139,8.439000129699707,3.013999938964844
7.668000221252441,8.907999992370605,4.554999828338623
7.948999881744385,9.376999855041504,4.152999877929688
8.230999946594237,9.645000457763672,3.1480000019073486
8.934000015258789,10.3149995803833,3.41599988937378
9.637999534606934,9.376999855041504,2.746000051498413
8.934000015258789,8.907999992370605,2.5450000762939453
8.159999847412111,8.171999931335451,2.5450000762939453
8.020000457763674,7.568999767303468,2.5450000762939453
8.090000152587889,9.376999855041504,3.282000064849853
9.21500015258789,8.975000381469727,3.95199990272522
3.799000024795532,13.730999946594238,5.223999977111816
4.501999855041504,12.994000434875488,4.956999778747559
4.361999988555908,11.788000106811523,3.818000078201294
4.994999885559082,12.458000183105469,4.152999877929688
4.290999889373778,11.31999969482422,4.822999954223633
2.602999925613404,12.994000434875488,5.559000015258789
6.330999851226808,13.463000297546388,4.152999877929688
7.456999778747559,12.256999969482422,4.0859999656677255
7.597000122070312,13.597000122070312,5.090000152587892
7.668000221252441,10.784000396728516,4.3540000915527335
7.245999813079834,9.845999717712402,3.95199990272522
8.722999572753906,10.381999969482422,4.287000179290772
9.145000457763672,7.769999980926514,2.880000114440918
10.904000282287598,8.371999740600586,3.6840000152587886
12.732999801635742,8.171999931335451,3.617000102996826
11.114999771118164,7.903999805450439,3.617000102996826
11.1850004196167,7.903999805450439,3.013999938964844
12.661999702453612,8.907999992370605,2.678999900817871
12.592000007629396,9.845999717712402,2.746000051498413
12.239999771118164,8.439000129699707,2.4110000133514404
12.170000076293944,8.038000106811522,2.5450000762939453
11.1850004196167,7.0329999923706055,2.009000062942505
12.029000282287598,6.764999866485598,2.344000101089477
13.013999938964846,9.243000030517578,4.3540000915527335
12.592000007629396,10.91800022125244,5.223999977111816
12.803000450134276,11.45400047302246,5.1570000648498535
12.732999801635742,10.11400032043457,4.889999866485597
12.029000282287598,10.04699993133545,4.421000003814697
12.100000381469728,10.649999618530272,4.622000217437744
11.043999671936035,11.119000434875488,4.822999954223633
12.732999801635742,10.04699993133545,3.4830000400543213
11.748000144958494,13.19499969482422,4.956999778747559
12.803000450134276,12.859999656677244,4.689000129699707
11.817999839782717,8.640000343322754,4.48799991607666
10.973999977111816,9.57800006866455,4.622000217437744
13.435999870300291,9.444000244140623,3.549999952316284
12.732999801635742,7.501999855041504,2.9470000267028813
16.743000030517578,7.568999767303468,4.019000053405762
16.882999420166016,8.572999954223633,4.421000003814697
16.25,9.175999641418455,4.019000053405762
16.531999588012695,8.505999565124513,4.0859999656677255
17.165000915527347,9.444000244140623,3.6840000152587886
15.125,8.77400016784668,2.746000051498413
14.631999969482422,9.109000205993652,3.013999938964844
13.788000106811523,7.501999855041504,2.5450000762939453
13.435999870300291,7.636000156402588,1.875
14.984000205993652,9.711999893188477,4.3540000915527335
15.053999900817873,11.654999732971191,5.0229997634887695
14.77299976348877,14.333999633789062,6.296000003814697
14.77299976348877,14.803000450134276,6.296000003814697
13.366000175476074,13.79800033569336,5.692999839782715
13.29599952697754,13.19499969482422,5.625999927520752
14.631999969482422,13.128000259399414,5.1570000648498535
13.99899959564209,13.79800033569336,5.223999977111816
14.984000205993652,14.401000022888184,4.822999954223633
12.944000244140623,16.67799949645996,6.027999877929688
12.310999870300291,13.99899959564209,5.692999839782715
11.326000213623049,8.706999778747559,4.019000053405762
11.607000350952148,9.109000205993652,4.48799991607666
12.239999771118164,9.57800006866455,3.818000078201294
13.29599952697754,7.368000030517577,2.9470000267028813
16.320999145507812,8.439000129699707,4.152999877929688
15.19499969482422,9.3100004196167,4.822999954223633
14.491000175476074,8.840999603271484,4.622000217437744
15.053999900817873,8.505999565124513,3.818000078201294
16.25,9.57800006866455,3.41599988937378
14.70300006866455,8.77400016784668,3.013999938964844
13.225000381469728,8.572999954223633,2.9470000267028813
12.239999771118164,7.568999767303468,2.4110000133514404
11.114999771118164,7.166999816894531,1.2730000019073486
11.255999565124512,10.04699993133545,4.689000129699707
11.1850004196167,11.588000297546388,4.956999778747559
10.482000350952148,14.267000198364258,6.697999954223633
10.270999908447266,14.333999633789062,6.564000129699707
9.918999671936035,13.529999732971191,5.559000015258789
10.340999603271484,13.730999946594238,5.425000190734863
9.56700038909912,14.53499984741211,6.63100004196167
10.0600004196167,12.72599983215332,5.760000228881836
9.21500015258789,14.668999671936035,6.296000003814697
9.074999809265137,16.007999420166016,6.36299991607666
9.28600025177002,11.788000106811523,4.622000217437744
9.355999946594238,8.907999992370605,4.152999877929688
9.496999740600586,7.769999980926514,3.549999952316284
9.708000183105469,8.038000106811522,3.41599988937378
10.482000350952148,6.564000129699707,2.009000062942505
10.833000183105469,6.162000179290772,3.282000064849853
11.1850004196167,6.63100004196167,3.617000102996826
11.255999565124512,6.429999828338622,2.9470000267028813
11.255999565124512,6.63100004196167,2.9470000267028813
13.013999938964846,8.371999740600586,2.880000114440918
12.803000450134276,8.171999931335451,2.5450000762939453
12.310999870300291,8.104999542236326,2.2100000381469727
12.100000381469728,7.368000030517577,2.344000101089477
12.944000244140623,6.564000129699707,1.875
13.506999969482422,6.36299991607666,1.9420000314712524
13.29599952697754,8.975000381469727,3.6840000152587886
12.87399959564209,12.79300022125244,5.1570000648498535
13.225000381469728,13.864999771118164,6.564000129699707
13.928999900817873,12.1899995803833,5.625999927520752
15.47599983215332,12.123000144958494,5.760000228881836
15.053999900817873,13.79800033569336,5.625999927520752
14.77299976348877,13.529999732971191,6.764999866485598
12.170000076293944,12.524999618530272,4.689000129699707
13.928999900817873,15.06999969482422,5.1570000648498535
14.069000244140623,10.3149995803833,4.889999866485597
12.170000076293944,7.703000068664551,3.95199990272522
12.803000450134276,8.907999992370605,3.3489999771118164
13.366000175476074,9.175999641418455,3.95199990272522
13.013999938964846,7.568999767303468,2.4110000133514404
13.29599952697754,6.89900016784668,3.2149999141693115
14.491000175476074,7.568999767303468,3.41599988937378
14.140000343322756,7.368000030517577,3.1480000019073486
14.631999969482422,7.97100019454956,3.750999927520752
15.89799976348877,9.57800006866455,3.282000064849853
16.108999252319336,8.975000381469727,2.9470000267028813
16.25,8.23900032043457,2.746000051498413
15.82800006866455,7.434999942779541,2.746000051498413
16.108999252319336,6.09499979019165,2.5450000762939453
15.406000137329102,7.434999942779541,2.009000062942505
16.108999252319336,8.439000129699707,2.9470000267028813
15.968999862670898,9.913000106811523,4.287000179290772
14.42099952697754,9.041999816894531,4.0859999656677255
15.265000343322756,10.180999755859377,4.554999828338623
14.984000205993652,9.57800006866455,4.2199997901916495
14.562000274658203,10.04699993133545,3.884999990463257
14.140000343322756,10.3149995803833,4.421000003814697
14.70300006866455,10.180999755859377,2.880000114440918
14.35099983215332,11.119000434875488,3.818000078201294
14.491000175476074,10.381999969482422,3.6840000152587886
14.140000343322756,9.3100004196167,3.884999990463257
14.562000274658203,9.444000244140623,4.019000053405762
17.868000030517578,10.248000144958496,4.019000053405762
17.305000305175778,7.234000205993652,2.009000062942505
17.656999588012695,7.434999942779541,3.1480000019073486
16.25,7.301000118255615,3.95199990272522
15.54699993133545,8.907999992370605,3.95199990272522
15.89799976348877,8.706999778747559,3.818000078201294
16.25,8.975000381469727,2.9470000267028813
16.461000442504886,8.171999931335451,0.9380000233650208
15.616999626159668,8.038000106811522,1.0049999952316284
16.391000747680664,7.368000030517577,1.2059999704360962
16.25,6.564000129699707,0.7369999885559082
14.70300006866455,7.301000118255615,2.075999975204468
14.210000038146973,9.51099967956543,3.4830000400543213
13.718000411987305,11.520999908447266,4.019000053405762
13.225000381469728,10.717000007629396,3.750999927520752
12.592000007629396,9.979999542236328,3.95199990272522
12.380999565124512,10.784000396728516,3.95199990272522
11.888999938964846,8.640000343322754,2.9470000267028813
11.536999702453612,12.524999618530272,4.75600004196167
11.467000007629396,13.529999732971191,4.554999828338623
11.043999671936035,12.659000396728516,4.421000003814697
10.833000183105469,8.305999755859375,3.3489999771118164
11.043999671936035,8.171999931335451,3.617000102996826
11.817999839782717,8.975000381469727,3.282000064849853
12.522000312805176,10.649999618530272,3.41599988937378
12.310999870300291,7.0329999923706055,2.344000101089477
14.491000175476074,7.636000156402588,2.477999925613404
14.70300006866455,7.636000156402588,3.750999927520752
13.366000175476074,7.234000205993652,3.3489999771118164
13.435999870300291,8.706999778747559,3.282000064849853
13.506999969482422,8.975000381469727,2.611999988555908
13.085000038146973,8.975000381469727,2.075999975204468
13.085000038146973,8.640000343322754,1.807999968528748
12.451000213623049,7.703000068664551,2.009000062942505
12.661999702453612,7.501999855041504,1.0049999952316284
11.678000450134276,9.376999855041504,3.2149999141693115
11.888999938964846,12.72599983215332,4.48799991607666
11.817999839782717,14.133000373840332,5.0229997634887695
11.748000144958494,14.065999984741213,5.492000102996826
11.748000144958494,12.390999794006348,4.889999866485597
11.678000450134276,13.32900047302246,5.1570000648498535
12.592000007629396,12.79300022125244,4.889999866485597
13.225000381469728,12.055999755859377,3.6840000152587886
13.435999870300291,8.038000106811522,1.875
12.944000244140623,12.72599983215332,3.6840000152587886
13.366000175476074,12.659000396728516,4.2199997901916495
12.732999801635742,8.23900032043457,2.1429998874664307
13.788000106811523,8.371999740600586,3.41599988937378
14.843000411987305,9.376999855041504,2.746000051498413
16.320999145507812,7.099999904632568,1.741000056266785
18.21999931335449,7.301000118255615,3.0810000896453857
18.99399948120117,8.505999565124513,3.95199990272522
17.79800033569336,8.371999740600586,3.750999927520752
18.64200019836425,8.305999755859375,3.282000064849853
17.726999282836914,8.640000343322754,2.611999988555908
17.586999893188473,8.305999755859375,1.807999968528748
17.305000305175778,7.97100019454956,1.6740000247955322
18.36100006103516,7.0329999923706055,1.406999945640564
18.21999931335449,6.36299991607666,0.2680000066757202
17.305000305175778,8.572999954223633,2.746000051498413
17.516000747680664,11.38700008392334,3.617000102996826
17.656999588012695,14.668999671936035,5.559000015258789
15.968999862670898,15.739999771118164,6.2290000915527335
17.305000305175778,16.007999420166016,5.960999965667725
17.937999725341797,13.932000160217283,4.889999866485597
18.36100006103516,14.803000450134276,5.960999965667725
18.290000915527344,15.87399959564209,5.223999977111816
18.21999931335449,16.075000762939453,5.223999977111816
18.21999931335449,17.75,5.492000102996826
18.57200050354004,9.711999893188477,4.152999877929688
17.375999450683597,7.568999767303468,3.4830000400543213
17.305000305175778,7.903999805450439,3.549999952316284
16.95400047302246,9.779000282287598,2.344000101089477
16.601999282836914,7.501999855041504,1.6740000247955322
18.009000778198242,8.77400016784668,3.0810000896453857
17.235000610351562,8.171999931335451,3.95199990272522
16.108999252319336,8.706999778747559,3.6840000152587886
16.672000885009766,8.371999740600586,3.4830000400543213
18.57200050354004,8.706999778747559,2.880000114440918
17.305000305175778,8.439000129699707,2.344000101089477
17.79800033569336,7.769999980926514,2.075999975204468
17.937999725341797,6.429999828338622,1.741000056266785
17.516000747680664,5.692999839782715,1.0049999952316284
17.868000030517578,5.827000141143799,2.1429998874664307
18.009000778198242,7.434999942779541,2.344000101089477
17.586999893188473,10.515999794006348,3.41599988937378
16.812999725341793,11.119000434875488,4.956999778747559
17.093999862670902,10.11400032043457,4.287000179290772
15.758000373840332,10.248000144958496,3.818000078201294
16.108999252319336,11.654999732971191,4.3540000915527335
15.336000442504885,9.376999855041504,3.013999938964844
16.95400047302246,11.854999542236328,3.1480000019073486
17.516000747680664,4.889999866485597,1.3400000333786009
15.406000137329102,2.344000101089477,1.2059999704360962
15.336000442504885,0.0,0.0
12.87399959564209,0.0,0.0
12.451000213623049,0.0,0.0
10.482000350952148,0.0,0.0
11.888999938964846,0.0,0.0
11.678000450134276,0.0,0.0
9.708000183105469,0.0,0.0
8.86400032043457,0.0,0.0
7.526999950408935,0.0,0.0
4.572999954223633,0.0,0.0
3.236000061035156,0.0,0.0
2.884000062942505,0.0,0.0
2.039999961853028,0.0,0.0
1.8289999961853027,0.0,0.0
1.337000012397766,0.0,0.0
0.6330000162124634,0.0,0.0
0.0,0.0,0.0
-0.6330000162124634,0.0,0.0
-1.5479999780654907,0.0,0.0
-2.1099998950958248,0.0,0.0
-2.461999893188477,0.0,0.0
-3.025000095367432,0.0,0.0
-3.236000061035156,0.0,0.0
-2.9549999237060547,0.0,0.0
-1.758999943733215,0.0,0.0
-0.9850000143051147,0.0,0.0
0.492000013589859,0.0,0.0
0.0,0.0,0.0
0.0,0.0,0.0
0.0,0.0,0.0
0.0,0.0,0.0
0.0,0.0,0.0
0.843999981880188,0.0,0.0
-0.7739999890327454,0.0,0.0
-1.406999945640564,0.0,0.0
-1.758999943733215,0.0,0.0
-2.1099998950958248,0.0,0.0
-2.6730000972747803,0.0,0.0
-2.884000062942505,0.0,0.0
-3.025000095367432,0.0,0.0
-3.16599988937378,0.0,0.0
-3.377000093460083,0.0,0.0
-3.5169999599456787,0.0,0.0
-3.938999891281128,0.0,0.0
-4.079999923706056,0.0,0.0
-4.010000228881837,0.0,0.0
-4.010000228881837,0.0,0.0
-3.938999891281128,0.0,0.0
-2.180999994277954,0.0,0.0
0.0,0.0,0.0
1.2660000324249268,0.0,0.0
2.180999994277954,0.0,0.0
3.4470000267028813,0.0,0.0
3.799000024795532,0.0,0.0
3.588000059127808,0.0,0.0
3.236000061035156,0.0,0.0
2.321000099182129,0.0,0.0
1.2660000324249268,0.0,0.0
0.915000021457672,0.06700000166893,0.5360000133514404
1.2660000324249268,2.344000101089477,0.7369999885559082
4.079999923706056,2.075999975204468,0.7369999885559082
6.261000156402588,1.4739999771118164,0.5360000133514404
7.668000221252441,1.807999968528748,0.6700000166893005
8.51200008392334,4.019000053405762,1.2059999704360962
9.637999534606934,3.750999927520752,1.0720000267028809
10.130000114440918,3.6840000152587886,1.0720000267028809
10.552000045776367,3.884999990463257,1.2059999704360962
10.482000350952148,3.884999990463257,1.2059999704360962
10.0600004196167,3.95199990272522,1.1390000581741333
11.536999702453612,4.48799991607666,1.2059999704360962
10.482000350952148,5.425000190734863,1.4739999771118164
11.678000450134276,6.89900016784668,2.9470000267028813
5.839000225067139,1.6740000247955322,0.6029999852180481
11.888999938964846,6.764999866485598,3.4830000400543213
12.592000007629396,6.497000217437744,2.5450000762939453
12.87399959564209,5.357999801635742,2.611999988555908
14.631999969482422,5.625999927520752,3.2149999141693115
14.491000175476074,5.357999801635742,3.1480000019073486
13.085000038146973,6.764999866485598,3.4830000400543213
13.857999801635742,7.769999980926514,4.019000053405762
15.336000442504885,8.505999565124513,3.013999938964844
14.491000175476074,8.439000129699707,3.013999938964844
14.35099983215332,7.568999767303468,2.344000101089477
15.19499969482422,7.166999816894531,2.344000101089477
15.265000343322756,6.497000217437744,1.1390000581741333
15.47599983215332,8.640000343322754,2.4110000133514404
15.19499969482422,9.979999542236328,3.884999990463257
14.562000274658203,12.458000183105469,4.554999828338623
13.99899959564209,12.055999755859377,5.223999977111816
14.210000038146973,10.91800022125244,4.019000053405762
12.522000312805176,10.91800022125244,3.818000078201294
9.98900032043457,10.984999656677246,3.818000078201294
9.21500015258789,12.458000183105469,3.818000078201294
9.21500015258789,12.055999755859377,3.95199990272522
9.56700038909912,12.592000007629396,3.549999952316284
9.074999809265137,9.376999855041504,3.41599988937378
8.230999946594237,7.0329999923706055,3.1480000019073486
8.51200008392334,7.166999816894531,2.5450000762939453
8.86400032043457,8.23900032043457,3.2149999141693115
9.21500015258789,6.027999877929688,2.2769999504089355
10.692999839782717,5.894000053405763,2.746000051498413
10.621999740600586,6.027999877929688,2.880000114440918
9.918999671936035,6.36299991607666,3.2149999141693115
10.130000114440918,5.827000141143799,2.344000101089477
10.482000350952148,6.764999866485598,2.344000101089477
10.130000114440918,9.444000244140623,3.549999952316284
9.145000457763672,8.505999565124513,2.880000114440918
8.230999946594237,6.63100004196167,2.4110000133514404
7.809000015258789,7.97100019454956,2.1429998874664307
7.597000122070312,7.568999767303468,3.013999938964844
7.105000019073486,7.836999893188477,3.2149999141693115
6.683000087738037,10.717000007629396,4.287000179290772
5.908999919891357,10.91800022125244,3.884999990463257
5.839000225067139,9.979999542236328,4.2199997901916495
5.908999919891357,10.515999794006348,4.75600004196167
5.839000225067139,9.979999542236328,3.750999927520752
6.330999851226808,10.91800022125244,4.554999828338623
5.697999954223633,8.371999740600586,2.880000114440918
5.557000160217285,10.3149995803833,3.6840000152587886
5.697999954223633,10.984999656677246,4.287000179290772
6.541999816894531,8.640000343322754,3.95199990272522
6.61299991607666,8.975000381469727,4.0859999656677255
7.315999984741211,9.979999542236328,3.3489999771118164
7.597000122070312,7.769999980926514,2.5450000762939453
7.526999950408935,8.23900032043457,3.617000102996826
8.159999847412111,8.104999542236326,4.019000053405762
8.442000389099121,7.769999980926514,3.282000064849853
8.722999572753906,8.305999755859375,3.617000102996826
9.56700038909912,9.376999855041504,2.9470000267028813
9.637999534606934,8.439000129699707,1.9420000314712524
9.918999671936035,7.903999805450439,1.807999968528748
9.21500015258789,7.099999904632568,1.875
9.21500015258789,6.027999877929688,0.9380000233650208
8.51200008392334,8.77400016784668,3.41599988937378
8.020000457763674,10.248000144958496,0.8709999918937683
7.668000221252441,10.04699993133545,0.7369999885559082
7.245999813079834,9.57800006866455,1.0720000267028809
7.245999813079834,9.51099967956543,1.0049999952316284
6.752999782562256,10.649999618530272,1.6080000400543213
6.541999816894531,10.984999656677246,1.4739999771118164
6.330999851226808,10.515999794006348,0.6700000166893005
6.190999984741211,10.91800022125244,0.2010000050067901
5.697999954223633,12.390999794006348,0.2680000066757202
5.908999919891357,12.055999755859377,1.6740000247955322
6.4720001220703125,8.305999755859375,0.3350000083446503
7.245999813079834,9.041999816894531,0.4690000116825104
7.597000122070312,10.3149995803833,0.8040000200271606
8.159999847412111,6.764999866485598,-0.3350000083446503
9.074999809265137,7.099999904632568,0.06700000166893
9.28600025177002,7.0329999923706055,0.2680000066757202
9.145000457763672,7.501999855041504,0.9380000233650208
8.86400032043457,8.77400016784668,0.2010000050067901
9.21500015258789,8.77400016784668,-0.06700000166893
8.371000289916992,8.640000343322754,-0.5360000133514404
8.020000457763674,8.104999542236326,-0.6029999852180481
7.809000015258789,7.234000205993652,-0.8709999918937683
7.879000186920166,8.171999931335451,-0.7369999885559082
8.300999641418457,9.041999816894531,0.0
8.300999641418457,11.119000434875488,1.6740000247955322
8.652999877929688,14.267000198364258,2.1429998874664307
8.934000015258789,11.788000106811523,1.6740000247955322
9.355999946594238,13.32900047302246,2.5450000762939453
10.199999809265137,12.659000396728516,1.406999945640564
11.467000007629396,13.060999870300291,1.5410000085830688
12.239999771118164,13.730999946594238,2.2769999504089355
11.255999565124512,15.338000297546388,2.344000101089477
10.482000350952148,14.333999633789062,1.6740000247955322
13.085000038146973,9.913000106811523,0.6029999852180481
13.435999870300291,7.97100019454956,0.3350000083446503
14.42099952697754,8.840999603271484,0.2010000050067901
16.25,9.51099967956543,0.06700000166893
16.601999282836914,6.764999866485598,-0.9380000233650208
16.108999252319336,7.099999904632568,-0.4020000100135803
16.320999145507812,7.703000068664551,0.7369999885559082
14.70300006866455,7.703000068664551,0.0
13.99899959564209,7.836999893188477,0.1340000033378601
14.35099983215332,9.041999816894531,-0.1340000033378601
14.491000175476074,8.706999778747559,-0.4690000116825104
12.451000213623049,7.769999980926514,-0.6700000166893005
11.536999702453612,7.234000205993652,-0.4690000116825104
12.522000312805176,6.2290000915527335,-0.8709999918937683
12.239999771118164,7.97100019454956,0.2680000066757202
12.170000076293944,7.568999767303468,0.1340000033378601
10.552000045776367,9.57800006866455,0.1340000033378601
11.1850004196167,8.23900032043457,0.6029999852180481
7.175000190734862,8.505999565124513,0.06700000166893
7.73799991607666,8.907999992370605,0.8040000200271606
8.581999778747559,8.371999740600586,-0.3350000083446503
8.442000389099121,8.640000343322754,-0.2010000050067901
7.245999813079834,8.77400016784668,-0.2680000066757202
5.627999782562256,9.243000030517578,-0.8040000200271606
7.0349998474121085,9.3100004196167,0.0
5.839000225067139,8.706999778747559,0.2010000050067901
6.541999816894531,9.645000457763672,0.6700000166893005
6.964000225067139,8.975000381469727,-0.1340000033378601
6.683000087738037,7.434999942779541,-1.1390000581741333
8.159999847412111,7.166999816894531,-0.2010000050067901
9.98900032043457,7.099999904632568,-0.4020000100135803
8.51200008392334,6.831999778747559,0.0
8.722999572753906,7.769999980926514,-1.0720000267028809
8.722999572753906,8.77400016784668,-0.6029999852180481
7.948999881744385,8.038000106811522,-1.0720000267028809
7.948999881744385,7.368000030517577,-1.1390000581741333
10.199999809265137,6.497000217437744,-1.2059999704360962
7.668000221252441,6.027999877929688,-0.9380000233650208
8.090000152587889,8.305999755859375,-0.5360000133514404
5.697999954223633,9.376999855041504,0.3350000083446503
5.627999782562256,14.668999671936035,1.9420000314712524
6.752999782562256,15.20400047302246,2.812999963760376
8.020000457763674,13.932000160217283,2.344000101089477
6.541999816894531,14.53499984741211,2.5450000762939453
5.9790000915527335,14.333999633789062,1.741000056266785
5.276000022888184,15.20400047302246,1.741000056266785
7.0349998474121085,15.538999557495115,2.2769999504089355
6.050000190734862,17.01300048828125,3.282000064849853
6.050000190734862,12.592000007629396,0.9380000233650208
7.456999778747559,10.91800022125244,0.5360000133514404
8.442000389099121,11.92199993133545,1.5410000085830688
8.934000015258789,11.788000106811523,0.7369999885559082
10.482000350952148,9.779000282287598,0.06700000166893
9.777999877929688,9.243000030517578,-0.1340000033378601
11.255999565124512,9.51099967956543,0.9380000233650208
10.199999809265137,9.444000244140623,0.4020000100135803
10.270999908447266,9.913000106811523,0.0
10.621999740600586,8.975000381469727,-0.4020000100135803
9.98900032043457,9.243000030517578,-0.4690000116825104
10.482000350952148,9.041999816894531,-0.5360000133514404
10.0600004196167,8.23900032043457,-0.6029999852180481
10.0600004196167,7.568999767303468,-0.4020000100135803
8.230999946594237,8.77400016784668,0.4690000116825104
8.86400032043457,10.11400032043457,0.1340000033378601
8.934000015258789,11.720999717712402,1.406999945640564
8.371000289916992,13.99899959564209,2.880000114440918
8.934000015258789,11.31999969482422,2.075999975204468
9.145000457763672,11.31999969482422,1.406999945640564
9.28600025177002,10.11400032043457,1.3400000333786009
9.56700038909912,11.520999908447266,2.2769999504089355
9.777999877929688,12.256999969482422,1.4739999771118164
9.56700038909912,12.659000396728516,1.1390000581741333
10.130000114440918,11.520999908447266,1.0720000267028809
10.552000045776367,9.645000457763672,1.5410000085830688
9.848999977111816,10.248000144958496,1.3400000333786009
11.043999671936035,10.180999755859377,0.8709999918937683
12.87399959564209,7.703000068664551,-0.6029999852180481
12.592000007629396,8.706999778747559,0.1340000033378601
12.029000282287598,9.109000205993652,0.4690000116825104
11.536999702453612,7.836999893188477,0.4020000100135803
10.692999839782717,9.3100004196167,-0.2010000050067901
10.692999839782717,9.845999717712402,-0.06700000166893
11.678000450134276,9.913000106811523,-0.6700000166893005
11.467000007629396,9.51099967956543,-0.6700000166893005
11.114999771118164,8.706999778747559,-0.3350000083446503
10.762999534606934,7.769999980926514,-1.741000056266785
10.130000114440918,9.109000205993652,0.2680000066757202
10.904000282287598,9.779000282287598,0.2680000066757202
11.114999771118164,12.458000183105469,2.1429998874664307
10.692999839782717,11.854999542236328,2.2100000381469727
10.482000350952148,11.185999870300291,1.5410000085830688
9.98900032043457,10.3149995803833,0.8709999918937683
8.934000015258789,10.04699993133545,0.5360000133514404
8.934000015258789,8.907999992370605,-0.4690000116825104
10.340999603271484,10.180999755859377,0.06700000166893
9.145000457763672,11.588000297546388,0.1340000033378601
9.637999534606934,12.72599983215332,1.5410000085830688
10.482000350952148,9.979999542236328,0.3350000083446503
10.904000282287598,9.913000106811523,0.7369999885559082
12.239999771118164,10.3149995803833,0.6029999852180481
11.817999839782717,7.234000205993652,-0.8709999918937683
13.154999732971191,8.706999778747559,0.9380000233650208
13.788000106811523,8.975000381469727,0.8040000200271606
13.718000411987305,9.444000244140623,1.0720000267028809
13.225000381469728,9.376999855041504,-0.2010000050067901
12.732999801635742,9.845999717712402,-0.3350000083446503
11.817999839782717,9.51099967956543,-0.4690000116825104
11.817999839782717,9.243000030517578,-0.4690000116825104
11.114999771118164,8.505999565124513,-0.5360000133514404
10.340999603271484,9.376999855041504,-0.06700000166893
9.777999877929688,10.248000144958496,0.2680000066757202
9.56700038909912,12.79300022125244,1.5410000085830688
9.425999641418455,15.538999557495115,2.678999900817871
9.918999671936035,16.40999984741211,2.678999900817871
9.918999671936035,17.01300048828125,3.884999990463257
9.777999877929688,16.611000061035153,2.678999900817871
9.637999534606934,16.611000061035153,2.880000114440918
8.230999946594237,15.404999732971191,2.344000101089477
9.145000457763672,15.404999732971191,1.5410000085830688
10.762999534606934,17.01300048828125,2.2100000381469727
10.130000114440918,15.20400047302246,2.009000062942505
9.56700038909912,9.979999542236328,0.8040000200271606
11.1850004196167,9.913000106811523,0.9380000233650208
11.888999938964846,10.11400032043457,0.8709999918937683
13.013999938964846,7.099999904632568,-0.4690000116825104
16.180000305175778,7.836999893188477,0.06700000166893
17.165000915527347,8.371999740600586,0.8040000200271606
13.788000106811523,7.836999893188477,0.0
13.085000038146973,8.975000381469727,-0.06700000166893
12.592000007629396,9.376999855041504,-0.6700000166893005
11.467000007629396,9.175999641418455,-0.5360000133514404
11.1850004196167,9.041999816894531,-0.4690000116825104
10.482000350952148,8.171999931335451,-0.6029999852180481
10.340999603271484,7.0329999923706055,-2.1429998874664307
10.270999908447266,8.77400016784668,-0.1340000033378601
10.199999809265137,9.779000282287598,0.2680000066757202
10.552000045776367,11.31999969482422,1.6740000247955322
11.888999938964846,12.324000358581545,2.075999975204468
12.239999771118164,11.854999542236328,1.9420000314712524
12.239999771118164,11.38700008392334,1.3400000333786009
12.592000007629396,9.376999855041504,0.4690000116825104
12.310999870300291,11.720999717712402,1.0720000267028809
11.888999938964846,10.11400032043457,0.06700000166893
11.748000144958494,10.649999618530272,0.0
12.239999771118164,11.38700008392334,1.0720000267028809
13.788000106811523,11.588000297546388,1.5410000085830688
13.788000106811523,9.711999893188477,0.4690000116825104
13.788000106811523,10.3149995803833,0.4020000100135803
12.944000244140623,6.764999866485598,-0.5360000133514404
13.647000312805176,7.703000068664551,0.4020000100135803
14.913999557495115,8.77400016784668,0.2680000066757202
16.108999252319336,9.913000106811523,0.6029999852180481
14.843000411987305,9.779000282287598,0.2010000050067901
14.42099952697754,9.51099967956543,0.0
14.491000175476074,9.3100004196167,-0.6029999852180481
14.35099983215332,9.3100004196167,-0.6029999852180481
14.140000343322756,8.104999542236326,-0.8040000200271606
14.562000274658203,9.109000205993652,-1.2730000019073486
14.77299976348877,10.85099983215332,1.3400000333786009
13.99899959564209,10.04699993133545,0.2010000050067901
15.19499969482422,12.79300022125244,2.4110000133514404
14.843000411987305,14.803000450134276,3.0810000896453857
14.843000411987305,13.128000259399414,1.807999968528748
14.562000274658203,13.79800033569336,1.9420000314712524
14.70300006866455,13.32900047302246,1.9420000314712524
14.069000244140623,13.32900047302246,1.807999968528748
15.616999626159668,13.32900047302246,1.6740000247955322
14.35099983215332,14.401000022888184,1.1390000581741333
15.89799976348877,12.994000434875488,2.2100000381469727
16.882999420166016,9.845999717712402,0.7369999885559082
15.406000137329102,9.3100004196167,0.0
15.053999900817873,9.711999893188477,0.2010000050067901
14.35099983215332,7.099999904632568,-0.6029999852180481
14.70300006866455,7.903999805450439,0.4020000100135803
14.70300006866455,8.171999931335451,0.7369999885559082
14.631999969482422,7.903999805450439,0.6029999852180481
15.053999900817873,8.640000343322754,0.0
15.89799976348877,8.975000381469727,-0.3350000083446503
15.406000137329102,9.041999816894531,-0.5360000133514404
15.758000373840332,8.305999755859375,-0.6700000166893005
15.19499969482422,7.769999980926514,-0.6700000166893005
14.210000038146973,6.36299991607666,-1.406999945640564
14.210000038146973,5.894000053405763,-0.8709999918937683
9.848999977111816,9.041999816894531,0.0
8.020000457763674,13.32900047302246,1.6740000247955322
6.964000225067139,13.32900047302246,2.1429998874664307
6.683000087738037,11.854999542236328,1.741000056266785
5.697999954223633,11.052000045776367,1.4739999771118164
7.456999778747559,11.98900032043457,1.2730000019073486
5.839000225067139,10.717000007629396,0.6029999852180481
9.918999671936035,10.717000007629396,0.06700000166893
8.090000152587889,10.11400032043457,-0.4690000116825104
7.879000186920166,8.439000129699707,-0.4020000100135803
9.145000457763672,7.301000118255615,-0.5360000133514404
9.637999534606934,8.77400016784668,0.1340000033378601
9.28600025177002,9.711999893188477,-0.06700000166893
9.918999671936035,6.697999954223633,-0.6700000166893005
9.918999671936035,7.769999980926514,0.1340000033378601
9.708000183105469,7.703000068664551,0.0
9.56700038909912,6.966000080108643,-0.2010000050067901
9.21500015258789,8.171999931335451,-0.6029999852180481
8.86400032043457,9.376999855041504,-1.0720000267028809
8.934000015258789,8.505999565124513,-0.9380000233650208
9.21500015258789,8.23900032043457,-0.8709999918937683
9.28600025177002,7.903999805450439,-0.8040000200271606
5.697999954223633,6.764999866485598,-1.6080000400543213
7.948999881744385,8.706999778747559,0.2010000050067901
8.722999572753906,8.505999565124513,-0.1340000033378601
8.722999572753906,10.180999755859377,0.6029999852180481
8.722999572753906,10.248000144958496,0.2680000066757202
7.245999813079834,9.979999542236328,0.6029999852180481
9.496999740600586,9.979999542236328,0.1340000033378601
10.0600004196167,10.583000183105469,0.4690000116825104
10.199999809265137,12.524999618530272,1.1390000581741333
10.621999740600586,12.055999755859377,0.06700000166893
9.074999809265137,11.38700008392334,0.2680000066757202
9.918999671936035,7.769999980926514,-0.5360000133514404
9.003999710083008,7.568999767303468,-0.6029999852180481
6.4720001220703125,8.975000381469727,-0.2680000066757202
7.105000019073486,9.51099967956543,0.0
5.557000160217285,7.434999942779541,-0.7369999885559082
5.76800012588501,7.636000156402588,-0.4690000116825104
8.581999778747559,6.966000080108643,-0.5360000133514404
7.315999984741211,7.368000030517577,-0.7369999885559082
8.090000152587889,8.505999565124513,-0.4690000116825104
10.130000114440918,9.041999816894531,-0.9380000233650208
9.637999534606934,8.640000343322754,-0.9380000233650208
8.090000152587889,8.439000129699707,-0.9380000233650208
9.145000457763672,7.434999942779541,-1.0720000267028809
8.020000457763674,6.429999828338622,-1.5410000085830688
8.581999778747559,6.09499979019165,-1.3400000333786009
8.230999946594237,5.692999839782715,-1.2730000019073486
8.159999847412111,7.099999904632568,-0.3350000083446503
6.401999950408936,7.568999767303468,-0.2010000050067901
6.4720001220703125,5.692999839782715,-0.5360000133514404
7.386000156402588,7.0329999923706055,-0.6700000166893005
7.245999813079834,5.090000152587892,-0.4690000116825104
7.386000156402588,7.836999893188477,-0.2010000050067901
6.541999816894531,7.368000030517577,-0.5360000133514404
7.105000019073486,8.706999778747559,-0.5360000133514404
7.948999881744385,8.104999542236326,-0.06700000166893
7.456999778747559,8.505999565124513,0.2010000050067901
7.597000122070312,9.444000244140623,0.4690000116825104
8.300999641418457,10.3149995803833,-0.06700000166893
9.003999710083008,8.171999931335451,0.0
9.21500015258789,8.439000129699707,0.6700000166893005
10.692999839782717,8.975000381469727,1.0720000267028809
9.848999977111816,7.703000068664551,0.6029999852180481
10.199999809265137,7.568999767303468,0.0
9.28600025177002,9.109000205993652,-0.1340000033378601
11.043999671936035,9.041999816894531,-0.2680000066757202
10.973999977111816,9.243000030517578,-0.2680000066757202
11.114999771118164,8.907999992370605,-0.3350000083446503
10.973999977111816,7.368000030517577,-1.9420000314712524
11.395999908447266,10.515999794006348,0.6700000166893005
11.395999908447266,11.92199993133545,1.3400000333786009
12.029000282287598,12.055999755859377,1.0720000267028809
12.239999771118164,12.859999656677244,1.807999968528748
11.536999702453612,11.31999969482422,1.807999968528748
11.678000450134276,12.927000045776367,1.6740000247955322
12.100000381469728,12.1899995803833,1.6080000400543213
11.748000144958494,11.588000297546388,0.8709999918937683
11.1850004196167,12.524999618530272,1.0049999952316284
12.239999771118164,14.53499984741211,1.6740000247955322
12.380999565124512,13.32900047302246,2.1429998874664307
12.170000076293944,9.376999855041504,0.4690000116825104
12.029000282287598,9.711999893188477,0.8709999918937683
12.944000244140623,10.180999755859377,0.8040000200271606
10.692999839782717,6.966000080108643,-0.4020000100135803
10.833000183105469,8.572999954223633,0.8040000200271606
12.239999771118164,8.77400016784668,0.9380000233650208
11.467000007629396,7.703000068664551,0.3350000083446503
11.817999839782717,7.568999767303468,0.06700000166893
11.114999771118164,9.175999641418455,-0.2680000066757202
10.552000045776367,8.640000343322754,-1.1390000581741333
9.28600025177002,8.907999992370605,-0.8709999918937683
8.442000389099121,8.706999778747559,-0.8040000200271606
8.230999946594237,9.3100004196167,-1.2059999704360962
8.581999778747559,11.119000434875488,0.8709999918937683
6.964000225067139,13.79800033569336,1.2730000019073486
6.752999782562256,15.807000160217283,2.1429998874664307
6.261000156402588,15.807000160217283,2.4110000133514404
6.894000053405763,15.13700008392334,2.344000101089477
6.752999782562256,14.60200023651123,1.6080000400543213
6.401999950408936,13.395999908447266,1.3400000333786009
6.752999782562256,13.529999732971191,1.3400000333786009
6.050000190734862,14.468000411987305,1.6740000247955322
5.908999919891357,16.208999633789062,1.875
5.908999919891357,13.395999908447266,0.9380000233650208
5.486999988555908,9.51099967956543,0.4020000100135803
5.697999954223633,9.51099967956543,0.8040000200271606
6.050000190734862,11.654999732971191,0.7369999885559082
5.908999919891357,9.645000457763672,0.06700000166893
6.261000156402588,10.04699993133545,1.0049999952316284
5.839000225067139,9.51099967956543,1.3400000333786009
5.839000225067139,9.243000030517578,0.8709999918937683
6.61299991607666,9.041999816894531,-0.1340000033378601
6.823999881744385,10.248000144958496,-0.5360000133514404
6.752999782562256,9.845999717712402,-0.4690000116825104
6.61299991607666,9.645000457763672,-0.4690000116825104
6.330999851226808,8.706999778747559,-0.5360000133514404
6.190999984741211,7.501999855041504,-1.4739999771118164
7.245999813079834,7.368000030517577,-1.1390000581741333
6.894000053405763,7.501999855041504,-0.6029999852180481
6.683000087738037,8.371999740600586,0.4020000100135803
6.823999881744385,7.97100019454956,0.1340000033378601
7.245999813079834,7.769999980926514,0.2010000050067901
5.9790000915527335,6.89900016784668,-0.4020000100135803
3.588000059127808,7.97100019454956,0.4020000100135803
3.377000093460083,7.301000118255615,-0.06700000166893
3.377000093460083,6.831999778747559,-0.4020000100135803
3.588000059127808,7.501999855041504,-0.4690000116825104
6.401999950408936,9.109000205993652,0.0
4.572999954223633,9.444000244140623,0.4690000116825104
7.105000019073486,9.109000205993652,0.4690000116825104
7.809000015258789,10.381999969482422,0.5360000133514404
5.205999851226807,8.305999755859375,0.0
5.9790000915527335,9.645000457763672,0.5360000133514404
6.050000190734862,8.640000343322754,-0.1340000033378601
6.330999851226808,9.041999816894531,0.4020000100135803
6.401999950408936,8.305999755859375,-0.3350000083446503
6.964000225067139,9.779000282287598,-0.4020000100135803
7.668000221252441,9.3100004196167,-0.6029999852180481
8.020000457763674,8.640000343322754,-0.7369999885559082
8.371000289916992,7.769999980926514,-1.0049999952316284
8.51200008392334,6.36299991607666,-2.075999975204468
9.98900032043457,7.769999980926514,-0.1340000033378601
10.621999740600586,10.515999794006348,0.6700000166893005
5.205999851226807,12.859999656677244,1.741000056266785
5.486999988555908,13.32900047302246,1.6740000247955322
3.377000093460083,13.529999732971191,1.875
2.250999927520752,13.060999870300291,1.4739999771118164
4.8540000915527335,9.51099967956543,0.4020000100135803
4.994999885559082,10.04699993133545,0.5360000133514404
6.050000190734862,9.51099967956543,0.0
6.823999881744385,11.31999969482422,-0.8709999918937683
7.175000190734862,10.180999755859377,0.7369999885559082
8.371000289916992,9.109000205993652,0.6029999852180481
6.541999816894531,10.3149995803833,0.9380000233650208
6.4720001220703125,11.185999870300291,0.6700000166893005
4.432000160217285,9.243000030517578,0.2680000066757202
4.8540000915527335,9.175999641418455,0.6029999852180481
3.588000059127808,9.845999717712402,0.8709999918937683
3.86899995803833,9.57800006866455,0.7369999885559082
4.150000095367432,10.3149995803833,0.1340000033378601
5.065000057220459,10.784000396728516,-0.1340000033378601
6.964000225067139,10.180999755859377,-0.5360000133514404
7.668000221252441,9.444000244140623,-0.5360000133514404
7.386000156402588,8.439000129699707,-0.8040000200271606
7.879000186920166,7.903999805450439,-2.2769999504089355
7.668000221252441,9.845999717712402,-0.06700000166893
8.159999847412111,9.779000282287598,0.06700000166893
6.330999851226808,10.784000396728516,0.3350000083446503
6.683000087738037,10.717000007629396,0.9380000233650208
7.105000019073486,9.444000244140623,0.6029999852180481
6.401999950408936,8.706999778747559,0.3350000083446503
5.697999954223633,9.243000030517578,0.6029999852180481
5.205999851226807,10.85099983215332,0.9380000233650208
6.401999950408936,11.788000106811523,0.5360000133514404
7.0349998474121085,12.72599983215332,0.6029999852180481
7.668000221252441,11.98900032043457,0.7369999885559082
8.159999847412111,12.859999656677244,1.741000056266785
7.456999778747559,11.788000106811523,1.1390000581741333
7.809000015258789,12.592000007629396,1.6080000400543213
8.371000289916992,9.243000030517578,0.2680000066757202
8.442000389099121,10.449000358581545,1.0720000267028809
10.199999809265137,10.649999618530272,1.406999945640564
8.722999572753906,9.57800006866455,0.5360000133514404
9.848999977111816,9.645000457763672,0.8709999918937683
9.28600025177002,10.984999656677246,0.2680000066757202
8.230999946594237,10.984999656677246,0.0
8.371000289916992,10.717000007629396,-0.06700000166893
7.879000186920166,9.57800006866455,-0.4020000100135803
7.386000156402588,8.439000129699707,-0.6029999852180481
8.371000289916992,10.984999656677246,1.6080000400543213
8.020000457763674,12.256999969482422,0.8709999918937683
6.261000156402588,12.859999656677244,2.344000101089477
6.4720001220703125,13.128000259399414,2.2100000381469727
5.9790000915527335,11.654999732971191,0.8040000200271606
6.4720001220703125,11.788000106811523,1.0049999952316284
6.61299991607666,11.92199993133545,1.4739999771118164
5.3460001945495605,10.984999656677246,1.2059999704360962
6.401999950408936,12.256999969482422,0.9380000233650208
5.276000022888184,13.79800033569336,1.3400000333786009
6.752999782562256,12.123000144958494,1.2059999704360962
6.541999816894531,10.248000144958496,1.2730000019073486
5.9790000915527335,11.720999717712402,0.7369999885559082
7.105000019073486,11.253000259399414,0.8040000200271606
7.526999950408935,8.572999954223633,-1.0049999952316284
8.86400032043457,9.444000244140623,0.5360000133514404
9.918999671936035,10.180999755859377,0.7369999885559082
7.668000221252441,8.371999740600586,0.2010000050067901
7.73799991607666,9.041999816894531,0.0
9.003999710083008,10.91800022125244,0.1340000033378601
9.21500015258789,10.3149995803833,-0.4690000116825104
9.28600025177002,10.717000007629396,-0.2010000050067901
9.355999946594238,9.845999717712402,-0.4020000100135803
9.074999809265137,10.649999618530272,-0.9380000233650208
9.074999809265137,12.927000045776367,1.4739999771118164
7.879000186920166,13.32900047302246,1.4739999771118164
7.175000190734862,13.730999946594238,1.6740000247955322
7.315999984741211,11.854999542236328,1.3400000333786009
8.230999946594237,14.133000373840332,2.2100000381469727
8.300999641418457,13.463000297546388,2.075999975204468
8.934000015258789,13.663999557495115,2.2100000381469727
7.879000186920166,13.99899959564209,1.807999968528748
7.456999778747559,15.13700008392334,2.2769999504089355
7.597000122070312,13.32900047302246,0.4020000100135803
8.230999946594237,12.994000434875488,1.9420000314712524
8.442000389099121,11.185999870300291,1.3400000333786009
7.809000015258789,10.449000358581545,0.5360000133514404
8.159999847412111,10.85099983215332,2.075999975204468
7.597000122070312,8.23900032043457,1.807999968528748
7.597000122070312,8.038000106811522,0.2010000050067901
9.21500015258789,9.779000282287598,0.7369999885559082
8.371000289916992,9.913000106811523,0.7369999885559082
8.090000152587889,9.645000457763672,0.2010000050067901
9.003999710083008,10.91800022125244,0.0
9.425999641418455,11.052000045776367,-0.2680000066757202
9.074999809265137,11.052000045776367,-0.3350000083446503
8.722999572753906,10.449000358581545,-0.4020000100135803
8.230999946594237,11.31999969482422,-1.1390000581741333
8.020000457763674,13.060999870300291,1.406999945640564
7.0349998474121085,12.458000183105469,0.4020000100135803
6.61299991607666,15.940999984741213,3.013999938964844
6.61299991607666,16.476999282836914,3.2149999141693115
6.401999950408936,15.06999969482422,1.9420000314712524
5.76800012588501,15.940999984741213,1.9420000314712524
5.416999816894531,13.128000259399414,1.0049999952316284
5.065000057220459,14.53499984741211,1.2059999704360962
5.697999954223633,15.338000297546388,1.5410000085830688
4.923999786376953,16.075000762939453,1.3400000333786009
4.432000160217285,14.668999671936035,1.741000056266785
5.486999988555908,10.449000358581545,0.5360000133514404
6.964000225067139,8.975000381469727,0.0
7.948999881744385,9.779000282287598,0.06700000166893
8.86400032043457,6.764999866485598,-0.8709999918937683
11.817999839782717,8.171999931335451,0.4020000100135803
13.154999732971191,6.89900016784668,-0.4020000100135803
12.380999565124512,6.63100004196167,-0.2010000050067901
12.100000381469728,8.23900032043457,-0.06700000166893
11.888999938964846,10.3149995803833,0.0
10.973999977111816,10.784000396728516,-0.2010000050067901
10.692999839782717,10.784000396728516,-0.4020000100135803
10.199999809265137,10.248000144958496,-0.4690000116825104
10.904000282287598,10.515999794006348,-0.9380000233650208
10.904000282287598,11.520999908447266,0.4020000100135803
11.255999565124512,11.98900032043457,1.0720000267028809
10.904000282287598,12.79300022125244,1.2059999704360962
10.904000282287598,12.79300022125244,1.2059999704360962
10.904000282287598,12.79300022125244,1.2059999704360962
10.904000282287598,12.79300022125244,1.2059999704360962
10.904000282287598,12.79300022125244,1.2059999704360962
10.904000282287598,12.79300022125244,1.2059999704360962
10.904000282287598,12.79300022125244,1.2059999704360962
10.904000282287598,12.79300022125244,1.2059999704360962
10.904000282287598,12.79300022125244,1.2059999704360962
10.904000282287598,12.79300022125244,1.2059999704360962
10.904000282287598,12.79300022125244,1.2059999704360962
10.904000282287598,12.79300022125244,1.2059999704360962
10.904000282287598,12.79300022125244,1.2059999704360962
10.904000282287598,12.79300022125244,1.2059999704360962
10.904000282287598,12.79300022125244,1.2059999704360962
10.904000282287598,12.79300022125244,1.2059999704360962
10.904000282287598,12.79300022125244,1.2059999704360962
10.904000282287598,12.79300022125244,1.2059999704360962
10.904000282287598,12.79300022125244,1.2059999704360962
10.904000282287598,12.79300022125244,1.2059999704360962
10.904000282287598,12.79300022125244,1.2059999704360962
10.904000282287598,12.79300022125244,1.2059999704360962
10.904000282287598,12.79300022125244,1.2059999704360962
10.904000282287598,12.79300022125244,1.2059999704360962
10.199999809265137,12.927000045776367,1.2730000019073486
10.0600004196167,13.79800033569336,1.6740000247955322
9.918999671936035,13.597000122070312,1.406999945640564
9.21500015258789,13.19499969482422,1.9420000314712524
10.130000114440918,14.468000411987305,2.075999975204468
9.777999877929688,13.597000122070312,1.6740000247955322
10.130000114440918,14.60200023651123,1.2059999704360962
11.326000213623049,14.668999671936035,1.0720000267028809
10.130000114440918,11.45400047302246,1.0049999952316284
10.270999908447266,8.23900032043457,0.4020000100135803
9.98900032043457,7.301000118255615,0.6700000166893005
12.029000282287598,7.97100019454956,0.6700000166893005
11.888999938964846,3.95199990272522,-0.8709999918937683
14.631999969482422,4.3540000915527335,0.0
16.672000885009766,5.223999977111816,0.1340000033378601
15.47599983215332,6.63100004196167,0.0
13.506999969482422,7.568999767303468,-0.7369999885559082
13.225000381469728,9.3100004196167,-1.2730000019073486
12.732999801635742,9.175999641418455,-1.3400000333786009
12.522000312805176,9.376999855041504,-1.6080000400543213
12.661999702453612,8.975000381469727,-1.5410000085830688
14.140000343322756,7.769999980926514,-1.875
14.210000038146973,7.568999767303468,-0.4690000116825104
13.718000411987305,7.568999767303468,-0.4690000116825104
14.42099952697754,7.636000156402588,-0.4020000100135803
14.77299976348877,7.636000156402588,-0.4020000100135803
14.843000411987305,7.434999942779541,-0.1340000033378601
13.57699966430664,7.703000068664551,0.0
12.87399959564209,7.368000030517577,0.06700000166893
13.225000381469728,8.505999565124513,-0.2010000050067901
12.803000450134276,6.89900016784668,-1.3400000333786009
13.435999870300291,9.845999717712402,0.0
10.621999740600586,10.3149995803833,0.0
9.708000183105469,9.3100004196167,0.3350000083446503
10.692999839782717,8.505999565124513,0.2010000050067901
9.637999534606934,8.975000381469727,0.3350000083446503
11.536999702453612,5.692999839782715,-0.6029999852180481
13.99899959564209,6.764999866485598,0.0
13.085000038146973,5.625999927520752,0.0
13.366000175476074,6.831999778747559,0.0
13.788000106811523,7.301000118255615,-0.7369999885559082
13.788000106811523,9.645000457763672,-0.8040000200271606
13.435999870300291,9.51099967956543,-0.8040000200271606
13.013999938964846,9.175999641418455,-1.0720000267028809
13.857999801635742,8.572999954223633,-1.1390000581741333
13.29599952697754,8.171999931335451,-1.6080000400543213
13.29599952697754,10.515999794006348,0.06700000166893
13.29599952697754,10.984999656677246,0.6029999852180481
13.366000175476074,10.91800022125244,1.1390000581741333
12.380999565124512,11.92199993133545,1.3400000333786009
12.380999565124512,11.45400047302246,1.2059999704360962
11.536999702453612,11.98900032043457,1.4739999771118164
12.239999771118164,12.458000183105469,1.6080000400543213
11.326000213623049,10.984999656677246,1.0049999952316284
11.888999938964846,12.79300022125244,0.2680000066757202
10.621999740600586,13.463000297546388,0.9380000233650208
10.762999534606934,12.859999656677244,1.406999945640564
10.692999839782717,9.376999855041504,0.5360000133514404
10.482000350952148,7.836999893188477,0.6029999852180481
11.326000213623049,7.769999980926514,0.0
11.255999565124512,4.554999828338623,-0.6029999852180481
11.395999908447266,4.689000129699707,-0.2010000050067901
12.100000381469728,5.894000053405763,-0.06700000166893
11.678000450134276,5.692999839782715,-0.06700000166893
11.678000450134276,6.831999778747559,-1.1390000581741333
12.803000450134276,8.907999992370605,-0.7369999885559082
13.857999801635742,8.640000343322754,-1.0049999952316284
14.35099983215332,9.041999816894531,-0.8709999918937683
14.210000038146973,8.371999740600586,-1.0049999952316284
13.788000106811523,7.301000118255615,-1.741000056266785
12.451000213623049,8.038000106811522,-0.7369999885559082
12.451000213623049,9.979999542236328,0.5360000133514404
12.592000007629396,7.903999805450439,-0.2010000050067901
12.380999565124512,8.305999755859375,0.2010000050067901
12.451000213623049,8.640000343322754,-0.2010000050067901
12.380999565124512,9.51099967956543,0.3350000083446503
13.29599952697754,8.77400016784668,-0.06700000166893
14.279999732971191,8.439000129699707,0.2010000050067901
12.944000244140623,9.243000030517578,0.0
12.451000213623049,12.390999794006348,0.8709999918937683
12.239999771118164,11.185999870300291,1.875
12.522000312805176,8.572999954223633,0.4020000100135803
12.100000381469728,9.041999816894531,0.0
14.140000343322756,9.845999717712402,-0.1340000033378601
12.310999870300291,7.234000205993652,-0.8709999918937683
12.170000076293944,7.368000030517577,-0.6029999852180481
13.788000106811523,7.501999855041504,-0.1340000033378601
10.621999740600586,8.104999542236326,0.06700000166893
10.482000350952148,8.171999931335451,-0.8709999918937683
11.1850004196167,9.979999542236328,-1.0049999952316284
8.86400032043457,9.51099967956543,-1.406999945640564
10.130000114440918,9.444000244140623,-1.0049999952316284
9.355999946594238,8.371999740600586,-1.1390000581741333
6.823999881744385,7.234000205993652,-1.2730000019073486
6.190999984741211,10.717000007629396,0.1340000033378601
5.416999816894531,11.38700008392334,0.7369999885559082
4.8540000915527335,13.32900047302246,0.9380000233650208
4.8540000915527335,13.864999771118164,1.6740000247955322
4.7839999198913565,12.390999794006348,0.4690000116825104
4.923999786376953,12.458000183105469,1.2730000019073486
5.76800012588501,12.859999656677244,0.6700000166893005
6.261000156402588,13.128000259399414,1.1390000581741333
5.9790000915527335,13.99899959564209,0.6029999852180481
5.135000228881836,14.333999633789062,0.6700000166893005
5.276000022888184,11.720999717712402,0.0
5.205999851226807,9.243000030517578,-0.6700000166893005
4.7129998207092285,10.180999755859377,0.6029999852180481
4.501999855041504,11.119000434875488,0.6029999852180481
4.290999889373778,8.640000343322754,-0.3350000083446503
4.7129998207092285,8.23900032043457,0.06700000166893
6.4720001220703125,8.23900032043457,0.0
6.050000190734862,8.907999992370605,0.1340000033378601
6.823999881744385,8.77400016784668,0.0
5.908999919891357,10.583000183105469,-0.06700000166893
5.3460001945495605,9.51099967956543,-0.8040000200271606
6.964000225067139,9.041999816894531,-1.0720000267028809
4.994999885559082,8.038000106811522,-1.406999945640564
6.401999950408936,7.301000118255615,-2.1429998874664307
5.486999988555908,6.966000080108643,-0.9380000233650208
5.065000057220459,8.038000106811522,-0.1340000033378601
3.588000059127808,8.77400016784668,0.2680000066757202
2.3919999599456787,8.572999954223633,-0.2010000050067901
4.150000095367432,7.166999816894531,-0.4020000100135803
4.010000228881837,8.23900032043457,-0.4020000100135803
4.290999889373778,8.77400016784668,0.0
2.74399995803833,9.109000205993652,0.1340000033378601
3.6579999923706055,9.041999816894531,0.0
2.9549999237060547,10.180999755859377,-0.2010000050067901
6.261000156402588,10.583000183105469,0.06700000166893
6.541999816894531,10.180999755859377,0.6029999852180481
6.683000087738037,9.845999717712402,0.6029999852180481
7.0349998474121085,11.720999717712402,0.6029999852180481
3.938999891281128,9.645000457763672,-0.2680000066757202
5.557000160217285,8.706999778747559,0.2010000050067901
4.290999889373778,8.640000343322754,0.3350000083446503
7.105000019073486,9.041999816894531,0.0
4.8540000915527335,8.77400016784668,-0.6700000166893005
5.908999919891357,10.649999618530272,-0.8709999918937683
6.61299991607666,9.779000282287598,-1.5410000085830688
6.4720001220703125,9.243000030517578,-1.6740000247955322
6.683000087738037,8.371999740600586,-1.807999968528748
8.442000389099121,7.301000118255615,-2.1429998874664307
6.401999950408936,7.836999893188477,-0.6029999852180481
6.401999950408936,8.840999603271484,-0.2010000050067901
8.86400032043457,7.703000068664551,-0.5360000133514404
9.145000457763672,7.501999855041504,-0.3350000083446503
5.486999988555908,7.501999855041504,-0.1340000033378601
6.894000053405763,8.371999740600586,0.1340000033378601
7.948999881744385,8.505999565124513,0.0
6.330999851226808,8.572999954223633,-0.06700000166893
7.597000122070312,8.77400016784668,0.1340000033378601
9.003999710083008,10.717000007629396,-0.2010000050067901
5.557000160217285,11.720999717712402,0.7369999885559082
5.205999851226807,9.979999542236328,0.5360000133514404
5.416999816894531,9.51099967956543,0.1340000033378601
6.050000190734862,10.984999656677246,0.6700000166893005
6.261000156402588,8.439000129699707,-0.1340000033378601
6.4720001220703125,9.109000205993652,-0.06700000166893
6.823999881744385,9.041999816894531,0.5360000133514404
6.190999984741211,9.376999855041504,0.6029999852180481
6.752999782562256,10.3149995803833,0.0
4.994999885559082,11.119000434875488,-0.5360000133514404
5.135000228881836,10.180999755859377,-1.1390000581741333
6.050000190734862,10.248000144958496,-0.4690000116825104
6.050000190734862,9.376999855041504,-0.6029999852180481
5.276000022888184,8.439000129699707,-1.4739999771118164
5.205999851226807,9.845999717712402,-0.06700000166893
6.261000156402588,14.401000022888184,2.075999975204468
5.908999919891357,14.267000198364258,2.2100000381469727
6.964000225067139,12.256999969482422,1.3400000333786009
6.964000225067139,12.055999755859377,0.9380000233650208
6.752999782562256,13.26200008392334,2.009000062942505
6.61299991607666,12.859999656677244,1.9420000314712524
6.4720001220703125,14.065999984741213,2.075999975204468
6.752999782562256,13.79800033569336,1.1390000581741333
6.4720001220703125,14.065999984741213,1.875
4.361999988555908,13.395999908447266,1.6740000247955322
4.8540000915527335,12.055999755859377,1.5410000085830688
5.205999851226807,10.04699993133545,1.5410000085830688
7.386000156402588,12.994000434875488,1.406999945640564
7.879000186920166,8.907999992370605,0.06700000166893
6.119999885559082,9.175999641418455,0.6700000166893005
7.668000221252441,8.23900032043457,0.4020000100135803
6.401999950408936,8.572999954223633,0.9380000233650208
6.261000156402588,9.645000457763672,0.4020000100135803
7.386000156402588,11.185999870300291,0.0
7.948999881744385,10.381999969482422,-0.6029999852180481
7.245999813079834,10.583000183105469,-0.7369999885559082
9.21500015258789,9.711999893188477,-0.8709999918937683
8.722999572753906,10.11400032043457,-0.9380000233650208
9.918999671936035,10.248000144958496,0.0
9.496999740600586,10.381999969482422,0.2680000066757202
9.425999641418455,12.324000358581545,1.4739999771118164
9.777999877929688,11.854999542236328,0.6029999852180481
10.340999603271484,10.11400032043457,0.8709999918937683
10.552000045776367,11.119000434875488,0.7369999885559082
9.496999740600586,10.449000358581545,0.6029999852180481
9.708000183105469,10.784000396728516,0.2680000066757202
9.074999809265137,13.32900047302246,1.4739999771118164
9.56700038909912,13.060999870300291,1.0720000267028809
9.777999877929688,12.256999969482422,1.0049999952316284
10.482000350952148,11.45400047302246,0.6029999852180481
10.552000045776367,7.97100019454956,-0.4020000100135803
10.130000114440918,9.376999855041504,0.06700000166893
10.482000350952148,5.625999927520752,-0.6029999852180481
10.199999809265137,4.2199997901916495,0.4020000100135803
10.692999839782717,7.0329999923706055,0.6700000166893005
9.777999877929688,7.166999816894531,0.4020000100135803
10.130000114440918,7.234000205993652,-0.4690000116825104
8.51200008392334,10.717000007629396,0.1340000033378601
8.51200008392334,10.717000007629396,0.1340000033378601
8.51200008392334,10.717000007629396,0.1340000033378601
8.51200008392334,10.717000007629396,0.1340000033378601
8.51200008392334,10.717000007629396,0.1340000033378601
9.848999977111816,12.927000045776367,1.406999945640564
9.98900032043457,13.19499969482422,0.8040000200271606
10.130000114440918,12.324000358581545,1.875
10.130000114440918,9.779000282287598,1.6080000400543213
10.130000114440918,9.3100004196167,0.8040000200271606
10.0600004196167,9.376999855041504,0.4690000116825104
8.652999877929688,9.041999816894531,1.0049999952316284
7.668000221252441,9.645000457763672,0.2680000066757202
7.526999950408935,10.649999618530272,0.5360000133514404
7.245999813079834,11.38700008392334,0.3350000083446503
7.948999881744385,10.583000183105469,0.6700000166893005
8.86400032043457,9.3100004196167,0.0
7.668000221252441,9.51099967956543,0.4690000116825104
8.371000289916992,10.3149995803833,0.6029999852180481
8.371000289916992,7.301000118255615,-0.5360000133514404
8.159999847412111,7.903999805450439,0.2680000066757202
8.793000221252441,8.305999755859375,-0.06700000166893
8.020000457763674,9.3100004196167,0.4020000100135803
7.526999950408935,9.376999855041504,-0.5360000133514404
7.315999984741211,11.052000045776367,0.0
6.4720001220703125,11.38700008392334,-0.2010000050067901
5.908999919891357,11.45400047302246,-0.1340000033378601
6.119999885559082,10.649999618530272,-0.4690000116825104
6.050000190734862,9.3100004196167,-0.7369999885559082
6.401999950408936,9.57800006866455,-0.3350000083446503
6.61299991607666,10.85099983215332,0.1340000033378601
7.668000221252441,12.659000396728516,1.875
7.456999778747559,11.92199993133545,1.3400000333786009
7.315999984741211,11.854999542236328,0.8709999918937683
6.683000087738037,12.324000358581545,1.875
5.135000228881836,10.717000007629396,0.5360000133514404
5.627999782562256,11.45400047302246,0.9380000233650208
5.908999919891357,10.515999794006348,0.6029999852180481
6.119999885559082,11.185999870300291,0.3350000083446503
5.697999954223633,9.913000106811523,0.0
5.9790000915527335,9.243000030517578,0.6700000166893005
5.9790000915527335,8.640000343322754,0.0
7.105000019073486,7.434999942779541,0.6029999852180481
6.752999782562256,2.746000051498413,-0.1340000033378601
7.315999984741211,4.822999954223633,0.06700000166893
7.386000156402588,6.697999954223633,0.1340000033378601
8.090000152587889,6.831999778747559,0.0
7.879000186920166,8.23900032043457,-0.4690000116825104
8.020000457763674,10.984999656677246,0.0
9.21500015258789,10.381999969482422,-0.4690000116825104
9.355999946594238,10.91800022125244,-0.3350000083446503
9.21500015258789,10.180999755859377,-0.6029999852180481
9.425999641418455,9.51099967956543,-1.875
9.355999946594238,10.717000007629396,-0.4020000100135803
9.355999946594238,11.98900032043457,0.5360000133514404
10.130000114440918,11.720999717712402,0.6700000166893005
9.496999740600586,10.85099983215332,0.6029999852180481
9.637999534606934,12.72599983215332,1.741000056266785
9.98900032043457,12.927000045776367,1.406999945640564
10.41100025177002,12.390999794006348,1.9420000314712524
9.21500015258789,11.185999870300291,0.9380000233650208
8.51200008392334,13.529999732971191,1.406999945640564
8.442000389099121,13.395999908447266,0.8040000200271606
8.020000457763674,14.869999885559082,1.5410000085830688
7.105000019073486,11.788000106811523,1.2059999704360962
7.245999813079834,12.72599983215332,1.406999945640564
7.597000122070312,13.932000160217283,1.0049999952316284
6.541999816894531,10.381999969482422,0.2680000066757202
6.823999881744385,9.376999855041504,0.8040000200271606
8.652999877929688,9.109000205993652,0.9380000233650208
8.020000457763674,5.625999927520752,-0.8709999918937683
7.809000015258789,8.640000343322754,0.0
7.668000221252441,10.784000396728516,-0.2680000066757202
8.020000457763674,10.449000358581545,-0.6029999852180481
9.56700038909912,11.31999969482422,-0.4690000116825104
9.56700038909912,10.784000396728516,-0.5360000133514404
9.21500015258789,10.248000144958496,-0.6700000166893005
9.145000457763672,10.515999794006348,0.0
9.777999877929688,12.524999618530272,1.1390000581741333
9.145000457763672,14.065999984741213,2.009000062942505
7.948999881744385,13.26200008392334,1.6740000247955322
7.948999881744385,13.463000297546388,1.6080000400543213
8.300999641418457,13.32900047302246,1.2730000019073486
7.386000156402588,13.32900047302246,1.2730000019073486
8.159999847412111,12.994000434875488,0.6700000166893005
8.159999847412111,13.32900047302246,0.8040000200271606
5.839000225067139,11.92199993133545,-0.1340000033378601
6.050000190734862,11.98900032043457,0.4690000116825104
6.190999984741211,8.439000129699707,0.0
5.065000057220459,7.636000156402588,0.1340000033378601
5.76800012588501,4.622000217437744,0.2010000050067901
5.839000225067139,0.6700000166893005,-0.2010000050067901
7.105000019073486,1.2059999704360962,0.1340000033378601
10.270999908447266,3.549999952316284,0.2010000050067901
9.074999809265137,3.0810000896453857,0.0
9.355999946594238,4.956999778747559,-0.6029999852180481
10.973999977111816,8.572999954223633,-1.1390000581741333
10.973999977111816,8.975000381469727,-1.2059999704360962
10.482000350952148,11.253000259399414,-0.5360000133514404
10.762999534606934,10.85099983215332,-0.5360000133514404
10.130000114440918,9.913000106811523,-1.406999945640564
8.722999572753906,11.854999542236328,0.5360000133514404
7.879000186920166,12.72599983215332,1.2059999704360962
7.879000186920166,10.583000183105469,0.8709999918937683
7.175000190734862,11.052000045776367,0.8040000200271606
6.261000156402588,10.91800022125244,0.06700000166893
6.401999950408936,9.3100004196167,0.6029999852180481
5.839000225067139,9.376999855041504,0.0
5.9790000915527335,9.57800006866455,0.2680000066757202
6.261000156402588,10.91800022125244,0.6029999852180481
5.697999954223633,12.524999618530272,0.6700000166893005
6.050000190734862,13.597000122070312,1.3400000333786009
5.908999919891357,8.371999740600586,0.8040000200271606
5.3460001945495605,4.019000053405762,-0.2010000050067901
7.526999950408935,2.4110000133514404,0.6700000166893005
7.0349998474121085,0.2010000050067901,0.1340000033378601
7.105000019073486,1.0049999952316284,1.0049999952316284
8.51200008392334,2.009000062942505,0.7369999885559082
7.668000221252441,2.9470000267028813,0.2010000050067901
7.73799991607666,6.162000179290772,0.0
8.090000152587889,10.515999794006348,0.0
7.0349998474121085,10.984999656677246,-0.3350000083446503
6.119999885559082,12.123000144958494,-0.1340000033378601
5.416999816894531,11.788000106811523,-0.3350000083446503
5.205999851226807,10.717000007629396,-1.2730000019073486
4.994999885559082,11.854999542236328,0.6029999852180481
5.697999954223633,12.994000434875488,1.2059999704360962
5.416999816894531,12.390999794006348,1.0720000267028809
5.205999851226807,11.788000106811523,1.4739999771118164
4.7839999198913565,11.38700008392334,1.1390000581741333
5.205999851226807,10.04699993133545,0.4690000116825104
4.994999885559082,11.31999969482422,0.8040000200271606
4.64300012588501,11.31999969482422,0.6029999852180481
4.8540000915527335,12.458000183105469,0.6029999852180481
4.7129998207092285,13.529999732971191,1.0049999952316284
4.501999855041504,15.20400047302246,1.6740000247955322
4.2210001945495605,7.501999855041504,1.0049999952316284
4.7129998207092285,3.750999927520752,0.9380000233650208
5.9790000915527335,3.2149999141693115,1.0720000267028809
5.908999919891357,-0.2680000066757202,0.2010000050067901
6.330999851226808,5.1570000648498535,0.9380000233650208
7.315999984741211,2.9470000267028813,0.4690000116825104
7.456999778747559,5.492000102996826,0.5360000133514404
7.526999950408935,8.038000106811522,-0.6029999852180481
7.597000122070312,10.515999794006348,-0.2010000050067901
8.51200008392334,10.717000007629396,-0.6700000166893005
8.51200008392334,12.123000144958494,-0.4020000100135803
7.668000221252441,11.98900032043457,-0.4020000100135803
6.752999782562256,12.123000144958494,-0.9380000233650208
6.541999816894531,12.1899995803833,-0.2010000050067901
6.4720001220703125,14.333999633789062,1.6740000247955322
5.205999851226807,12.659000396728516,1.0720000267028809
5.697999954223633,11.119000434875488,1.0720000267028809
4.7839999198913565,12.123000144958494,1.6080000400543213
4.290999889373778,10.381999969482422,0.7369999885559082
4.290999889373778,11.052000045776367,0.8040000200271606
4.2210001945495605,11.588000297546388,1.1390000581741333
4.501999855041504,12.123000144958494,0.7369999885559082
4.8540000915527335,13.463000297546388,0.7369999885559082
4.8540000915527335,14.668999671936035,1.1390000581741333
4.501999855041504,8.572999954223633,1.0720000267028809
5.416999816894531,4.152999877929688,0.4020000100135803
7.105000019073486,3.0810000896453857,0.2680000066757202
6.894000053405763,0.7369999885559082,-0.2010000050067901
7.105000019073486,0.9380000233650208,0.0
8.652999877929688,1.5410000085830688,0.3350000083446503
8.020000457763674,3.282000064849853,0.0
7.668000221252441,5.692999839782715,-1.1390000581741333
7.315999984741211,10.248000144958496,-1.0720000267028809
8.300999641418457,10.381999969482422,-1.4739999771118164
7.73799991607666,11.98900032043457,-0.8709999918937683
6.541999816894531,12.256999969482422,-0.6700000166893005
6.119999885559082,13.26200008392334,-0.6029999852180481
5.908999919891357,12.859999656677244,0.7369999885559082
5.76800012588501,12.524999618530272,0.7369999885559082
5.627999782562256,11.119000434875488,0.2680000066757202
5.486999988555908,11.38700008392334,0.4020000100135803
5.135000228881836,9.444000244140623,0.0
4.8540000915527335,11.788000106811523,1.2059999704360962
4.7839999198913565,10.381999969482422,0.2680000066757202
5.557000160217285,10.91800022125244,0.6700000166893005
4.8540000915527335,11.253000259399414,0.6700000166893005
5.065000057220459,14.60200023651123,1.5410000085830688
5.627999782562256,14.53499984741211,1.406999945640564
5.839000225067139,14.065999984741213,1.807999968528748
6.050000190734862,9.444000244140623,0.2010000050067901
6.964000225067139,10.381999969482422,0.3350000083446503
7.668000221252441,8.975000381469727,-0.9380000233650208
8.020000457763674,8.171999931335451,0.0
8.159999847412111,8.371999740600586,0.0
8.300999641418457,8.305999755859375,0.0
8.159999847412111,9.041999816894531,-0.1340000033378601
8.159999847412111,11.185999870300291,-0.2680000066757202
9.777999877929688,11.185999870300291,-0.6029999852180481
9.98900032043457,12.592000007629396,-0.2010000050067901
10.270999908447266,12.72599983215332,-0.4690000116825104
10.621999740600586,11.788000106811523,-1.0049999952316284
9.708000183105469,11.720999717712402,0.2010000050067901
9.637999534606934,10.717000007629396,0.4690000116825104
9.21500015258789,11.38700008392334,0.6700000166893005
9.848999977111816,10.11400032043457,0.0
10.833000183105469,8.77400016784668,-0.2010000050067901
10.621999740600586,9.109000205993652,0.5360000133514404
10.0600004196167,10.04699993133545,0.6029999852180481
9.28600025177002,9.845999717712402,0.2680000066757202
9.355999946594238,9.243000030517578,0.2680000066757202
8.934000015258789,11.854999542236328,0.4020000100135803
9.074999809265137,13.060999870300291,0.3350000083446503
9.28600025177002,10.3149995803833,-0.4690000116825104
8.371000289916992,10.583000183105469,0.06700000166893
8.722999572753906,11.588000297546388,0.2010000050067901
8.51200008392334,10.515999794006348,-0.4690000116825104
8.230999946594237,10.515999794006348,0.0
8.020000457763674,10.717000007629396,0.0
7.526999950408935,10.180999755859377,-0.2680000066757202
6.964000225067139,10.649999618530272,-0.8709999918937683
7.456999778747559,12.592000007629396,-0.6029999852180481
7.105000019073486,12.324000358581545,-0.5360000133514404
6.964000225067139,12.79300022125244,-0.6700000166893005
6.61299991607666,12.859999656677244,-0.5360000133514404
6.330999851226808,12.256999969482422,-1.807999968528748
6.683000087738037,12.859999656677244,-0.4020000100135803
6.823999881744385,11.854999542236328,0.6029999852180481
7.315999984741211,11.253000259399414,0.6700000166893005
6.401999950408936,12.79300022125244,0.8040000200271606
6.823999881744385,10.649999618530272,0.2680000066757202
7.0349998474121085,11.119000434875488,0.4020000100135803
7.668000221252441,10.381999969482422,0.2680000066757202
8.722999572753906,11.253000259399414,0.1340000033378601
10.41100025177002,11.588000297546388,0.3350000083446503
9.355999946594238,11.788000106811523,0.0
11.043999671936035,13.597000122070312,0.4020000100135803
10.41100025177002,12.458000183105469,0.4690000116825104
9.355999946594238,9.376999855041504,0.06700000166893
10.482000350952148,10.717000007629396,0.0
10.904000282287598,8.975000381469727,-0.8709999918937683
10.130000114440918,8.23900032043457,0.0
9.074999809265137,9.779000282287598,0.0
7.879000186920166,10.649999618530272,0.0
9.637999534606934,11.45400047302246,0.0
7.809000015258789,11.854999542236328,-0.5360000133514404
6.894000053405763,11.720999717712402,-0.3350000083446503
9.145000457763672,13.32900047302246,-0.1340000033378601
9.28600025177002,13.663999557495115,-0.06700000166893
9.848999977111816,13.060999870300291,-0.4690000116825104
7.668000221252441,11.38700008392334,0.0
7.668000221252441,10.583000183105469,-0.2680000066757202
6.964000225067139,10.515999794006348,0.0
7.245999813079834,9.109000205993652,-0.2010000050067901
5.557000160217285,8.305999755859375,-0.2680000066757202
4.64300012588501,8.104999542236326,-0.5360000133514404
4.923999786376953,8.706999778747559,-0.4020000100135803
6.330999851226808,8.439000129699707,-0.7369999885559082
6.330999851226808,8.171999931335451,-1.6080000400543213
6.050000190734862,9.51099967956543,-1.5410000085830688
5.276000022888184,11.788000106811523,-0.06700000166893
5.839000225067139,3.549999952316284,0.2010000050067901
4.7129998207092285,0.0,0.7369999885559082
7.0349998474121085,-2.009000062942505,0.6029999852180481
5.908999919891357,-4.554999828338623,0.4690000116825104
5.76800012588501,-4.2199997901916495,1.2059999704360962
9.355999946594238,-3.282000064849853,1.0049999952316284
6.823999881744385,-1.0049999952316284,0.3350000083446503
7.668000221252441,4.822999954223633,-0.6700000166893005
7.73799991607666,9.779000282287598,-0.8040000200271606
7.597000122070312,11.92199993133545,-0.7369999885559082
7.668000221252441,15.20400047302246,0.06700000166893
6.541999816894531,15.605999946594238,0.06700000166893
7.526999950408935,14.668999671936035,-0.3350000083446503
6.330999851226808,15.87399959564209,0.9380000233650208
5.9790000915527335,13.597000122070312,0.2680000066757202
6.61299991607666,12.72599983215332,0.4020000100135803
6.119999885559082,12.79300022125244,0.7369999885559082
5.697999954223633,11.052000045776367,0.0
5.557000160217285,11.119000434875488,0.4690000116825104
6.401999950408936,11.854999542236328,0.5360000133514404
6.330999851226808,11.98900032043457,0.5360000133514404
6.119999885559082,11.38700008392334,0.2010000050067901
5.839000225067139,13.597000122070312,0.4690000116825104
6.119999885559082,15.605999946594238,1.2730000019073486
7.73799991607666,4.152999877929688,0.0
7.456999778747559,0.0,0.6029999852180481
8.934000015258789,0.1340000033378601,0.4690000116825104
6.752999782562256,-3.4830000400543213,0.9380000233650208
7.597000122070312,-3.617000102996826,1.2730000019073486
10.762999534606934,-1.875,1.2730000019073486
9.56700038909912,0.6029999852180481,0.2010000050067901
9.496999740600586,4.689000129699707,-0.4020000100135803
9.848999977111816,10.248000144958496,-0.7369999885559082
10.692999839782717,11.92199993133545,-0.9380000233650208
9.848999977111816,14.401000022888184,-0.1340000033378601
9.98900032043457,15.338000297546388,0.0
9.848999977111816,16.745000839233402,1.5410000085830688
9.777999877929688,15.472000122070312,0.6029999852180481
9.56700038909912,14.401000022888184,0.6700000166893005
8.934000015258789,12.1899995803833,0.5360000133514404
7.668000221252441,10.784000396728516,0.2680000066757202
8.442000389099121,10.11400032043457,0.1340000033378601
8.159999847412111,10.784000396728516,0.2680000066757202
8.722999572753906,10.04699993133545,0.1340000033378601
8.51200008392334,8.171999931335451,-1.875
8.090000152587889,8.23900032043457,-0.8040000200271606
8.230999946594237,11.45400047302246,-0.4020000100135803
7.456999778747559,12.79300022125244,0.1340000033378601
7.0349998474121085,5.1570000648498535,0.0
5.9790000915527335,0.4690000116825104,0.2010000050067901
7.597000122070312,-0.5360000133514404,0.5360000133514404
7.526999950408935,-2.5450000762939453,0.5360000133514404
8.300999641418457,-2.812999963760376,0.3350000083446503
11.1850004196167,-1.807999968528748,0.6029999852180481
11.536999702453612,0.9380000233650208,-0.1340000033378601
9.98900032043457,4.2199997901916495,-0.8709999918937683
9.21500015258789,10.3149995803833,-0.6700000166893005
9.28600025177002,11.92199993133545,-0.7369999885559082
8.652999877929688,14.60200023651123,-0.1340000033378601
8.159999847412111,15.67300033569336,0.06700000166893
7.245999813079834,15.13700008392334,0.0
6.964000225067139,14.199999809265137,0.6029999852180481
7.809000015258789,11.98900032043457,-0.06700000166893
6.752999782562256,10.85099983215332,-0.3350000083446503
6.119999885559082,8.840999603271484,-0.9380000233650208
6.261000156402588,8.975000381469727,-0.7369999885559082
4.7129998207092285,8.640000343322754,-0.6700000166893005
4.8540000915527335,7.836999893188477,-1.406999945640564
4.64300012588501,8.171999931335451,-0.8709999918937683
3.3059999942779537,9.51099967956543,-1.4739999771118164
4.501999855041504,11.45400047302246,-0.6700000166893005
4.150000095367432,12.927000045776367,0.0
4.432000160217285,4.48799991607666,0.06700000166893
4.432000160217285,0.0,0.06700000166893
6.330999851226808,-2.611999988555908,0.4690000116825104
5.697999954223633,-4.956999778747559,-0.4690000116825104
6.190999984741211,-3.884999990463257,-0.2010000050067901
8.230999946594237,-1.5410000085830688,-1.0049999952316284
6.823999881744385,-1.741000056266785,-1.2730000019073486
6.823999881744385,1.6740000247955322,-2.009000062942505
7.315999984741211,9.3100004196167,-2.009000062942505
6.823999881744385,10.649999618530272,-2.2769999504089355
6.4720001220703125,12.927000045776367,-1.4739999771118164
5.486999988555908,14.803000450134276,-1.1390000581741333
4.994999885559082,14.803000450134276,-0.9380000233650208
4.7129998207092285,13.730999946594238,-0.8709999918937683
4.501999855041504,10.984999656677246,-1.4739999771118164
4.290999889373778,9.3100004196167,-1.9420000314712524
4.361999988555908,8.104999542236326,-2.1429998874664307
4.2210001945495605,6.831999778747559,-2.2769999504089355
4.150000095367432,6.89900016784668,-2.477999925613404
3.938999891281128,5.760000228881836,-2.611999988555908
4.2210001945495605,6.027999877929688,-2.611999988555908
3.799000024795532,5.894000053405763,-2.880000114440918
3.799000024795532,7.636000156402588,-2.611999988555908
2.884000062942505,9.243000030517578,-2.009000062942505
3.377000093460083,1.406999945640564,-2.075999975204468
3.6579999923706055,-3.750999927520752,-1.5410000085830688
6.050000190734862,-5.290999889373778,-0.8709999918937683
4.994999885559082,-3.884999990463257,-0.7369999885559082
5.486999988555908,-2.4110000133514404,-1.0720000267028809
6.683000087738037,-0.8709999918937683,-1.2730000019073486
6.401999950408936,-0.2010000050067901,-1.9420000314712524
6.190999984741211,6.2290000915527335,-2.075999975204468
6.4720001220703125,10.583000183105469,-1.741000056266785
7.245999813079834,11.654999732971191,-1.6740000247955322
6.61299991607666,13.79800033569336,-1.2730000019073486
6.683000087738037,14.937000274658203,-0.8709999918937683
6.261000156402588,14.468000411987305,-0.8709999918937683
5.9790000915527335,12.592000007629396,-1.2730000019073486
5.908999919891357,10.717000007629396,-1.807999968528748
6.261000156402588,8.975000381469727,-1.807999968528748
6.401999950408936,7.769999980926514,-2.075999975204468
5.697999954223633,6.831999778747559,-2.344000101089477
5.9790000915527335,6.564000129699707,-2.2769999504089355
5.908999919891357,5.894000053405763,-2.2769999504089355
5.76800012588501,6.63100004196167,-2.2769999504089355
5.205999851226807,7.301000118255615,-2.2100000381469727
6.261000156402588,8.439000129699707,-2.2100000381469727
6.261000156402588,10.649999618530272,-1.807999968528748
6.823999881744385,7.568999767303468,-2.075999975204468
7.315999984741211,4.889999866485597,-1.6080000400543213
7.315999984741211,2.678999900817871,-1.3400000333786009
8.300999641418457,-2.2100000381469727,-0.2680000066757202
9.56700038909912,-0.2680000066757202,-0.5360000133514404
12.522000312805176,-2.344000101089477,-1.406999945640564
11.043999671936035,1.0049999952316284,-1.2059999704360962
10.130000114440918,3.6840000152587886,-1.6080000400543213
10.621999740600586,8.640000343322754,-1.4739999771118164
11.1850004196167,10.04699993133545,-2.2769999504089355
11.043999671936035,12.592000007629396,-1.0049999952316284
11.467000007629396,14.468000411987305,-0.4020000100135803
10.621999740600586,14.333999633789062,-0.4020000100135803
10.552000045776367,12.72599983215332,-0.8709999918937683
8.51200008392334,10.649999618530272,-1.2730000019073486
8.86400032043457,8.572999954223633,-1.6080000400543213
9.355999946594238,7.166999816894531,-1.875
10.270999908447266,6.296000003814697,-1.875
10.199999809265137,5.894000053405763,-1.9420000314712524
10.621999740600586,5.760000228881836,-2.009000062942505
9.56700038909912,5.827000141143799,-2.009000062942505
9.496999740600586,6.63100004196167,-1.9420000314712524
10.0600004196167,8.371999740600586,-1.741000056266785
10.270999908447266,10.449000358581545,-1.2730000019073486
10.41100025177002,6.564000129699707,-1.4739999771118164
9.56700038909912,2.2100000381469727,-1.406999945640564
11.114999771118164,-3.0810000896453857,-0.3350000083446503
10.552000045776367,-5.425000190734863,0.0
10.482000350952148,-6.497000217437744,0.06700000166893
12.661999702453612,-4.75600004196167,-0.2010000050067901
11.536999702453612,-3.2149999141693115,-0.5360000133514404
12.029000282287598,1.2730000019073486,-1.406999945640564
13.366000175476074,9.041999816894531,-1.6080000400543213
13.788000106811523,10.784000396728516,-1.5410000085830688
12.732999801635742,13.060999870300291,-0.9380000233650208
12.661999702453612,14.60200023651123,-0.4020000100135803
13.154999732971191,14.53499984741211,-0.4020000100135803
12.661999702453612,12.859999656677244,-0.9380000233650208
13.857999801635742,10.717000007629396,-1.3400000333786009
13.99899959564209,8.640000343322754,-1.6740000247955322
13.154999732971191,7.099999904632568,-1.9420000314712524
12.100000381469728,6.162000179290772,-2.075999975204468
9.918999671936035,5.692999839782715,-2.075999975204468
8.722999572753906,5.425000190734863,-2.075999975204468
9.848999977111816,5.559000015258789,-2.075999975204468
7.315999984741211,6.296000003814697,-2.075999975204468
6.4720001220703125,8.171999931335451,-1.875
5.135000228881836,11.98900032043457,-1.0049999952316284
6.119999885559082,10.381999969482422,-1.1390000581741333
6.261000156402588,8.439000129699707,-1.3400000333786009
6.683000087738037,7.568999767303468,-1.3400000333786009
7.809000015258789,2.5450000762939453,-0.8709999918937683
7.948999881744385,1.5410000085830688,-1.0720000267028809
8.442000389099121,2.344000101089477,-1.2059999704360962
8.159999847412111,4.287000179290772,-1.2059999704360962
8.159999847412111,6.89900016784668,-1.2730000019073486
8.230999946594237,9.57800006866455,-1.3400000333786009
8.020000457763674,12.324000358581545,-1.5410000085830688
8.300999641418457,14.937000274658203,-0.3350000083446503
6.401999950408936,15.67300033569336,-0.2010000050067901
6.050000190734862,15.472000122070312,-0.2680000066757202
5.9790000915527335,14.803000450134276,-0.4020000100135803
5.557000160217285,13.060999870300291,-0.8709999918937683
5.065000057220459,11.45400047302246,-1.1390000581741333
5.276000022888184,9.041999816894531,-1.6080000400543213
5.276000022888184,7.434999942779541,-2.009000062942505
5.205999851226807,6.764999866485598,-1.9420000314712524
4.923999786376953,6.564000129699707,-1.9420000314712524
5.416999816894531,6.697999954223633,-1.9420000314712524
5.557000160217285,7.301000118255615,-1.9420000314712524
5.486999988555908,8.77400016784668,-1.875
5.76800012588501,10.784000396728516,-1.4739999771118164
6.401999950408936,8.23900032043457,-1.6080000400543213
6.894000053405763,7.099999904632568,-1.741000056266785
7.879000186920166,-0.4020000100135803,-1.5410000085830688
9.003999710083008,-4.75600004196167,-0.06700000166893
10.904000282287598,-5.492000102996826,-0.2010000050067901
13.225000381469728,-3.6840000152587886,-0.4020000100135803
12.732999801635742,-1.5410000085830688,-1.1390000581741333
12.239999771118164,1.1390000581741333,-1.741000056266785
12.239999771118164,6.36299991607666,-1.807999968528748
12.029000282287598,9.175999641418455,-2.1429998874664307
10.621999740600586,11.720999717712402,-1.2730000019073486
11.467000007629396,12.458000183105469,-1.0720000267028809
11.1850004196167,11.98900032043457,-1.2059999704360962
11.395999908447266,11.38700008392334,-1.3400000333786009
12.170000076293944,9.845999717712402,-1.6740000247955322
12.661999702453612,8.038000106811522,-1.875
12.732999801635742,6.497000217437744,-2.009000062942505
13.718000411987305,5.760000228881836,-2.075999975204468
14.843000411987305,5.223999977111816,-2.2100000381469727
14.491000175476074,4.956999778747559,-2.2100000381469727
14.069000244140623,5.090000152587892,-2.2100000381469727
12.944000244140623,5.625999927520752,-2.1429998874664307
7.879000186920166,8.038000106811522,-2.009000062942505
7.105000019073486,10.717000007629396,-1.3400000333786009
5.416999816894531,4.889999866485597,-1.741000056266785
5.3460001945495605,0.8709999918937683,-1.741000056266785
6.190999984741211,5.290999889373778,-2.009000062942505
6.752999782562256,6.89900016784668,-1.875
6.61299991607666,6.429999828338622,-1.807999968528748
7.456999778747559,8.975000381469727,-1.6080000400543213
5.76800012588501,10.180999755859377,-1.4739999771118164
6.401999950408936,9.913000106811523,-1.5410000085830688
7.526999950408935,10.85099983215332,-1.9420000314712524
7.526999950408935,12.72599983215332,-1.0720000267028809
5.3460001945495605,14.468000411987305,-0.5360000133514404
4.2210001945495605,14.736000061035154,-0.4020000100135803
7.668000221252441,13.529999732971191,-0.7369999885559082
6.61299991607666,12.458000183105469,-0.9380000233650208
7.526999950408935,10.85099983215332,-1.2730000019073486
7.245999813079834,8.706999778747559,-1.875
7.73799991607666,7.301000118255615,-2.009000062942505
6.894000053405763,6.497000217437744,-2.1429998874664307
7.0349998474121085,6.027999877929688,-2.2100000381469727
6.401999950408936,5.827000141143799,-2.2769999504089355
4.64300012588501,5.894000053405763,-2.344000101089477
4.150000095367432,6.36299991607666,-2.1429998874664307
4.432000160217285,8.038000106811522,-1.9420000314712524
3.3059999942779537,11.92199993133545,-1.0049999952316284
3.6579999923706055,4.287000179290772,-1.4739999771118164
4.150000095367432,-1.2730000019073486,-0.9380000233650208
5.3460001945495605,-3.6840000152587886,-0.6029999852180481
5.908999919891357,-3.818000078201294,0.0
5.697999954223633,-6.497000217437744,0.0
6.261000156402588,-1.1390000581741333,-0.6029999852180481
5.3460001945495605,0.06700000166893,-1.0049999952316284
4.8540000915527335,4.956999778747559,-1.2730000019073486
4.64300012588501,8.23900032043457,-1.6740000247955322
5.557000160217285,11.98900032043457,-1.2059999704360962
5.065000057220459,15.807000160217283,-0.06700000166893
4.7129998207092285,16.544000625610348,0.0
4.8540000915527335,16.142000198364258,0.0
4.432000160217285,14.468000411987305,-0.5360000133514404
4.7839999198913565,12.524999618530272,-1.0049999952316284
5.276000022888184,10.717000007629396,-1.3400000333786009
5.276000022888184,10.717000007629396,-1.3400000333786009
5.276000022888184,10.717000007629396,-1.3400000333786009
5.276000022888184,10.717000007629396,-1.3400000333786009
5.276000022888184,10.717000007629396,-1.3400000333786009
5.276000022888184,10.717000007629396,-1.3400000333786009
5.276000022888184,10.717000007629396,-1.3400000333786009
5.276000022888184,10.717000007629396,-1.3400000333786009
5.276000022888184,10.717000007629396,-1.3400000333786009
5.276000022888184,10.717000007629396,-1.3400000333786009
5.276000022888184,10.717000007629396,-1.3400000333786009
5.276000022888184,10.717000007629396,-1.3400000333786009
5.276000022888184,10.717000007629396,-1.3400000333786009
5.276000022888184,10.717000007629396,-1.3400000333786009
5.276000022888184,10.717000007629396,-1.3400000333786009
5.276000022888184,10.717000007629396,-1.3400000333786009
5.276000022888184,10.717000007629396,-1.3400000333786009
5.276000022888184,10.717000007629396,-1.3400000333786009
5.276000022888184,10.717000007629396,-1.3400000333786009
5.276000022888184,10.717000007629396,-1.3400000333786009
5.276000022888184,10.717000007629396,-1.3400000333786009
5.276000022888184,10.717000007629396,-1.3400000333786009
5.276000022888184,10.717000007629396,-1.3400000333786009
5.276000022888184,10.717000007629396,-1.3400000333786009
4.8540000915527335,9.57800006866455,-1.5410000085830688
4.361999988555908,8.171999931335451,-1.741000056266785
5.416999816894531,6.966000080108643,-1.875
4.290999889373778,6.429999828338622,-2.009000062942505
4.7839999198913565,6.162000179290772,-2.075999975204468
4.923999786376953,6.296000003814697,-1.9420000314712524
5.135000228881836,6.63100004196167,-2.009000062942505
4.150000095367432,7.903999805450439,-1.875
5.276000022888184,11.31999969482422,-1.1390000581741333
4.8540000915527335,10.04699993133545,-1.2730000019073486
5.486999988555908,6.63100004196167,-1.4739999771118164
5.697999954223633,7.166999816894531,-1.406999945640564
5.908999919891357,9.175999641418455,-1.2730000019073486
6.823999881744385,7.301000118255615,-1.406999945640564
6.401999950408936,8.305999755859375,-1.3400000333786009
8.090000152587889,8.640000343322754,-1.3400000333786009
5.9790000915527335,10.248000144958496,-1.1390000581741333
5.839000225067139,12.1899995803833,-1.0720000267028809
6.401999950408936,12.927000045776367,-1.3400000333786009
7.315999984741211,15.338000297546388,-0.2680000066757202
8.159999847412111,16.343000411987305,-0.06700000166893
8.159999847412111,16.142000198364258,0.0
8.371000289916992,14.803000450134276,-0.3350000083446503
8.722999572753906,12.592000007629396,-1.0720000267028809
9.074999809265137,10.381999969482422,-1.406999945640564
7.809000015258789,8.77400016784668,-1.6740000247955322
7.809000015258789,7.703000068664551,-1.807999968528748
6.330999851226808,7.166999816894531,-1.9420000314712524
5.697999954223633,6.89900016784668,-1.9420000314712524
5.557000160217285,7.166999816894531,-1.9420000314712524
4.64300012588501,7.568999767303468,-1.9420000314712524
4.361999988555908,9.376999855041504,-1.6740000247955322
4.290999889373778,12.055999755859377,-1.1390000581741333
4.290999889373778,9.51099967956543,-1.3400000333786009
4.079999923706056,7.368000030517577,-1.4739999771118164
3.86899995803833,6.966000080108643,-1.3400000333786009
4.361999988555908,6.2290000915527335,-1.2059999704360962
4.994999885559082,4.889999866485597,-1.1390000581741333
5.486999988555908,4.019000053405762,-1.2059999704360962
5.839000225067139,4.421000003814697,-1.0720000267028809
5.839000225067139,8.975000381469727,-1.2059999704360962
5.908999919891357,10.381999969482422,-1.3400000333786009
6.119999885559082,11.520999908447266,-1.3400000333786009
6.752999782562256,14.065999984741213,-0.6700000166893005
6.050000190734862,15.472000122070312,-0.2010000050067901
6.190999984741211,15.404999732971191,-0.1340000033378601
6.261000156402588,13.529999732971191,-0.7369999885559082
6.190999984741211,11.45400047302246,-1.2059999704360962
7.456999778747559,9.376999855041504,-1.5410000085830688
7.386000156402588,7.903999805450439,-1.807999968528748
6.823999881744385,7.0329999923706055,-1.9420000314712524
8.300999641418457,6.429999828338622,-2.009000062942505
8.51200008392334,6.2290000915527335,-1.875
8.159999847412111,6.162000179290772,-2.1429998874664307
8.86400032043457,6.564000129699707,-2.009000062942505
8.86400032043457,8.23900032043457,-1.875
7.315999984741211,11.788000106811523,-1.2730000019073486
8.300999641418457,9.645000457763672,-1.4739999771118164
9.074999809265137,8.975000381469727,-1.4739999771118164
9.425999641418455,10.248000144958496,-1.3400000333786009
7.456999778747559,10.381999969482422,-1.2730000019073486
6.823999881744385,9.711999893188477,-1.2730000019073486
6.541999816894531,9.779000282287598,-1.2059999704360962
9.28600025177002,10.85099983215332,-1.1390000581741333
9.425999641418455,12.592000007629396,-0.7369999885559082
10.904000282287598,12.859999656677244,-1.2730000019073486
10.130000114440918,13.128000259399414,-0.9380000233650208
9.98900032043457,14.736000061035154,-0.5360000133514404
9.355999946594238,15.404999732971191,-0.2010000050067901
9.777999877929688,14.53499984741211,-0.5360000133514404
9.496999740600586,13.19499969482422,-0.7369999885559082
10.621999740600586,11.253000259399414,-1.2059999704360962
11.395999908447266,9.3100004196167,-1.5410000085830688
11.1850004196167,7.836999893188477,-1.741000056266785
11.536999702453612,6.966000080108643,-1.807999968528748
11.326000213623049,6.497000217437744,-1.9420000314712524
11.255999565124512,6.2290000915527335,-2.1429998874664307
11.678000450134276,6.429999828338622,-2.009000062942505
11.536999702453612,6.966000080108643,-2.009000062942505
11.043999671936035,8.907999992370605,-1.741000056266785
10.833000183105469,11.45400047302246,-1.2059999704360962
10.621999740600586,9.57800006866455,-1.6080000400543213
10.340999603271484,7.434999942779541,-1.406999945640564
11.255999565124512,7.568999767303468,-1.406999945640564
10.621999740600586,6.63100004196167,-1.5410000085830688
9.637999534606934,7.836999893188477,-1.1390000581741333
8.86400032043457,8.23900032043457,-1.0720000267028809
8.934000015258789,8.305999755859375,-1.3400000333786009
10.340999603271484,8.439000129699707,-1.406999945640564
10.762999534606934,9.444000244140623,-1.3400000333786009
11.043999671936035,10.717000007629396,-1.406999945640564
10.552000045776367,12.79300022125244,-1.0049999952316284
10.340999603271484,13.932000160217283,-0.6700000166893005
10.621999740600586,13.864999771118164,-0.6029999852180481
10.621999740600586,12.592000007629396,-0.9380000233650208
10.621999740600586,10.515999794006348,-1.406999945640564
9.98900032043457,8.77400016784668,-1.741000056266785
10.621999740600586,7.301000118255615,-1.9420000314712524
11.326000213623049,6.564000129699707,-2.009000062942505
11.467000007629396,5.960999965667725,-2.075999975204468
10.692999839782717,5.625999927520752,-2.1429998874664307
11.1850004196167,5.760000228881836,-2.1429998874664307
10.692999839782717,6.2290000915527335,-2.1429998874664307
10.621999740600586,8.171999931335451,-1.807999968528748
11.395999908447266,10.91800022125244,-1.2059999704360962
10.199999809265137,8.907999992370605,-1.2730000019073486
9.425999641418455,7.703000068664551,-1.2059999704360962
9.074999809265137,6.831999778747559,-1.0720000267028809
8.722999572753906,6.564000129699707,-1.406999945640564
9.777999877929688,2.746000051498413,-1.2730000019073486
11.536999702453612,-0.6029999852180481,-0.7369999885559082
12.029000282287598,0.2010000050067901,-1.0720000267028809
10.973999977111816,4.75600004196167,-1.2730000019073486
10.904000282287598,8.907999992370605,-1.406999945640564
11.043999671936035,10.3149995803833,-2.009000062942505
9.918999671936035,12.79300022125244,-1.0049999952316284
10.130000114440918,14.199999809265137,-0.6029999852180481
9.777999877929688,13.663999557495115,-0.7369999885559082
8.793000221252441,12.123000144958494,-1.0049999952316284
8.020000457763674,10.11400032043457,-1.4739999771118164
7.809000015258789,8.706999778747559,-1.6740000247955322
6.752999782562256,7.836999893188477,-1.6080000400543213
6.752999782562256,7.301000118255615,-1.6080000400543213
6.261000156402588,6.831999778747559,-1.5410000085830688
5.908999919891357,6.966000080108643,-1.5410000085830688
5.76800012588501,6.89900016784668,-1.6080000400543213
5.839000225067139,7.501999855041504,-1.5410000085830688
4.923999786376953,9.243000030517578,-1.4739999771118164
4.501999855041504,10.583000183105469,-1.0720000267028809
4.8540000915527335,8.23900032043457,-1.2730000019073486
4.572999954223633,4.421000003814697,-1.0049999952316284
5.486999988555908,-3.282000064849853,0.0
6.401999950408936,-1.9420000314712524,0.2680000066757202
6.401999950408936,-1.1390000581741333,-0.9380000233650208
7.526999950408935,-3.1480000019073486,-0.4020000100135803
7.105000019073486,0.0,-0.4690000116825104
6.752999782562256,3.6840000152587886,-1.4739999771118164
6.752999782562256,9.444000244140623,-1.3400000333786009
6.401999950408936,10.449000358581545,-1.6740000247955322
5.76800012588501,12.927000045776367,-0.7369999885559082
5.3460001945495605,13.529999732971191,-0.8040000200271606
4.994999885559082,13.128000259399414,-0.8709999918937683
5.276000022888184,11.588000297546388,-1.0049999952316284
5.065000057220459,9.979999542236328,-1.3400000333786009
4.572999954223633,11.38700008392334,-0.6700000166893005
3.799000024795532,9.979999542236328,-0.7369999885559082
3.16599988937378,9.444000244140623,-0.8709999918937683
2.74399995803833,8.975000381469727,-1.2059999704360962
3.236000061035156,8.840999603271484,-1.2730000019073486
2.461999893188477,9.109000205993652,-1.2730000019073486
2.74399995803833,7.099999904632568,-1.807999968528748
2.884000062942505,9.645000457763672,-1.3400000333786009
3.025000095367432,8.572999954223633,-1.2059999704360962
2.9549999237060547,2.009000062942505,-0.7369999885559082
3.3059999942779537,6.497000217437744,-1.0720000267028809
4.079999923706056,7.434999942779541,-1.1390000581741333
3.799000024795532,3.95199990272522,-1.0049999952316284
4.8540000915527335,5.625999927520752,-1.0720000267028809
5.486999988555908,7.166999816894531,-1.2059999704360962
5.486999988555908,8.975000381469727,-1.0720000267028809
5.3460001945495605,10.449000358581545,-0.6029999852180481
5.557000160217285,11.45400047302246,-0.8709999918937683
5.908999919891357,11.720999717712402,-1.3400000333786009
6.261000156402588,13.932000160217283,-0.4690000116825104
6.190999984741211,14.468000411987305,-0.2010000050067901
5.908999919891357,13.597000122070312,-0.4690000116825104
5.627999782562256,12.055999755859377,-0.8709999918937683
3.095000028610228,10.180999755859377,-1.3400000333786009
1.758999943733215,9.175999641418455,-1.3400000333786009
2.3919999599456787,7.769999980926514,-1.5410000085830688
3.236000061035156,7.166999816894531,-1.6080000400543213
2.9549999237060547,6.764999866485598,-1.741000056266785
0.9850000143051147,6.63100004196167,-1.5410000085830688
0.7739999890327454,6.764999866485598,-1.741000056266785
0.0,7.234000205993652,-1.6740000247955322
0.9850000143051147,9.243000030517578,-1.406999945640564
0.0,11.38700008392334,-0.9380000233650208
0.6330000162124634,10.515999794006348,-0.7369999885559082
0.0,9.979999542236328,-0.8709999918937683
-0.6330000162124634,10.649999618530272,-0.6029999852180481
2.180999994277954,8.907999992370605,-1.0720000267028809
2.461999893188477,8.975000381469727,-0.8709999918937683
3.095000028610228,10.04699993133545,-0.7369999885559082
5.276000022888184,10.11400032043457,-0.4690000116825104
5.3460001945495605,12.927000045776367,-0.2680000066757202
4.290999889373778,13.79800033569336,-0.3350000083446503
5.3460001945495605,14.065999984741213,-0.3350000083446503
4.7129998207092285,15.472000122070312,-0.06700000166893
5.9790000915527335,15.807000160217283,0.0
4.501999855041504,15.06999969482422,-0.1340000033378601
6.61299991607666,13.32900047302246,-0.4690000116825104
6.823999881744385,11.854999542236328,-0.6029999852180481
6.964000225067139,10.784000396728516,-0.8709999918937683
4.994999885559082,9.645000457763672,-0.8040000200271606
5.697999954223633,8.706999778747559,-1.0049999952316284
6.61299991607666,8.171999931335451,-1.1390000581741333
6.401999950408936,8.038000106811522,-1.2059999704360962
3.7279999256134033,7.568999767303468,-1.406999945640564
3.16599988937378,8.505999565124513,-1.1390000581741333
5.065000057220459,9.845999717712402,-0.7369999885559082
5.276000022888184,10.649999618530272,-0.1340000033378601
3.7279999256134033,5.357999801635742,-0.7369999885559082
5.3460001945495605,-0.7369999885559082,0.0
6.823999881744385,-3.95199990272522,0.9380000233650208
7.0349998474121085,-3.6840000152587886,0.06700000166893
6.61299991607666,-4.48799991607666,0.2010000050067901
7.809000015258789,-3.013999938964844,0.0
6.401999950408936,0.0,-0.2010000050067901
5.908999919891357,5.760000228881836,-0.6029999852180481
6.894000053405763,10.04699993133545,-0.7369999885559082
7.668000221252441,11.654999732971191,-1.0720000267028809
7.809000015258789,14.333999633789062,-0.2010000050067901
7.948999881744385,14.803000450134276,-0.2010000050067901
7.668000221252441,14.199999809265137,-0.2680000066757202
8.442000389099121,12.592000007629396,-0.6700000166893005
8.230999946594237,10.784000396728516,-1.0049999952316284
6.401999950408936,9.845999717712402,-1.0049999952316284
6.823999881744385,8.505999565124513,-1.0720000267028809
6.541999816894531,7.703000068664551,-1.406999945640564
7.456999778747559,7.434999942779541,-1.3400000333786009
6.752999782562256,7.301000118255615,-1.2730000019073486
6.401999950408936,7.234000205993652,-1.3400000333786009
5.416999816894531,7.636000156402588,-1.406999945640564
4.501999855041504,9.243000030517578,-1.406999945640564
5.205999851226807,8.23900032043457,-0.6700000166893005
6.050000190734862,1.406999945640564,-0.4020000100135803
6.401999950408936,-2.477999925613404,0.2680000066757202
7.456999778747559,-5.090000152587892,1.0720000267028809
6.823999881744385,-8.104999542236326,1.1390000581741333
7.105000019073486,-7.501999855041504,1.2730000019073486
9.074999809265137,-6.2290000915527335,0.7369999885559082
7.73799991607666,-3.884999990463257,0.1340000033378601
7.73799991607666,3.2149999141693115,-0.9380000233650208
7.809000015258789,9.645000457763672,-1.2059999704360962
8.442000389099121,10.85099983215332,-1.741000056266785
7.948999881744385,13.663999557495115,-0.6029999852180481
7.105000019073486,13.99899959564209,-0.4690000116825104
8.159999847412111,12.994000434875488,-0.7369999885559082
7.809000015258789,11.720999717712402,-1.0049999952316284
7.315999984741211,11.185999870300291,-0.4020000100135803
6.541999816894531,9.913000106811523,-0.9380000233650208
7.386000156402588,9.779000282287598,-0.6700000166893005
6.119999885559082,9.109000205993652,-0.6700000166893005
4.923999786376953,8.505999565124513,-1.0049999952316284
6.541999816894531,7.568999767303468,-0.8709999918937683
7.526999950408935,6.764999866485598,-1.6740000247955322
7.597000122070312,9.109000205993652,-1.0049999952316284
6.752999782562256,9.645000457763672,-1.2059999704360962
8.371000289916992,7.368000030517577,-1.0720000267028809
6.964000225067139,0.5360000133514404,-0.5360000133514404
7.315999984741211,-3.2149999141693115,0.1340000033378601
8.159999847412111,-4.622000217437744,0.5360000133514404
8.51200008392334,-6.2290000915527335,0.5360000133514404
8.51200008392334,-8.038000106811522,1.0720000267028809
11.607000350952148,-6.63100004196167,0.4690000116825104
9.777999877929688,-1.6080000400543213,-0.4690000116825104
9.708000183105469,0.5360000133514404,-0.9380000233650208
9.708000183105469,7.703000068664551,-1.406999945640564
9.637999534606934,10.04699993133545,-1.4739999771118164
9.21500015258789,12.927000045776367,-0.6700000166893005
8.86400032043457,12.994000434875488,-0.6700000166893005
9.074999809265137,12.1899995803833,-0.9380000233650208
8.371000289916992,10.717000007629396,-1.2730000019073486
9.28600025177002,9.109000205993652,-1.5410000085830688
8.371000289916992,8.23900032043457,-1.406999945640564
9.074999809265137,6.564000129699707,-1.875
8.86400032043457,6.497000217437744,-1.6740000247955322
8.371000289916992,7.568999767303468,-1.3400000333786009
8.159999847412111,5.559000015258789,-2.075999975204468
8.230999946594237,7.301000118255615,-1.5410000085830688
8.722999572753906,8.038000106811522,-1.3400000333786009
8.159999847412111,9.779000282287598,-1.0720000267028809
7.597000122070312,7.234000205993652,-0.8709999918937683
8.371000289916992,0.2010000050067901,-0.3350000083446503
9.708000183105469,-3.6840000152587886,0.0
10.833000183105469,-4.75600004196167,0.3350000083446503
10.833000183105469,-7.234000205993652,0.4690000116825104
12.100000381469728,-7.301000118255615,0.6700000166893005
14.631999969482422,-6.162000179290772,0.5360000133514404
12.944000244140623,-3.549999952316284,0.2010000050067901
13.366000175476074,0.4690000116825104,-0.4020000100135803
13.57699966430664,7.836999893188477,-1.2059999704360962
11.748000144958494,8.975000381469727,-1.9420000314712524
10.904000282287598,10.85099983215332,-0.8040000200271606
9.21500015258789,11.119000434875488,-0.7369999885559082
9.28600025177002,10.784000396728516,-0.6700000166893005
9.777999877929688,11.38700008392334,-0.4690000116825104
9.496999740600586,11.38700008392334,-0.2010000050067901
10.0600004196167,13.529999732971191,1.0720000267028809
9.425999641418455,12.324000358581545,0.9380000233650208
9.425999641418455,9.175999641418455,0.0
9.425999641418455,8.907999992370605,-0.2010000050067901
8.722999572753906,8.975000381469727,-0.8040000200271606
8.86400032043457,8.640000343322754,-0.4690000116825104
9.145000457763672,8.505999565124513,-0.7369999885559082
9.56700038909912,11.98900032043457,-0.4690000116825104
9.777999877929688,8.706999778747559,0.2010000050067901
9.425999641418455,2.812999963760376,0.5360000133514404
11.467000007629396,-2.2100000381469727,0.4020000100135803
12.944000244140623,-3.41599988937378,1.0720000267028809
11.678000450134276,-7.234000205993652,0.2680000066757202
12.029000282287598,-6.697999954223633,1.2730000019073486
15.053999900817873,-5.559000015258789,1.0049999952316284
14.491000175476074,-3.4830000400543213,-0.1340000033378601
15.125,1.2730000019073486,-0.1340000033378601
13.788000106811523,7.703000068664551,-1.1390000581741333
13.435999870300291,8.104999542236326,-1.875
12.239999771118164,9.913000106811523,-1.0720000267028809
12.380999565124512,9.645000457763672,-1.2059999704360962
11.395999908447266,9.57800006866455,-2.1429998874664307
10.973999977111816,10.449000358581545,-0.5360000133514404
10.41100025177002,9.645000457763672,-0.5360000133514404
10.973999977111816,10.180999755859377,-0.2010000050067901
10.41100025177002,9.645000457763672,0.2010000050067901
10.199999809265137,8.305999755859375,-0.4690000116825104
9.28600025177002,9.041999816894531,-0.6029999852180481
9.074999809265137,9.444000244140623,-0.4020000100135803
8.300999641418457,9.3100004196167,0.0
7.879000186920166,10.248000144958496,0.0
7.809000015258789,12.592000007629396,0.1340000033378601
8.300999641418457,8.371999740600586,0.6029999852180481
8.51200008392334,2.746000051498413,0.5360000133514404
8.722999572753906,1.3400000333786009,-0.2010000050067901
9.777999877929688,-3.282000064849853,0.5360000133514404
9.28600025177002,-6.564000129699707,1.0049999952316284
9.98900032043457,-7.234000205993652,0.8040000200271606
10.270999908447266,1.6080000400543213,-0.6700000166893005
9.848999977111816,-2.009000062942505,-0.4690000116825104
10.482000350952148,0.5360000133514404,-0.4690000116825104
10.762999534606934,7.769999980926514,-1.0720000267028809
10.833000183105469,7.903999805450439,-1.9420000314712524
9.28600025177002,9.243000030517578,-1.2059999704360962
9.003999710083008,9.109000205993652,-0.9380000233650208
8.020000457763674,7.836999893188477,-1.2730000019073486
8.300999641418457,8.439000129699707,-0.4020000100135803
7.73799991607666,8.572999954223633,-0.3350000083446503
7.73799991607666,9.041999816894531,0.0
7.386000156402588,9.243000030517578,0.06700000166893
7.105000019073486,6.697999954223633,-0.6700000166893005
7.105000019073486,6.2290000915527335,-0.7369999885559082
7.879000186920166,6.429999828338622,-1.1390000581741333
7.526999950408935,6.36299991607666,-0.9380000233650208
6.964000225067139,8.305999755859375,-0.7369999885559082
7.105000019073486,9.645000457763672,-1.2059999704360962
8.793000221252441,5.827000141143799,-0.2010000050067901
9.28600025177002,0.2010000050067901,0.0
9.98900032043457,-2.4110000133514404,0.5360000133514404
12.944000244140623,-4.019000053405762,0.9380000233650208
13.788000106811523,-7.568999767303468,0.4020000100135803
14.140000343322756,-6.831999778747559,1.0720000267028809
16.391000747680664,-5.827000141143799,0.7369999885559082
14.069000244140623,-3.884999990463257,0.2010000050067901
14.491000175476074,0.4020000100135803,-0.3350000083446503
16.320999145507812,6.831999778747559,-0.8709999918937683
15.265000343322756,7.636000156402588,-1.6740000247955322
14.140000343322756,9.109000205993652,-0.9380000233650208
13.29599952697754,8.371999740600586,-1.2059999704360962
12.87399959564209,7.501999855041504,-1.2059999704360962
12.944000244140623,6.697999954223633,-1.4739999771118164
13.085000038146973,8.439000129699707,0.0
13.013999938964846,10.248000144958496,0.9380000233650208
12.661999702453612,10.717000007629396,0.3350000083446503
12.944000244140623,9.3100004196167,0.8040000200271606
12.029000282287598,6.162000179290772,-1.0049999952316284
12.100000381469728,7.836999893188477,0.2010000050067901
10.833000183105469,6.09499979019165,-1.0720000267028809
12.661999702453612,8.439000129699707,-1.0720000267028809
12.239999771118164,10.515999794006348,-0.4020000100135803
11.467000007629396,8.907999992370605,0.06700000166893
10.833000183105469,6.296000003814697,0.0
11.958999633789062,3.3489999771118164,0.5360000133514404
13.647000312805176,-1.875,0.5360000133514404
14.77299976348877,-4.956999778747559,0.2010000050067901
15.82800006866455,-4.622000217437744,1.1390000581741333
14.491000175476074,-4.3540000915527335,0.8040000200271606
13.57699966430664,-2.2100000381469727,0.2010000050067901
13.788000106811523,0.0,-0.9380000233650208
14.35099983215332,5.894000053405763,-0.6029999852180481
16.461000442504886,7.166999816894531,-1.1390000581741333
16.25,7.97100019454956,-1.3400000333786009
16.320999145507812,7.636000156402588,-1.2059999704360962
16.672000885009766,8.171999931335451,-0.6029999852180481
15.54699993133545,8.439000129699707,-0.4690000116825104
14.984000205993652,9.845999717712402,0.5360000133514404
15.053999900817873,12.324000358581545,1.0049999952316284
16.461000442504886,12.524999618530272,1.3400000333786009
12.732999801635742,12.79300022125244,1.6080000400543213
12.239999771118164,12.055999755859377,1.3400000333786009
13.99899959564209,11.45400047302246,1.0049999952316284
12.944000244140623,11.31999969482422,0.2680000066757202
11.817999839782717,12.859999656677244,0.4020000100135803
10.692999839782717,13.730999946594238,1.1390000581741333
9.637999534606934,12.72599983215332,1.9420000314712524
8.300999641418457,10.381999969482422,1.0049999952316284
8.51200008392334,7.769999980926514,0.3350000083446503
7.526999950408935,8.706999778747559,0.3350000083446503
7.809000015258789,6.966000080108643,-0.6700000166893005
6.894000053405763,6.162000179290772,0.1340000033378601
7.597000122070312,7.703000068664551,0.1340000033378601
7.668000221252441,7.703000068664551,0.06700000166893
7.105000019073486,7.501999855041504,-0.6029999852180481
6.752999782562256,9.175999641418455,-0.2680000066757202
7.0349998474121085,8.572999954223633,-0.9380000233650208
7.597000122070312,9.3100004196167,-0.9380000233650208
8.581999778747559,8.439000129699707,-1.0049999952316284
8.300999641418457,9.376999855041504,-1.5410000085830688
7.386000156402588,9.51099967956543,-0.3350000083446503
7.456999778747559,9.175999641418455,-0.5360000133514404
6.964000225067139,11.520999908447266,1.2730000019073486
7.456999778747559,12.927000045776367,1.741000056266785
6.894000053405763,13.26200008392334,1.741000056266785
7.105000019073486,12.256999969482422,1.2059999704360962
6.683000087738037,11.854999542236328,1.1390000581741333
6.752999782562256,13.864999771118164,1.807999968528748
6.61299991607666,13.19499969482422,1.1390000581741333
7.0349998474121085,13.79800033569336,0.7369999885559082
6.752999782562256,9.3100004196167,0.6700000166893005
6.823999881744385,4.75600004196167,0.6700000166893005
7.597000122070312,0.0,0.4690000116825104
8.581999778747559,-3.1480000019073486,1.6740000247955322
9.918999671936035,-6.831999778747559,0.4020000100135803
9.777999877929688,-6.697999954223633,1.1390000581741333
13.013999938964846,-5.1570000648498535,0.7369999885559082
13.225000381469728,-2.678999900817871,0.9380000233650208
11.748000144958494,0.4690000116825104,-0.1340000033378601
11.326000213623049,6.2290000915527335,-0.4020000100135803
11.326000213623049,7.903999805450439,-0.6029999852180481
10.621999740600586,8.77400016784668,-0.8709999918937683
9.425999641418455,8.439000129699707,-0.8709999918937683
9.21500015258789,7.501999855041504,-2.344000101089477
9.777999877929688,9.913000106811523,0.0
9.28600025177002,12.994000434875488,1.6080000400543213
9.003999710083008,10.381999969482422,0.9380000233650208
9.425999641418455,11.119000434875488,1.0720000267028809
8.86400032043457,11.45400047302246,1.1390000581741333
9.145000457763672,9.711999893188477,0.5360000133514404
9.21500015258789,10.91800022125244,1.2059999704360962
9.21500015258789,10.784000396728516,0.4690000116825104
9.848999977111816,11.31999969482422,0.6700000166893005
10.552000045776367,13.060999870300291,0.2680000066757202
11.678000450134276,10.381999969482422,1.0720000267028809
11.536999702453612,5.090000152587892,-0.4690000116825104
12.380999565124512,0.0,0.0
12.944000244140623,-3.0810000896453857,1.3400000333786009
12.592000007629396,-6.89900016784668,0.3350000083446503
12.944000244140623,-6.09499979019165,2.1429998874664307
13.013999938964846,-1.5410000085830688,0.1340000033378601
11.888999938964846,-1.741000056266785,0.2010000050067901
11.678000450134276,2.2100000381469727,-0.6029999852180481
11.678000450134276,6.2290000915527335,-0.6700000166893005
11.395999908447266,7.368000030517577,-1.1390000581741333
13.647000312805176,8.171999931335451,-1.0720000267028809
14.843000411987305,7.568999767303468,-1.6080000400543213
14.35099983215332,7.099999904632568,-0.8040000200271606
14.210000038146973,8.77400016784668,0.4690000116825104
14.35099983215332,11.119000434875488,0.8040000200271606
14.279999732971191,12.859999656677244,1.5410000085830688
14.140000343322756,11.92199993133545,0.8709999918937683
14.279999732971191,12.927000045776367,1.875
14.491000175476074,10.04699993133545,-0.4020000100135803
14.70300006866455,11.720999717712402,-0.06700000166893
15.053999900817873,10.180999755859377,0.0
13.085000038146973,11.052000045776367,0.0
11.1850004196167,12.994000434875488,0.0
9.425999641418455,8.907999992370605,-0.4690000116825104
7.245999813079834,6.09499979019165,-1.406999945640564
6.401999950408936,7.703000068664551,0.0
6.119999885559082,8.975000381469727,0.06700000166893
5.276000022888184,6.697999954223633,-0.6700000166893005
6.261000156402588,8.038000106811522,0.1340000033378601
5.697999954223633,7.099999904632568,0.3350000083446503
6.050000190734862,6.63100004196167,0.1340000033378601
4.994999885559082,8.77400016784668,0.0
4.7129998207092285,9.376999855041504,-0.2680000066757202
5.205999851226807,9.041999816894531,-0.6700000166893005
4.2210001945495605,9.243000030517578,-0.8709999918937683
4.572999954223633,8.572999954223633,-0.7369999885559082
3.938999891281128,8.505999565124513,-1.5410000085830688
4.150000095367432,8.77400016784668,-0.6700000166893005
3.6579999923706055,10.04699993133545,0.6029999852180481
3.16599988937378,10.784000396728516,0.8709999918937683
2.74399995803833,10.449000358581545,0.6700000166893005
2.1099998950958248,10.449000358581545,0.0
1.89900004863739,9.57800006866455,0.5360000133514404
2.039999961853028,10.85099983215332,0.9380000233650208
2.039999961853028,10.449000358581545,0.8040000200271606
2.039999961853028,10.449000358581545,0.06700000166893
1.5479999780654907,13.663999557495115,0.6700000166893005
1.0549999475479126,11.654999732971191,1.406999945640564
1.758999943733215,8.640000343322754,0.9380000233650208
2.532000064849853,4.75600004196167,0.06700000166893
3.095000028610228,5.090000152587892,0.0
3.5169999599456787,-2.611999988555908,0.4020000100135803
4.501999855041504,3.013999938964844,0.3350000083446503
4.923999786376953,2.746000051498413,0.1340000033378601
5.205999851226807,2.678999900817871,-0.06700000166893
4.994999885559082,6.296000003814697,-1.0720000267028809
4.8540000915527335,9.041999816894531,-1.0720000267028809
6.050000190734862,8.840999603271484,-1.9420000314712524
5.76800012588501,8.640000343322754,-1.3400000333786009
3.3059999942779537,8.171999931335451,-1.6740000247955322
2.039999961853028,7.234000205993652,-2.9470000267028813
1.4769999980926514,8.371999740600586,-0.7369999885559082
1.8289999961853027,10.649999618530272,0.06700000166893
1.1260000467300415,12.79300022125244,0.8040000200271606
1.89900004863739,13.060999870300291,0.9380000233650208
1.1260000467300415,12.927000045776367,0.9380000233650208
0.915000021457672,12.458000183105469,0.2010000050067901
2.461999893188477,11.052000045776367,0.4690000116825104
2.74399995803833,12.458000183105469,0.9380000233650208
4.150000095367432,13.663999557495115,0.8709999918937683
2.602999925613404,16.40999984741211,1.875
0.0,12.390999794006348,0.4020000100135803
1.337000012397766,11.588000297546388,0.5360000133514404
1.89900004863739,10.180999755859377,0.2680000066757202
2.250999927520752,9.3100004196167,0.5360000133514404
1.8289999961853027,7.234000205993652,-0.1340000033378601
3.095000028610228,8.439000129699707,0.5360000133514404
3.588000059127808,7.099999904632568,0.2010000050067901
2.602999925613404,8.23900032043457,0.06700000166893
3.588000059127808,7.703000068664551,-0.9380000233650208
2.884000062942505,9.779000282287598,-1.0720000267028809
4.994999885559082,9.3100004196167,-1.807999968528748
6.190999984741211,10.3149995803833,-1.6080000400543213
6.61299991607666,9.376999855041504,-1.807999968528748
3.3059999942779537,10.248000144958496,-1.6080000400543213
4.150000095367432,9.979999542236328,-0.3350000083446503
4.8540000915527335,11.654999732971191,0.9380000233650208
5.205999851226807,10.784000396728516,0.8040000200271606
5.486999988555908,11.38700008392334,0.6700000166893005
4.150000095367432,11.185999870300291,0.06700000166893
2.461999893188477,11.38700008392334,0.9380000233650208
2.461999893188477,9.041999816894531,0.0
3.377000093460083,8.975000381469727,-0.06700000166893
3.4470000267028813,11.588000297546388,0.2680000066757202
3.938999891281128,12.123000144958494,-0.2010000050067901
4.010000228881837,11.92199993133545,0.6029999852180481
3.7279999256134033,10.381999969482422,0.6700000166893005
4.64300012588501,7.636000156402588,-0.6700000166893005
5.557000160217285,6.831999778747559,0.2680000066757202
7.315999984741211,-1.9420000314712524,-0.2010000050067901
8.371000289916992,5.827000141143799,0.06700000166893
8.090000152587889,5.290999889373778,0.2680000066757202
8.300999641418457,4.0859999656677255,-0.06700000166893
10.270999908447266,3.617000102996826,-1.0720000267028809
9.918999671936035,6.697999954223633,-1.406999945640564
10.270999908447266,8.104999542236326,-1.9420000314712524
8.442000389099121,9.57800006866455,-1.741000056266785
8.090000152587889,8.171999931335451,0.2680000066757202
8.581999778747559,10.248000144958496,0.8040000200271606
8.159999847412111,9.779000282287598,2.2100000381469727
8.300999641418457,12.859999656677244,4.3540000915527335
9.21500015258789,14.333999633789062,4.0859999656677255
9.074999809265137,14.736000061035154,5.625999927520752
8.86400032043457,15.06999969482422,5.0229997634887695
9.21500015258789,13.19499969482422,4.689000129699707
8.934000015258789,13.395999908447266,3.549999952316284
10.0600004196167,14.803000450134276,5.223999977111816
9.56700038909912,14.133000373840332,4.2199997901916495
9.496999740600586,17.816999435424805,5.425000190734863
9.777999877929688,10.180999755859377,1.807999968528748
11.255999565124512,5.357999801635742,1.2059999704360962
11.958999633789062,-2.746000051498413,1.3400000333786009
12.380999565124512,-2.746000051498413,2.075999975204468
11.607000350952148,-8.23900032043457,0.5360000133514404
11.326000213623049,-5.827000141143799,1.807999968528748
11.888999938964846,-4.956999778747559,1.6080000400543213
12.310999870300291,-1.5410000085830688,0.9380000233650208
11.395999908447266,0.4690000116825104,-0.5360000133514404
12.029000282287598,6.09499979019165,-0.4020000100135803
11.888999938964846,8.305999755859375,-0.8709999918937683
10.973999977111816,9.711999893188477,-0.7369999885559082
10.482000350952148,6.296000003814697,-1.0049999952316284
10.199999809265137,10.180999755859377,-0.2010000050067901
9.777999877929688,9.845999717712402,-0.2010000050067901
10.130000114440918,11.052000045776367,0.7369999885559082
9.777999877929688,10.11400032043457,0.8040000200271606
9.074999809265137,9.041999816894531,0.2010000050067901
9.777999877929688,10.11400032043457,1.1390000581741333
8.934000015258789,10.248000144958496,1.3400000333786009
8.442000389099121,10.91800022125244,1.2730000019073486
8.652999877929688,9.779000282287598,0.0
8.371000289916992,11.185999870300291,0.9380000233650208
8.581999778747559,12.1899995803833,0.9380000233650208
9.145000457763672,7.301000118255615,0.1340000033378601
9.56700038909912,0.8040000200271606,0.8040000200271606
12.310999870300291,-2.611999988555908,1.807999968528748
11.888999938964846,-3.549999952316284,1.5410000085830688
12.380999565124512,-8.439000129699707,1.1390000581741333
12.592000007629396,-5.625999927520752,0.8040000200271606
14.069000244140623,-5.894000053405763,1.9420000314712524
13.647000312805176,-2.2769999504089355,0.3350000083446503
13.506999969482422,-0.8709999918937683,-0.4020000100135803
13.506999969482422,6.09499979019165,-0.6700000166893005
12.380999565124512,7.166999816894531,-1.0720000267028809
11.748000144958494,8.572999954223633,-1.0720000267028809
10.904000282287598,8.439000129699707,-1.2059999704360962
11.467000007629396,7.703000068664551,-1.9420000314712524
10.973999977111816,9.845999717712402,0.0
10.904000282287598,12.524999618530272,1.1390000581741333
11.467000007629396,11.45400047302246,1.6080000400543213
11.043999671936035,12.055999755859377,1.5410000085830688
11.326000213623049,13.32900047302246,2.009000062942505
10.762999534606934,10.649999618530272,0.9380000233650208
10.904000282287598,9.376999855041504,0.6029999852180481
10.199999809265137,9.979999542236328,0.0
9.777999877929688,11.45400047302246,1.0049999952316284
9.848999977111816,14.065999984741213,1.9420000314712524
10.621999740600586,11.253000259399414,3.013999938964844
12.239999771118164,1.9420000314712524,0.2680000066757202
11.326000213623049,-2.344000101089477,1.2730000019073486
12.310999870300291,-3.818000078201294,2.009000062942505
11.888999938964846,-7.703000068664551,1.2059999704360962
12.029000282287598,-5.960999965667725,1.741000056266785
13.29599952697754,-4.2199997901916495,1.6080000400543213
13.928999900817873,-2.344000101089477,1.2730000019073486
12.803000450134276,-0.6029999852180481,-0.1340000033378601
12.661999702453612,5.425000190734863,-0.5360000133514404
13.085000038146973,7.099999904632568,-1.0049999952316284
12.029000282287598,8.104999542236326,-1.1390000581741333
10.973999977111816,7.501999855041504,-1.3400000333786009
10.904000282287598,7.166999816894531,-1.6080000400543213
11.467000007629396,9.041999816894531,0.0
11.395999908447266,9.779000282287598,0.1340000033378601
10.904000282287598,9.51099967956543,0.6700000166893005
10.973999977111816,9.845999717712402,0.6029999852180481
10.833000183105469,9.913000106811523,0.5360000133514404
10.340999603271484,10.248000144958496,1.1390000581741333
10.340999603271484,10.11400032043457,1.1390000581741333
9.777999877929688,10.449000358581545,1.406999945640564
9.21500015258789,10.3149995803833,0.8040000200271606
8.442000389099121,12.458000183105469,0.8709999918937683
9.21500015258789,9.3100004196167,1.4739999771118164
8.722999572753906,2.2769999504089355,1.4739999771118164
9.003999710083008,-2.611999988555908,1.2730000019073486
10.130000114440918,-3.95199990272522,1.807999968528748
11.114999771118164,-7.501999855041504,1.0049999952316284
12.170000076293944,-7.166999816894531,1.4739999771118164
14.491000175476074,-5.1570000648498535,1.741000056266785
14.35099983215332,-4.956999778747559,0.6700000166893005
14.70300006866455,-0.9380000233650208,-0.1340000033378601
13.647000312805176,5.960999965667725,-0.6700000166893005
13.718000411987305,7.234000205993652,-1.0049999952316284
12.803000450134276,8.038000106811522,-1.0049999952316284
11.607000350952148,7.636000156402588,-1.0720000267028809
11.678000450134276,7.166999816894531,-2.075999975204468
10.130000114440918,8.975000381469727,-0.6029999852180481
9.496999740600586,8.439000129699707,-0.2680000066757202
9.56700038909912,11.788000106811523,0.5360000133514404
9.56700038909912,13.19499969482422,1.406999945640564
9.003999710083008,12.324000358581545,0.9380000233650208
9.074999809265137,12.927000045776367,1.406999945640564
8.581999778747559,12.79300022125244,1.1390000581741333
8.230999946594237,13.128000259399414,1.741000056266785
8.300999641418457,13.529999732971191,1.1390000581741333
8.020000457763674,12.458000183105469,1.4739999771118164
8.652999877929688,7.166999816894531,1.406999945640564
7.809000015258789,1.0049999952316284,0.3350000083446503
9.355999946594238,-3.750999927520752,1.6080000400543213
10.482000350952148,-5.0229997634887695,2.009000062942505
11.1850004196167,-8.371999740600586,1.2730000019073486
11.678000450134276,-5.425000190734863,0.6700000166893005
13.99899959564209,-2.678999900817871,1.1390000581741333
14.70300006866455,-3.013999938964844,1.2059999704360962
14.35099983215332,0.2680000066757202,0.0
14.35099983215332,6.497000217437744,-0.7369999885559082
13.154999732971191,6.764999866485598,-1.2730000019073486
12.522000312805176,7.703000068664551,-1.1390000581741333
12.029000282287598,7.301000118255615,-1.2059999704360962
12.87399959564209,6.697999954223633,-1.741000056266785
13.085000038146973,6.764999866485598,-1.406999945640564
13.154999732971191,7.703000068664551,0.0
12.732999801635742,8.439000129699707,0.0
11.888999938964846,8.104999542236326,0.0
11.467000007629396,6.764999866485598,-0.4690000116825104
12.029000282287598,7.568999767303468,0.0
12.803000450134276,8.505999565124513,0.2680000066757202
12.592000007629396,6.831999778747559,-0.7369999885559082
10.340999603271484,8.840999603271484,-1.0720000267028809
8.581999778747559,10.11400032043457,-0.5360000133514404
8.442000389099121,8.505999565124513,0.5360000133514404
8.652999877929688,4.75600004196167,0.4020000100135803
9.003999710083008,3.884999990463257,1.2059999704360962
9.21500015258789,3.95199990272522,0.8040000200271606
8.86400032043457,-9.57800006866455,1.3400000333786009
9.425999641418455,-6.89900016784668,1.9420000314712524
9.355999946594238,-5.960999965667725,1.807999968528748
8.652999877929688,-0.9380000233650208,0.6029999852180481
9.28600025177002,3.750999927520752,-0.2680000066757202
9.003999710083008,4.2199997901916495,-0.4020000100135803
8.020000457763674,6.764999866485598,-1.0720000267028809
8.934000015258789,8.104999542236326,-0.8709999918937683
8.51200008392334,7.301000118255615,-1.1390000581741333
6.61299991607666,8.23900032043457,-1.6080000400543213
7.809000015258789,8.640000343322754,0.3350000083446503
7.668000221252441,10.381999969482422,0.7369999885559082
7.175000190734862,10.515999794006348,0.5360000133514404
6.823999881744385,11.31999969482422,1.0720000267028809
6.190999984741211,11.45400047302246,1.0720000267028809
7.315999984741211,11.45400047302246,1.1390000581741333
6.541999816894531,10.3149995803833,0.9380000233650208
7.105000019073486,10.515999794006348,0.3350000083446503
6.401999950408936,11.854999542236328,1.2730000019073486
6.261000156402588,14.065999984741213,1.6740000247955322
9.355999946594238,5.0229997634887695,0.2680000066757202
7.948999881744385,-0.06700000166893,1.5410000085830688
9.708000183105469,-5.692999839782715,1.741000056266785
9.425999641418455,-6.429999828338622,1.4739999771118164
9.918999671936035,-10.649999618530272,1.5410000085830688
9.28600025177002,-9.243000030517578,1.6080000400543213
13.366000175476074,-6.831999778747559,2.344000101089477
11.817999839782717,-4.019000053405762,1.5410000085830688
11.395999908447266,-1.6080000400543213,0.0
11.817999839782717,4.689000129699707,-0.6700000166893005
11.958999633789062,6.966000080108643,-1.1390000581741333
10.692999839782717,7.769999980926514,-1.2730000019073486
9.21500015258789,7.501999855041504,-1.2730000019073486
9.074999809265137,8.371999740600586,-1.2730000019073486
9.355999946594238,10.984999656677246,0.8040000200271606
9.28600025177002,13.128000259399414,0.9380000233650208
9.003999710083008,14.736000061035154,2.075999975204468
8.722999572753906,16.275999069213867,2.1429998874664307
7.0349998474121085,15.270999908447266,2.2100000381469727
7.597000122070312,13.463000297546388,1.9420000314712524
8.159999847412111,15.20400047302246,2.5450000762939453
7.73799991607666,14.468000411987305,2.812999963760376
7.386000156402588,15.538999557495115,1.5410000085830688
7.948999881744385,15.20400047302246,2.009000062942505
8.090000152587889,8.975000381469727,1.875
6.964000225067139,0.1340000033378601,0.6029999852180481
8.652999877929688,-2.1429998874664307,1.406999945640564
9.21500015258789,-5.559000015258789,2.075999975204468
10.762999534606934,-9.51099967956543,1.6080000400543213
11.817999839782717,-1.3400000333786009,0.5360000133514404
12.170000076293944,-3.818000078201294,0.1340000033378601
11.888999938964846,-3.3489999771118164,0.5360000133514404
12.732999801635742,-0.6029999852180481,-0.06700000166893
13.718000411987305,7.703000068664551,-0.3350000083446503
13.99899959564209,6.764999866485598,-1.406999945640564
12.239999771118164,7.903999805450439,-1.2059999704360962
13.225000381469728,7.368000030517577,-1.2059999704360962
12.380999565124512,8.439000129699707,-1.6080000400543213
11.748000144958494,8.038000106811522,-0.8709999918937683
11.467000007629396,10.717000007629396,0.6700000166893005
11.888999938964846,10.583000183105469,1.0720000267028809
11.326000213623049,12.256999969482422,1.2059999704360962
11.326000213623049,11.38700008392334,0.5360000133514404
11.395999908447266,11.185999870300291,1.2059999704360962
11.536999702453612,9.779000282287598,0.5360000133514404
11.395999908447266,11.788000106811523,1.2059999704360962
11.1850004196167,11.38700008392334,0.8040000200271606
10.904000282287598,14.333999633789062,2.2100000381469727
10.552000045776367,7.636000156402588,1.0720000267028809
10.833000183105469,0.5360000133514404,0.8709999918937683
12.380999565124512,2.075999975204468,0.0
12.380999565124512,3.41599988937378,0.0
13.013999938964846,-1.741000056266785,-0.4020000100135803
12.380999565124512,2.5450000762939453,0.0
13.435999870300291,5.0229997634887695,0.1340000033378601
13.085000038146973,5.692999839782715,0.2680000066757202
13.857999801635742,6.296000003814697,-0.06700000166893
13.788000106811523,8.439000129699707,-0.6029999852180481
9.98900032043457,7.903999805450439,-1.6080000400543213
9.708000183105469,7.903999805450439,-1.2730000019073486
8.86400032043457,6.966000080108643,-1.3400000333786009
8.722999572753906,6.564000129699707,-2.611999988555908
8.51200008392334,7.501999855041504,-0.6700000166893005
8.442000389099121,10.515999794006348,0.4690000116825104
9.003999710083008,13.395999908447266,1.741000056266785
8.722999572753906,14.803000450134276,2.075999975204468
6.61299991607666,15.270999908447266,2.2769999504089355
9.355999946594238,16.343000411987305,2.880000114440918
9.777999877929688,12.72599983215332,2.075999975204468
10.552000045776367,16.208999633789062,3.013999938964844
10.692999839782717,14.803000450134276,1.9420000314712524
9.98900032043457,16.007999420166016,2.2769999504089355
10.833000183105469,12.1899995803833,1.0720000267028809
11.888999938964846,2.746000051498413,0.6700000166893005
13.154999732971191,7.099999904632568,0.6700000166893005
14.70300006866455,2.678999900817871,0.8040000200271606
14.491000175476074,-3.884999990463257,-0.2010000050067901
12.380999565124512,0.5360000133514404,0.6700000166893005
12.592000007629396,2.1429998874664307,0.0
13.013999938964846,4.622000217437744,-0.1340000033378601
11.678000450134276,5.692999839782715,-1.0049999952316284
12.87399959564209,8.305999755859375,-0.5360000133514404
12.803000450134276,7.0329999923706055,-0.5360000133514404
12.451000213623049,7.703000068664551,-1.0720000267028809
12.170000076293944,6.697999954223633,-1.1390000581741333
11.395999908447266,6.429999828338622,-2.075999975204468
12.661999702453612,8.706999778747559,-0.06700000166893
12.100000381469728,8.975000381469727,0.0
7.668000221252441,13.26200008392334,2.477999925613404
5.76800012588501,14.53499984741211,1.741000056266785
4.923999786376953,11.92199993133545,1.2730000019073486
5.416999816894531,14.065999984741213,2.746000051498413
6.401999950408936,13.19499969482422,1.1390000581741333
7.386000156402588,15.807000160217283,2.4110000133514404
7.105000019073486,12.524999618530272,1.0049999952316284
8.581999778747559,13.99899959564209,0.6700000166893005
6.894000053405763,8.640000343322754,1.6080000400543213
6.4720001220703125,1.1390000581741333,0.6700000166893005
8.090000152587889,-2.075999975204468,0.8040000200271606
8.371000289916992,-5.357999801635742,2.1429998874664307
8.652999877929688,-8.706999778747559,1.3400000333786009
9.003999710083008,-7.568999767303468,2.075999975204468
10.270999908447266,-6.429999828338622,1.807999968528748
10.199999809265137,-5.1570000648498535,1.0049999952316284
11.678000450134276,3.6840000152587886,0.0
12.239999771118164,6.89900016784668,-0.3350000083446503
11.395999908447266,7.301000118255615,-1.0720000267028809
11.1850004196167,7.836999893188477,-0.8709999918937683
10.904000282287598,7.301000118255615,-1.0049999952316284
10.199999809265137,8.038000106811522,-0.9380000233650208
10.340999603271484,8.77400016784668,-0.2680000066757202
9.496999740600586,9.979999542236328,0.6700000166893005
10.199999809265137,10.649999618530272,1.1390000581741333
9.918999671936035,11.654999732971191,1.2059999704360962
9.848999977111816,10.717000007629396,0.8040000200271606
9.28600025177002,10.984999656677246,1.3400000333786009
9.777999877929688,10.449000358581545,1.0049999952316284
9.21500015258789,11.38700008392334,0.7369999885559082
8.722999572753906,10.717000007629396,0.3350000083446503
8.652999877929688,11.854999542236328,0.5360000133514404
10.270999908447266,11.253000259399414,1.1390000581741333
8.581999778747559,8.640000343322754,0.0
11.326000213623049,8.104999542236326,0.0
12.451000213623049,-3.617000102996826,1.2059999704360962
12.380999565124512,-9.376999855041504,1.807999968528748
13.506999969482422,-6.63100004196167,2.2769999504089355
15.47599983215332,-6.027999877929688,1.4739999771118164
13.29599952697754,-3.6840000152587886,1.2730000019073486
12.522000312805176,-0.06700000166893,-0.4020000100135803
13.085000038146973,5.223999977111816,-0.9380000233650208
13.225000381469728,6.764999866485598,-1.2730000019073486
11.888999938964846,7.501999855041504,-1.406999945640564
11.817999839782717,7.0329999923706055,-1.4739999771118164
9.21500015258789,5.827000141143799,-1.406999945640564
7.245999813079834,6.697999954223633,-0.4690000116825104
8.442000389099121,8.371999740600586,1.1390000581741333
8.442000389099121,11.588000297546388,0.9380000233650208
10.199999809265137,10.3149995803833,0.8040000200271606
9.425999641418455,9.645000457763672,0.6029999852180481
10.270999908447266,9.51099967956543,0.6700000166893005
9.777999877929688,9.845999717712402,0.9380000233650208
8.86400032043457,9.57800006866455,0.6700000166893005
9.637999534606934,10.180999755859377,0.1340000033378601
9.708000183105469,10.984999656677246,0.4690000116825104
10.130000114440918,5.090000152587892,1.1390000581741333
9.777999877929688,-0.4690000116825104,0.8040000200271606
12.732999801635742,-4.2199997901916495,2.009000062942505
12.239999771118164,-5.960999965667725,1.2059999704360962
10.482000350952148,-9.711999893188477,1.406999945640564
10.552000045776367,-8.104999542236326,1.3400000333786009
12.239999771118164,-6.697999954223633,1.3400000333786009
11.467000007629396,-3.1480000019073486,0.7369999885559082
10.904000282287598,-1.1390000581741333,0.0
12.239999771118164,5.0229997634887695,-0.1340000033378601
12.803000450134276,6.429999828338622,-1.3400000333786009
12.029000282287598,7.636000156402588,-1.1390000581741333
12.029000282287598,6.966000080108643,-1.3400000333786009
11.958999633789062,6.429999828338622,-1.1390000581741333
11.817999839782717,6.36299991607666,-1.5410000085830688
10.833000183105469,8.23900032043457,-0.06700000166893
9.56700038909912,10.784000396728516,0.7369999885559082
9.074999809265137,10.180999755859377,0.2010000050067901
11.395999908447266,8.706999778747559,0.5360000133514404
9.918999671936035,8.77400016784668,0.7369999885559082
10.270999908447266,10.381999969482422,1.6740000247955322
9.637999534606934,9.376999855041504,0.7369999885559082
10.199999809265137,10.3149995803833,0.0
10.482000350952148,10.248000144958496,0.6029999852180481
11.888999938964846,4.889999866485597,1.0720000267028809
12.239999771118164,0.3350000083446503,1.2730000019073486
14.35099983215332,-3.0810000896453857,1.5410000085830688
13.788000106811523,-4.822999954223633,1.9420000314712524
13.928999900817873,-8.907999992370605,0.8709999918937683
14.491000175476074,-6.63100004196167,1.3400000333786009
14.279999732971191,-2.812999963760376,1.0720000267028809
14.140000343322756,-2.344000101089477,0.9380000233650208
15.758000373840332,0.4020000100135803,0.0
15.053999900817873,5.625999927520752,-0.4690000116825104
14.913999557495115,6.296000003814697,-1.2059999704360962
14.843000411987305,7.434999942779541,-1.1390000581741333
13.647000312805176,7.234000205993652,-1.0049999952316284
14.279999732971191,6.36299991607666,-2.344000101089477
14.140000343322756,6.89900016784668,-1.5410000085830688
12.310999870300291,10.515999794006348,0.3350000083446503
12.170000076293944,12.659000396728516,2.075999975204468
12.170000076293944,13.060999870300291,2.2100000381469727
12.522000312805176,13.730999946594238,1.875
12.522000312805176,12.79300022125244,1.741000056266785
12.029000282287598,12.1899995803833,1.6740000247955322
11.888999938964846,15.472000122070312,3.2149999141693115
10.973999977111816,15.20400047302246,1.9420000314712524
10.973999977111816,16.878999710083008,2.4110000133514404
11.1850004196167,10.717000007629396,2.477999925613404
12.592000007629396,7.636000156402588,1.5410000085830688
13.57699966430664,7.636000156402588,0.8709999918937683
13.857999801635742,8.439000129699707,0.2680000066757202
15.19499969482422,3.41599988937378,-0.3350000083446503
16.108999252319336,3.6840000152587886,-0.2680000066757202
15.687000274658203,4.0859999656677255,0.4690000116825104
16.320999145507812,2.075999975204468,0.06700000166893
17.093999862670902,2.812999963760376,-0.1340000033378601
15.336000442504885,5.827000141143799,-0.2680000066757202
14.984000205993652,6.564000129699707,-1.0049999952316284
14.631999969482422,7.301000118255615,-1.0720000267028809
13.718000411987305,6.764999866485598,-1.2730000019073486
13.085000038146973,8.371999740600586,-1.807999968528748
11.958999633789062,8.706999778747559,0.1340000033378601
10.833000183105469,10.381999969482422,0.9380000233650208
10.130000114440918,10.984999656677246,0.8040000200271606
10.621999740600586,11.588000297546388,1.5410000085830688
9.98900032043457,11.253000259399414,2.009000062942505
10.130000114440918,11.588000297546388,1.2730000019073486
9.28600025177002,10.717000007629396,1.0049999952316284
8.722999572753906,9.779000282287598,0.4690000116825104
8.51200008392334,11.98900032043457,1.406999945640564
8.442000389099121,11.92199993133545,1.6080000400543213
8.581999778747559,6.697999954223633,1.2730000019073486
9.074999809265137,-0.8709999918937683,1.2059999704360962
10.904000282287598,-4.019000053405762,0.8040000200271606
11.678000450134276,-5.290999889373778,1.406999945640564
12.239999771118164,-5.290999889373778,0.7369999885559082
13.647000312805176,-7.368000030517577,1.4739999771118164
15.616999626159668,-3.3489999771118164,1.3400000333786009
13.99899959564209,-3.4830000400543213,1.1390000581741333
13.99899959564209,-0.3350000083446503,0.0
13.435999870300291,6.564000129699707,-0.2010000050067901
13.506999969482422,6.831999778747559,-1.0720000267028809
12.310999870300291,7.636000156402588,-1.1390000581741333
10.904000282287598,6.564000129699707,-1.0720000267028809
10.482000350952148,8.505999565124513,-0.4690000116825104
10.199999809265137,9.779000282287598,0.3350000083446503
9.848999977111816,11.185999870300291,-0.3350000083446503
9.848999977111816,13.19499969482422,1.9420000314712524
10.482000350952148,12.123000144958494,2.009000062942505
11.114999771118164,9.711999893188477,-0.06700000166893
10.130000114440918,10.717000007629396,0.4690000116825104
10.130000114440918,11.185999870300291,0.6700000166893005
10.973999977111816,9.979999542236328,0.1340000033378601
10.762999534606934,9.845999717712402,1.0720000267028809
11.326000213623049,13.663999557495115,1.5410000085830688
10.340999603271484,10.91800022125244,2.477999925613404
10.552000045776367,6.966000080108643,1.2730000019073486
10.621999740600586,6.764999866485598,0.9380000233650208
11.255999565124512,8.371999740600586,0.6700000166893005
12.239999771118164,4.75600004196167,-0.4020000100135803
12.451000213623049,6.764999866485598,0.0
10.270999908447266,6.2290000915527335,0.2010000050067901
11.536999702453612,5.425000190734863,-0.06700000166893
7.386000156402588,6.697999954223633,-0.2680000066757202
6.752999782562256,7.434999942779541,-0.4690000116825104
7.386000156402588,7.301000118255615,-1.1390000581741333
6.330999851226808,7.166999816894531,-1.2730000019073486
5.76800012588501,6.296000003814697,-1.2730000019073486
7.879000186920166,6.2290000915527335,-2.075999975204468
7.597000122070312,7.97100019454956,-0.2010000050067901
6.61299991607666,11.520999908447266,1.0049999952316284
7.315999984741211,12.72599983215332,2.1429998874664307
5.627999782562256,13.932000160217283,3.013999938964844
4.572999954223633,13.32900047302246,2.2769999504089355
7.105000019073486,14.199999809265137,1.741000056266785
6.964000225067139,14.199999809265137,1.875
4.150000095367432,14.333999633789062,2.344000101089477
2.039999961853028,12.256999969482422,1.1390000581741333
2.6730000972747803,11.788000106811523,0.9380000233650208
2.250999927520752,11.854999542236328,1.2730000019073486
2.602999925613404,7.636000156402588,-0.2010000050067901
1.687999963760376,9.175999641418455,0.7369999885559082
1.406999945640564,8.371999740600586,0.4690000116825104
0.7739999890327454,6.296000003814697,-0.4020000100135803
1.337000012397766,5.894000053405763,-0.4020000100135803
3.86899995803833,6.027999877929688,0.0
3.4470000267028813,7.234000205993652,-0.3350000083446503
0.9850000143051147,6.296000003814697,-0.8709999918937683
3.236000061035156,8.305999755859375,-1.0049999952316284
2.813999891281128,7.836999893188477,-1.406999945640564
5.3460001945495605,7.903999805450439,-0.9380000233650208
5.557000160217285,7.0329999923706055,-0.9380000233650208
5.557000160217285,6.697999954223633,-1.9420000314712524
6.050000190734862,7.769999980926514,-0.6029999852180481
5.9790000915527335,10.515999794006348,0.4020000100135803
6.823999881744385,11.92199993133545,1.0720000267028809
6.964000225067139,12.72599983215332,1.406999945640564
6.050000190734862,11.45400047302246,1.406999945640564
5.627999782562256,10.180999755859377,1.1390000581741333
6.683000087738037,11.38700008392334,1.1390000581741333
6.261000156402588,10.11400032043457,0.4690000116825104
7.175000190734862,9.376999855041504,-0.2010000050067901
7.315999984741211,10.515999794006348,0.8040000200271606
7.809000015258789,4.956999778747559,1.6080000400543213
7.526999950408935,-2.611999988555908,1.4739999771118164
9.918999671936035,-6.162000179290772,1.2730000019073486
8.230999946594237,-7.568999767303468,1.2059999704360962
8.934000015258789,-12.1899995803833,1.2059999704360962
10.41100025177002,-10.04699993133545,1.406999945640564
10.973999977111816,-8.840999603271484,1.875
10.130000114440918,-6.564000129699707,1.1390000581741333
9.21500015258789,-3.013999938964844,0.0
9.425999641418455,3.549999952316284,-0.4690000116825104
10.270999908447266,7.234000205993652,-0.8709999918937683
10.552000045776367,7.836999893188477,-1.0720000267028809
10.340999603271484,7.903999805450439,-0.9380000233650208
10.130000114440918,8.505999565124513,-0.7369999885559082
8.652999877929688,9.51099967956543,0.06700000166893
9.145000457763672,10.04699993133545,0.7369999885559082
8.090000152587889,15.338000297546388,2.812999963760376
7.386000156402588,14.736000061035154,2.678999900817871
7.597000122070312,15.605999946594238,2.009000062942505
6.683000087738037,12.927000045776367,1.4739999771118164
7.456999778747559,12.927000045776367,1.3400000333786009
7.0349998474121085,13.395999908447266,2.009000062942505
7.597000122070312,10.515999794006348,0.6700000166893005
7.245999813079834,13.463000297546388,2.009000062942505
6.683000087738037,7.836999893188477,2.009000062942505
7.105000019073486,4.287000179290772,1.1390000581741333
7.879000186920166,-4.689000129699707,2.746000051498413
7.456999778747559,-7.836999893188477,2.746000051498413
7.668000221252441,-4.75600004196167,0.8040000200271606
7.948999881744385,-2.344000101089477,1.3400000333786009
8.51200008392334,-3.818000078201294,1.9420000314712524
8.300999641418457,3.95199990272522,0.0
7.948999881744385,6.2290000915527335,-0.2680000066757202
8.020000457763674,8.572999954223633,-0.4690000116825104
7.73799991607666,7.166999816894531,-1.3400000333786009
8.020000457763674,7.769999980926514,-1.1390000581741333
8.722999572753906,7.166999816894531,-1.2059999704360962
10.270999908447266,7.836999893188477,-1.2059999704360962
9.848999977111816,7.703000068664551,-0.5360000133514404
9.496999740600586,9.57800006866455,0.3350000083446503
9.28600025177002,11.31999969482422,0.8040000200271606
9.28600025177002,11.588000297546388,1.2059999704360962
8.86400032043457,10.515999794006348,1.3400000333786009
8.934000015258789,9.175999641418455,0.6700000166893005
8.442000389099121,11.185999870300291,2.009000062942505
9.003999710083008,9.979999542236328,0.6029999852180481
9.21500015258789,11.854999542236328,0.0
9.21500015258789,11.185999870300291,1.0720000267028809
8.86400032043457,8.975000381469727,1.1390000581741333
8.371000289916992,4.75600004196167,0.4020000100135803
8.51200008392334,-0.7369999885559082,1.406999945640564
8.86400032043457,3.4830000400543213,0.8709999918937683
9.21500015258789,-10.784000396728516,1.3400000333786009
10.0600004196167,-6.027999877929688,1.2059999704360962
10.482000350952148,-7.568999767303468,1.4739999771118164
9.98900032043457,-4.554999828338623,1.6740000247955322
9.708000183105469,0.0,0.4690000116825104
9.074999809265137,6.36299991607666,-0.06700000166893
9.637999534606934,6.831999778747559,-1.0720000267028809
10.0600004196167,8.038000106811522,-0.9380000233650208
10.482000350952148,7.301000118255615,-1.1390000581741333
10.270999908447266,7.099999904632568,-1.1390000581741333
10.130000114440918,6.831999778747559,-0.4690000116825104
10.130000114440918,9.175999641418455,0.7369999885559082
9.918999671936035,12.72599983215332,1.4739999771118164
9.777999877929688,12.72599983215332,1.4739999771118164
9.145000457763672,11.788000106811523,0.9380000233650208
8.230999946594237,9.645000457763672,0.2010000050067901
8.652999877929688,8.907999992370605,0.3350000083446503
8.020000457763674,10.583000183105469,1.0049999952316284
6.823999881744385,10.515999794006348,0.6700000166893005
7.105000019073486,12.055999755859377,2.075999975204468
7.105000019073486,8.907999992370605,1.807999968528748
7.175000190734862,4.019000053405762,0.7369999885559082
7.456999778747559,1.1390000581741333,0.9380000233650208
7.456999778747559,1.0049999952316284,1.0720000267028809
7.73799991607666,-2.1429998874664307,0.0
8.300999641418457,-0.6029999852180481,1.0049999952316284
8.300999641418457,2.477999925613404,0.6029999852180481
8.722999572753906,3.549999952316284,1.0720000267028809
9.496999740600586,3.95199990272522,0.0
9.56700038909912,7.568999767303468,-0.5360000133514404
10.0600004196167,7.501999855041504,-0.8040000200271606
11.326000213623049,7.568999767303468,-1.2059999704360962
11.114999771118164,7.166999816894531,-1.3400000333786009
10.904000282287598,8.23900032043457,-1.5410000085830688
9.496999740600586,8.975000381469727,0.06700000166893
9.777999877929688,11.119000434875488,1.2730000019073486
9.708000183105469,11.788000106811523,1.5410000085830688
9.848999977111816,12.927000045776367,1.9420000314712524
9.98900032043457,12.123000144958494,1.6080000400543213
9.425999641418455,10.984999656677246,1.807999968528748
9.98900032043457,11.45400047302246,1.807999968528748
9.56700038909912,11.788000106811523,1.4739999771118164
9.708000183105469,15.06999969482422,1.6740000247955322
10.762999534606934,13.663999557495115,1.406999945640564
10.0600004196167,11.253000259399414,2.2769999504089355
9.777999877929688,4.956999778747559,0.3350000083446503
9.21500015258789,6.564000129699707,0.2680000066757202
9.848999977111816,5.760000228881836,0.6700000166893005
10.270999908447266,2.009000062942505,-0.1340000033378601
9.496999740600586,3.6840000152587886,0.3350000083446503
9.003999710083008,6.564000129699707,0.7369999885559082
9.21500015258789,5.1570000648498535,0.6029999852180481
8.934000015258789,5.692999839782715,0.0
8.722999572753906,7.703000068664551,-0.2680000066757202
9.003999710083008,7.301000118255615,-1.1390000581741333
9.496999740600586,7.703000068664551,-1.0720000267028809
9.777999877929688,7.166999816894531,-1.2730000019073486
9.425999641418455,8.305999755859375,-1.4739999771118164
8.159999847412111,8.171999931335451,-0.4020000100135803
8.371000289916992,10.784000396728516,1.3400000333786009
8.51200008392334,14.937000274658203,2.5450000762939453
8.020000457763674,14.668999671936035,1.741000056266785
7.73799991607666,13.932000160217283,2.2100000381469727
7.668000221252441,11.654999732971191,1.6740000247955322
7.456999778747559,10.449000358581545,1.5410000085830688
7.245999813079834,9.57800006866455,0.3350000083446503
6.752999782562256,9.109000205993652,-0.2680000066757202
5.76800012588501,11.119000434875488,-0.1340000033378601
6.330999851226808,10.515999794006348,0.5360000133514404
3.588000059127808,7.636000156402588,-0.6029999852180481
5.486999988555908,7.301000118255615,-0.2680000066757202
4.923999786376953,8.305999755859375,0.0
5.908999919891357,6.09499979019165,-0.7369999885559082
5.839000225067139,5.425000190734863,0.0
5.908999919891357,5.827000141143799,0.2680000066757202
5.627999782562256,6.63100004196167,0.1340000033378601
5.697999954223633,6.36299991607666,-0.5360000133514404
5.839000225067139,8.640000343322754,-0.5360000133514404
5.697999954223633,7.836999893188477,-0.9380000233650208
2.884000062942505,7.501999855041504,-1.3400000333786009
2.250999927520752,6.831999778747559,-1.3400000333786009
5.065000057220459,5.960999965667725,-2.009000062942505
5.76800012588501,6.09499979019165,-1.6080000400543213
5.908999919891357,8.171999931335451,-0.3350000083446503
5.76800012588501,11.052000045776367,1.4739999771118164
5.557000160217285,11.119000434875488,1.3400000333786009
3.86899995803833,9.376999855041504,0.5360000133514404
5.839000225067139,10.984999656677246,1.9420000314712524
7.245999813079834,10.984999656677246,1.4739999771118164
6.823999881744385,8.371999740600586,0.4020000100135803
6.752999782562256,8.305999755859375,-0.7369999885559082
7.456999778747559,12.1899995803833,1.2730000019073486
7.668000221252441,8.439000129699707,1.406999945640564
8.934000015258789,8.572999954223633,0.3350000083446503
7.879000186920166,8.305999755859375,0.6029999852180481
6.330999851226808,4.0859999656677255,0.06700000166893
7.315999984741211,-0.06700000166893,-0.9380000233650208
8.090000152587889,4.956999778747559,-0.2680000066757202
6.752999782562256,3.013999938964844,-0.06700000166893
6.683000087738037,5.090000152587892,-0.8709999918937683
8.090000152587889,6.63100004196167,-0.6029999852180481
7.668000221252441,8.640000343322754,-0.6700000166893005
7.668000221252441,8.038000106811522,-1.0049999952316284
7.73799991607666,8.23900032043457,-1.0049999952316284
8.51200008392334,7.234000205993652,-1.0720000267028809
7.879000186920166,8.572999954223633,-1.406999945640564
7.456999778747559,9.041999816894531,0.1340000033378601
8.371000289916992,7.97100019454956,-0.4690000116825104
7.809000015258789,11.588000297546388,0.6029999852180481
8.442000389099121,11.588000297546388,0.7369999885559082
6.752999782562256,9.3100004196167,0.0
6.964000225067139,7.769999980926514,0.0
7.597000122070312,8.505999565124513,-0.4690000116825104
7.597000122070312,9.57800006866455,0.3350000083446503
7.0349998474121085,10.717000007629396,-0.3350000083446503
6.964000225067139,11.520999908447266,0.8040000200271606
6.4720001220703125,6.89900016784668,1.0720000267028809
7.73799991607666,4.75600004196167,-1.807999968528748
7.879000186920166,2.009000062942505,-0.6700000166893005
7.809000015258789,0.7369999885559082,-0.4020000100135803
8.020000457763674,-5.894000053405763,-1.2730000019073486
9.21500015258789,-11.253000259399414,1.2730000019073486
10.270999908447266,-6.697999954223633,0.2680000066757202
10.482000350952148,-6.2290000915527335,-0.6029999852180481
10.130000114440918,-1.3400000333786009,-1.1390000581741333
9.708000183105469,5.692999839782715,-2.2100000381469727
10.552000045776367,6.764999866485598,-1.5410000085830688
10.621999740600586,8.171999931335451,-1.2059999704360962
11.326000213623049,7.434999942779541,-1.406999945640564
9.355999946594238,7.234000205993652,-2.075999975204468
8.86400032043457,9.57800006866455,0.3350000083446503
8.722999572753906,9.979999542236328,0.5360000133514404
8.159999847412111,9.645000457763672,0.2680000066757202
8.300999641418457,11.588000297546388,1.4739999771118164
6.4720001220703125,11.654999732971191,0.9380000233650208
6.190999984741211,8.706999778747559,0.0
4.8540000915527335,10.04699993133545,0.5360000133514404
3.7279999256134033,11.788000106811523,0.7369999885559082
3.938999891281128,10.984999656677246,0.3350000083446503
4.7839999198913565,12.859999656677244,0.7369999885559082
4.8540000915527335,9.845999717712402,0.9380000233650208
5.276000022888184,7.501999855041504,-0.06700000166893
4.432000160217285,6.966000080108643,0.1340000033378601
3.588000059127808,7.368000030517577,0.3350000083446503
3.86899995803833,5.894000053405763,-0.7369999885559082
2.813999891281128,5.559000015258789,0.0
3.7279999256134033,6.497000217437744,-0.1340000033378601
1.687999963760376,6.89900016784668,0.2680000066757202
1.5479999780654907,7.703000068664551,-0.2010000050067901
1.758999943733215,9.109000205993652,-0.3350000083446503
4.501999855041504,8.171999931335451,-2.075999975204468
4.8540000915527335,8.104999542236326,-2.4110000133514404
5.3460001945495605,7.434999942779541,-2.2100000381469727
6.119999885559082,7.099999904632568,-3.41599988937378
6.683000087738037,8.77400016784668,-1.2059999704360962
8.020000457763674,10.91800022125244,0.1340000033378601
8.86400032043457,15.270999908447266,1.2059999704360962
9.21500015258789,16.075000762939453,2.009000062942505
8.652999877929688,14.468000411987305,1.4739999771118164
9.848999977111816,14.937000274658203,1.6080000400543213
10.0600004196167,14.668999671936035,1.4739999771118164
7.526999950408935,9.979999542236328,0.2680000066757202
9.21500015258789,11.253000259399414,0.0
8.86400032043457,13.19499969482422,1.6080000400543213
8.159999847412111,9.845999717712402,0.6029999852180481
8.652999877929688,3.41599988937378,0.6029999852180481
7.597000122070312,-0.2010000050067901,0.3350000083446503
8.371000289916992,2.9470000267028813,-0.7369999885559082
7.386000156402588,-2.611999988555908,-0.7369999885559082
8.020000457763674,0.0,-0.6029999852180481
7.948999881744385,1.406999945640564,-0.6029999852180481
8.090000152587889,2.9470000267028813,-0.7369999885559082
7.315999984741211,3.549999952316284,-0.6029999852180481
6.4720001220703125,8.371999740600586,0.0
7.105000019073486,7.836999893188477,-0.2010000050067901
7.0349998474121085,8.505999565124513,-0.1340000033378601
6.050000190734862,7.97100019454956,-0.1340000033378601
7.526999950408935,9.243000030517578,-0.4020000100135803
5.205999851226807,8.572999954223633,0.6029999852180481
4.290999889373778,9.175999641418455,1.0049999952316284
5.205999851226807,13.597000122070312,2.4110000133514404
3.799000024795532,12.324000358581545,1.807999968528748
4.572999954223633,12.859999656677244,2.812999963760376
5.416999816894531,12.72599983215332,2.477999925613404
5.839000225067139,13.730999946594238,2.2100000381469727
5.9790000915527335,14.133000373840332,2.746000051498413
6.4720001220703125,12.256999969482422,1.3400000333786009
6.683000087738037,13.060999870300291,1.6740000247955322
6.541999816894531,11.253000259399414,1.6740000247955322
5.697999954223633,6.697999954223633,0.0
5.3460001945495605,8.104999542236326,0.0
6.61299991607666,8.104999542236326,0.06700000166893
7.456999778747559,5.692999839782715,0.0
7.175000190734862,7.434999942779541,0.2010000050067901
6.119999885559082,6.09499979019165,0.8709999918937683
5.908999919891357,5.760000228881836,0.6029999852180481
4.501999855041504,6.429999828338622,0.3350000083446503
5.627999782562256,7.97100019454956,0.0
7.879000186920166,7.636000156402588,-0.3350000083446503
9.496999740600586,8.371999740600586,-0.2010000050067901
9.074999809265137,7.099999904632568,-0.4690000116825104
8.86400032043457,6.36299991607666,-1.1390000581741333
8.722999572753906,6.764999866485598,0.06700000166893
9.355999946594238,8.439000129699707,0.2680000066757202
9.777999877929688,9.376999855041504,1.6740000247955322
9.56700038909912,11.052000045776367,1.875
9.918999671936035,10.11400032043457,1.4739999771118164
9.98900032043457,9.845999717712402,1.6740000247955322
10.0600004196167,10.3149995803833,2.075999975204468
10.130000114440918,8.706999778747559,1.5410000085830688
9.777999877929688,10.85099983215332,1.3400000333786009
9.777999877929688,9.57800006866455,0.8040000200271606
8.86400032043457,5.1570000648498535,1.2059999704360962
7.315999984741211,2.880000114440918,0.6700000166893005
7.456999778747559,-2.746000051498413,2.075999975204468
8.159999847412111,-4.622000217437744,2.2100000381469727
8.86400032043457,-1.9420000314712524,0.0
9.777999877929688,-9.845999717712402,1.9420000314712524
9.98900032043457,-4.48799991607666,1.741000056266785
10.270999908447266,-6.296000003814697,1.1390000581741333
9.21500015258789,4.2199997901916495,-0.06700000166893
9.21500015258789,5.357999801635742,-0.4690000116825104
10.692999839782717,7.568999767303468,-0.6029999852180481
10.692999839782717,8.171999931335451,-0.8040000200271606
10.762999534606934,8.305999755859375,-0.5360000133514404
11.043999671936035,9.376999855041504,0.0
10.270999908447266,9.109000205993652,-0.4020000100135803
10.130000114440918,9.109000205993652,0.4020000100135803
10.199999809265137,12.390999794006348,1.406999945640564
9.848999977111816,14.065999984741213,2.880000114440918
10.199999809265137,13.529999732971191,1.875
10.0600004196167,13.463000297546388,1.6080000400543213
10.199999809265137,12.458000183105469,1.4739999771118164
9.637999534606934,11.588000297546388,0.6700000166893005
9.777999877929688,14.53499984741211,1.9420000314712524
11.043999671936035,12.390999794006348,1.9420000314712524
9.918999671936035,2.4110000133514404,2.1429998874664307
9.355999946594238,-6.564000129699707,1.875
9.918999671936035,-10.248000144958496,2.611999988555908
9.918999671936035,-13.060999870300291,3.4830000400543213
10.130000114440918,-16.67799949645996,3.0810000896453857
9.918999671936035,-15.20400047302246,4.3540000915527335
10.621999740600586,-13.463000297546388,3.750999927520752
11.326000213623049,-10.04699993133545,1.9420000314712524
10.973999977111816,-4.889999866485597,1.406999945640564
10.833000183105469,2.477999925613404,0.0
10.833000183105469,6.429999828338622,-1.0049999952316284
11.678000450134276,7.636000156402588,-1.0049999952316284
11.888999938964846,7.434999942779541,-1.0049999952316284
11.467000007629396,7.769999980926514,-0.8040000200271606
11.678000450134276,8.305999755859375,-0.06700000166893
11.467000007629396,9.109000205993652,0.5360000133514404
10.833000183105469,11.720999717712402,1.6740000247955322
11.114999771118164,10.180999755859377,0.8040000200271606
10.552000045776367,9.57800006866455,0.6029999852180481
11.536999702453612,11.31999969482422,1.6740000247955322
11.255999565124512,11.45400047302246,1.9420000314712524
10.904000282287598,10.784000396728516,1.2059999704360962
10.621999740600586,12.927000045776367,1.406999945640564
11.1850004196167,9.979999542236328,1.5410000085830688
12.592000007629396,2.344000101089477,1.5410000085830688
13.647000312805176,-2.5450000762939453,3.0810000896453857
14.984000205993652,-8.840999603271484,3.282000064849853
14.35099983215332,-11.185999870300291,3.884999990463257
13.154999732971191,-16.878999710083008,2.9470000267028813
13.154999732971191,-15.13700008392334,3.884999990463257
15.053999900817873,-12.72599983215332,2.812999963760376
15.053999900817873,-10.04699993133545,1.9420000314712524
17.235000610351562,-5.090000152587892,1.0049999952316284
17.305000305175778,2.344000101089477,0.0
17.516000747680664,6.296000003814697,-1.0049999952316284
15.82800006866455,7.703000068664551,-1.0720000267028809
13.99899959564209,7.836999893188477,-0.8709999918937683
14.210000038146973,8.439000129699707,-1.0720000267028809
13.788000106811523,8.23900032043457,0.0
13.857999801635742,11.854999542236328,1.807999968528748
13.788000106811523,13.79800033569336,2.1429998874664307
13.085000038146973,13.730999946594238,2.477999925613404
13.788000106811523,12.859999656677244,1.9420000314712524
13.085000038146973,11.92199993133545,1.406999945640564
12.170000076293944,13.864999771118164,3.6840000152587886
13.29599952697754,12.524999618530272,1.0720000267028809
13.435999870300291,14.53499984741211,1.875
13.928999900817873,13.26200008392334,2.1429998874664307
13.928999900817873,8.505999565124513,1.807999968528748
15.616999626159668,0.7369999885559082,1.6080000400543213
16.461000442504886,-0.8709999918937683,1.741000056266785
15.82800006866455,-7.099999904632568,1.6740000247955322
14.491000175476074,2.5450000762939453,-1.0720000267028809
14.843000411987305,4.421000003814697,-0.1340000033378601
14.35099983215332,5.223999977111816,0.0
14.210000038146973,3.013999938964844,-0.6029999852180481
14.77299976348877,4.48799991607666,-0.3350000083446503
14.843000411987305,5.760000228881836,-0.4690000116825104
13.647000312805176,6.63100004196167,-1.0049999952316284
13.29599952697754,7.501999855041504,-1.0720000267028809
13.99899959564209,7.434999942779541,-0.9380000233650208
13.928999900817873,6.027999877929688,-1.4739999771118164
12.380999565124512,5.827000141143799,-0.6029999852180481
10.41100025177002,7.501999855041504,-0.1340000033378601
10.973999977111816,9.041999816894531,0.9380000233650208
9.98900032043457,7.434999942779541,-0.2680000066757202
10.762999534606934,9.376999855041504,0.5360000133514404
11.467000007629396,7.434999942779541,0.0
11.536999702453612,10.717000007629396,1.9420000314712524
11.607000350952148,9.376999855041504,0.0
11.043999671936035,12.994000434875488,1.2730000019073486
9.56700038909912,9.913000106811523,0.6029999852180481
9.496999740600586,6.764999866485598,1.0049999952316284
9.637999534606934,4.287000179290772,0.8040000200271606
10.904000282287598,4.689000129699707,1.0049999952316284
11.607000350952148,1.9420000314712524,0.4690000116825104
12.239999771118164,-13.864999771118164,1.741000056266785
13.435999870300291,-15.003999710083008,3.2149999141693115
13.647000312805176,-11.720999717712402,2.9470000267028813
15.053999900817873,-9.109000205993652,1.741000056266785
15.406000137329102,3.549999952316284,1.0049999952316284
13.647000312805176,2.880000114440918,-0.4690000116825104
13.29599952697754,5.960999965667725,-0.9380000233650208
14.491000175476074,7.166999816894531,-1.1390000581741333
13.29599952697754,6.63100004196167,-1.2059999704360962
13.085000038146973,6.429999828338622,-0.9380000233650208
12.239999771118164,8.038000106811522,0.06700000166893
11.678000450134276,10.381999969482422,1.406999945640564
10.340999603271484,10.717000007629396,2.344000101089477
9.918999671936035,11.588000297546388,2.4110000133514404
9.918999671936035,10.515999794006348,2.2100000381469727
9.708000183105469,11.45400047302246,2.477999925613404
9.425999641418455,12.72599983215332,2.2769999504089355
9.355999946594238,11.98900032043457,2.746000051498413
8.51200008392334,13.32900047302246,1.807999968528748
8.86400032043457,12.994000434875488,2.344000101089477
8.300999641418457,10.85099983215332,2.746000051498413
9.003999710083008,7.434999942779541,0.3350000083446503
5.065000057220459,7.903999805450439,0.0
7.105000019073486,6.2290000915527335,0.1340000033378601
5.557000160217285,3.750999927520752,-0.6700000166893005
5.908999919891357,4.956999778747559,0.1340000033378601
4.2210001945495605,5.090000152587892,-0.3350000083446503
4.64300012588501,4.3540000915527335,-0.06700000166893
6.119999885559082,6.63100004196167,-0.3350000083446503
7.386000156402588,8.439000129699707,-0.6029999852180481
3.16599988937378,7.368000030517577,-1.2059999704360962
3.236000061035156,6.966000080108643,-1.3400000333786009
3.3059999942779537,6.296000003814697,-1.4739999771118164
3.236000061035156,5.625999927520752,-1.4739999771118164
4.010000228881837,6.09499979019165,-0.8709999918937683
4.010000228881837,8.840999603271484,0.2680000066757202
6.752999782562256,10.248000144958496,0.0
6.752999782562256,10.248000144958496,0.0
6.752999782562256,10.248000144958496,0.0
6.752999782562256,10.248000144958496,0.0
6.752999782562256,10.248000144958496,0.0
6.752999782562256,10.248000144958496,0.0
6.752999782562256,10.248000144958496,0.0
6.752999782562256,10.248000144958496,0.0
6.752999782562256,10.248000144958496,0.0
6.752999782562256,10.248000144958496,0.0
6.752999782562256,10.248000144958496,0.0
6.752999782562256,10.248000144958496,0.0
6.752999782562256,10.248000144958496,0.0
6.752999782562256,10.248000144958496,0.0
6.752999782562256,10.248000144958496,0.0
6.752999782562256,10.248000144958496,0.0
6.752999782562256,10.248000144958496,0.0
6.752999782562256,10.248000144958496,0.0
6.752999782562256,10.248000144958496,0.0
6.752999782562256,10.248000144958496,0.0
6.752999782562256,10.248000144958496,0.0
6.752999782562256,10.248000144958496,0.0
6.752999782562256,10.248000144958496,0.0
6.752999782562256,10.248000144958496,0.0
10.692999839782717,13.395999908447266,2.2100000381469727
11.467000007629396,12.524999618530272,1.4739999771118164
11.888999938964846,12.123000144958494,1.875
11.326000213623049,13.32900047302246,2.880000114440918
11.817999839782717,12.859999656677244,1.406999945640564
11.1850004196167,14.60200023651123,2.9470000267028813
9.145000457763672,16.007999420166016,2.477999925613404
9.21500015258789,12.055999755859377,1.875
9.637999534606934,8.104999542236326,3.013999938964844
10.762999534606934,-2.1429998874664307,2.477999925613404
12.380999565124512,-6.2290000915527335,1.9420000314712524
12.100000381469728,-12.256999969482422,3.2149999141693115
12.310999870300291,-15.13700008392334,2.5450000762939453
12.170000076293944,-12.592000007629396,3.95199990272522
12.87399959564209,-11.38700008392334,3.013999938964844
13.366000175476074,-7.099999904632568,2.477999925613404
14.631999969482422,-2.075999975204468,1.5410000085830688
14.70300006866455,4.152999877929688,0.0
14.843000411987305,7.166999816894531,-0.4690000116825104
13.506999969482422,8.038000106811522,-0.6029999852180481
13.788000106811523,8.104999542236326,-0.6700000166893005
13.718000411987305,7.769999980926514,-1.3400000333786009
12.732999801635742,7.166999816894531,-0.9380000233650208
12.592000007629396,8.840999603271484,0.0
13.085000038146973,8.640000343322754,0.1340000033378601
13.013999938964846,8.907999992370605,0.6700000166893005
13.085000038146973,8.505999565124513,0.06700000166893
12.029000282287598,9.645000457763672,1.1390000581741333
12.944000244140623,7.434999942779541,0.06700000166893
12.592000007629396,10.248000144958496,0.9380000233650208
12.170000076293944,10.04699993133545,0.2010000050067901
13.013999938964846,9.041999816894531,1.0049999952316284
13.99899959564209,1.0720000267028809,1.3400000333786009
11.817999839782717,-6.027999877929688,1.807999968528748
13.647000312805176,-11.654999732971191,3.4830000400543213
13.435999870300291,-13.730999946594238,4.287000179290772
14.140000343322756,-16.343000411987305,3.1480000019073486
14.913999557495115,-16.878999710083008,4.3540000915527335
17.093999862670902,-12.859999656677244,3.4830000400543213
18.78300094604492,-9.57800006866455,2.075999975204468
19.48600006103516,-5.692999839782715,0.3350000083446503
20.32999992370605,2.2100000381469727,-0.8040000200271606
18.21999931335449,6.89900016784668,-0.8709999918937683
17.305000305175778,8.305999755859375,-0.5360000133514404
16.743000030517578,7.903999805450439,-0.7369999885559082
14.843000411987305,8.706999778747559,-1.1390000581741333
14.562000274658203,8.23900032043457,0.06700000166893
14.069000244140623,11.520999908447266,1.807999968528748
14.069000244140623,10.04699993133545,0.4690000116825104
14.77299976348877,10.784000396728516,1.5410000085830688
14.843000411987305,12.927000045776367,2.2100000381469727
13.013999938964846,10.3149995803833,1.0720000267028809
13.29599952697754,10.984999656677246,1.2059999704360962
12.732999801635742,10.180999755859377,1.0049999952316284
13.506999969482422,11.052000045776367,0.3350000083446503
13.085000038146973,9.109000205993652,0.6700000166893005
13.788000106811523,5.827000141143799,2.477999925613404
13.928999900817873,-5.960999965667725,2.9470000267028813
15.616999626159668,-12.458000183105469,4.019000053405762
15.47599983215332,-6.89900016784668,1.807999968528748
16.531999588012695,-9.175999641418455,1.0049999952316284
16.672000885009766,-17.01300048828125,3.884999990463257
18.71199989318848,-15.270999908447266,4.019000053405762
19.90800094604492,-6.564000129699707,1.1390000581741333
18.99399948120117,0.2010000050067901,-0.3350000083446503
17.656999588012695,5.0229997634887695,-0.3350000083446503
17.305000305175778,6.09499979019165,-1.0720000267028809
16.882999420166016,7.568999767303468,-0.8709999918937683
16.320999145507812,7.836999893188477,-0.8040000200271606
15.968999862670898,6.63100004196167,-1.5410000085830688
15.125,6.429999828338622,-0.6029999852180481
14.562000274658203,7.636000156402588,0.06700000166893
14.35099983215332,9.845999717712402,1.0720000267028809
13.718000411987305,8.907999992370605,0.06700000166893
14.631999969482422,9.845999717712402,0.9380000233650208
14.140000343322756,9.3100004196167,0.7369999885559082
13.013999938964846,6.497000217437744,-0.5360000133514404
12.803000450134276,7.903999805450439,0.0
12.310999870300291,9.376999855041504,0.06700000166893
12.310999870300291,8.439000129699707,-0.4020000100135803
12.380999565124512,5.894000053405763,0.0
12.451000213623049,4.956999778747559,0.0
12.661999702453612,0.4690000116825104,0.0
13.225000381469728,-9.243000030517578,2.1429998874664307
13.857999801635742,-3.282000064849853,-0.5360000133514404
14.70300006866455,-5.090000152587892,0.5360000133514404
15.47599983215332,3.0810000896453857,-0.3350000083446503
15.89799976348877,1.875,-0.6700000166893005
17.445999145507812,4.0859999656677255,-1.1390000581741333
16.882999420166016,8.171999931335451,-0.9380000233650208
16.531999588012695,6.2290000915527335,-1.807999968528748
17.586999893188473,6.697999954223633,-2.009000062942505
14.77299976348877,6.497000217437744,-1.807999968528748
10.692999839782717,6.63100004196167,-1.4739999771118164
13.788000106811523,7.234000205993652,-0.1340000033378601
13.57699966430664,6.89900016784668,-0.06700000166893
12.380999565124512,7.099999904632568,-0.2010000050067901
12.029000282287598,7.434999942779541,0.4690000116825104
13.013999938964846,6.697999954223633,-0.1340000033378601
15.053999900817873,7.769999980926514,0.3350000083446503
14.843000411987305,8.171999931335451,0.6700000166893005
15.54699993133545,8.640000343322754,0.0
15.125,10.984999656677246,0.2010000050067901
15.616999626159668,11.854999542236328,1.0720000267028809
15.336000442504885,10.381999969482422,1.0720000267028809
16.108999252319336,7.368000030517577,0.1340000033378601
17.02400016784668,6.2290000915527335,0.2680000066757202
17.235000610351562,5.357999801635742,-0.06700000166893
17.305000305175778,4.3540000915527335,-0.8040000200271606
15.758000373840332,5.692999839782715,-0.2680000066757202
16.882999420166016,3.4830000400543213,-0.1340000033378601
17.235000610351562,5.357999801635742,-0.4020000100135803
17.375999450683597,6.162000179290772,-1.0720000267028809
17.445999145507812,6.63100004196167,-0.6700000166893005
17.516000747680664,6.564000129699707,-1.1390000581741333
16.038999557495114,6.89900016784668,-1.1390000581741333
16.531999588012695,6.36299991607666,-1.1390000581741333
16.601999282836914,6.09499979019165,-1.1390000581741333
16.038999557495114,5.223999977111816,-1.406999945640564
15.687000274658203,7.099999904632568,0.0
15.053999900817873,9.376999855041504,0.1340000033378601
13.718000411987305,8.907999992370605,0.06700000166893
9.708000183105469,11.185999870300291,0.8040000200271606
7.597000122070312,9.645000457763672,0.2680000066757202
7.809000015258789,8.907999992370605,0.2680000066757202
8.090000152587889,10.85099983215332,1.1390000581741333
7.809000015258789,10.248000144958496,0.2010000050067901
6.683000087738037,7.501999855041504,-0.7369999885559082
6.823999881744385,6.296000003814697,-0.2680000066757202
6.330999851226808,6.89900016784668,0.0
6.401999950408936,7.97100019454956,0.6029999852180481
10.41100025177002,7.703000068664551,0.4690000116825104
12.87399959564209,5.559000015258789,-0.3350000083446503
13.718000411987305,5.1570000648498535,0.6700000166893005
13.788000106811523,5.760000228881836,0.2010000050067901
13.647000312805176,6.89900016784668,0.0
12.380999565124512,6.831999778747559,0.0
12.380999565124512,7.97100019454956,-0.2010000050067901
12.522000312805176,6.764999866485598,-0.8040000200271606
12.310999870300291,6.831999778747559,-1.0720000267028809
12.170000076293944,6.296000003814697,-1.0049999952316284
12.029000282287598,5.492000102996826,-1.6740000247955322
11.817999839782717,7.234000205993652,-0.5360000133514404
11.678000450134276,9.243000030517578,0.7369999885559082
12.029000282287598,9.444000244140623,0.1340000033378601
11.748000144958494,11.253000259399414,1.6080000400543213
12.239999771118164,9.979999542236328,1.0049999952316284
9.777999877929688,10.717000007629396,2.009000062942505
12.732999801635742,12.324000358581545,1.9420000314712524
11.817999839782717,11.720999717712402,1.2730000019073486
10.973999977111816,12.659000396728516,0.3350000083446503
11.678000450134276,13.19499969482422,1.6740000247955322
13.013999938964846,10.180999755859377,1.0720000267028809
12.522000312805176,7.166999816894531,0.8040000200271606
13.788000106811523,6.296000003814697,0.5360000133514404
12.592000007629396,3.818000078201294,0.4690000116825104
12.732999801635742,3.750999927520752,0.06700000166893
14.140000343322756,1.807999968528748,0.1340000033378601
14.069000244140623,3.6840000152587886,0.8040000200271606
14.140000343322756,3.750999927520752,0.2010000050067901
14.069000244140623,4.956999778747559,0.06700000166893
14.913999557495115,5.357999801635742,-0.2680000066757202
14.210000038146973,5.960999965667725,-1.0720000267028809
14.70300006866455,7.501999855041504,-1.0049999952316284
14.843000411987305,6.89900016784668,-1.0720000267028809
14.210000038146973,8.23900032043457,-1.0049999952316284
14.35099983215332,8.572999954223633,0.06700000166893
13.99899959564209,9.845999717712402,1.0049999952316284
14.70300006866455,11.185999870300291,1.406999945640564
14.279999732971191,10.515999794006348,1.2730000019073486
14.562000274658203,9.51099967956543,0.1340000033378601
15.406000137329102,10.449000358581545,0.7369999885559082
13.506999969482422,10.717000007629396,1.0049999952316284
12.451000213623049,12.1899995803833,1.807999968528748
12.803000450134276,12.1899995803833,0.8040000200271606
12.380999565124512,12.72599983215332,1.3400000333786009
12.732999801635742,9.109000205993652,0.9380000233650208
14.42099952697754,4.287000179290772,0.6700000166893005
14.069000244140623,2.746000051498413,0.2010000050067901
14.210000038146973,-3.95199990272522,0.8709999918937683
14.35099983215332,-6.296000003814697,0.4690000116825104
14.77299976348877,-10.449000358581545,1.9420000314712524
15.89799976348877,-11.854999542236328,2.812999963760376
16.882999420166016,-7.836999893188477,1.2059999704360962
16.672000885009766,-3.6840000152587886,0.5360000133514404
16.25,4.2199997901916495,-0.1340000033378601
15.406000137329102,7.703000068664551,-1.0049999952316284
13.718000411987305,6.966000080108643,-1.406999945640564
12.944000244140623,8.038000106811522,-0.9380000233650208
8.86400032043457,8.505999565124513,-0.6029999852180481
7.456999778747559,6.89900016784668,-1.2059999704360962
7.245999813079834,10.11400032043457,0.3350000083446503
6.261000156402588,11.98900032043457,1.5410000085830688
6.330999851226808,11.45400047302246,0.8040000200271606
6.261000156402588,11.854999542236328,1.3400000333786009
7.809000015258789,13.395999908447266,2.1429998874664307
7.105000019073486,10.984999656677246,1.2059999704360962
7.526999950408935,10.515999794006348,0.4690000116825104
7.456999778747559,11.788000106811523,0.0
7.526999950408935,16.142000198364258,3.013999938964844
7.456999778747559,12.1899995803833,2.009000062942505
8.371000289916992,6.764999866485598,0.0
8.934000015258789,7.368000030517577,1.2730000019073486
9.003999710083008,5.692999839782715,0.3350000083446503
8.793000221252441,0.0,0.2680000066757202
8.86400032043457,2.880000114440918,0.1340000033378601
9.145000457763672,4.554999828338623,0.06700000166893
9.003999710083008,5.894000053405763,0.1340000033378601
8.442000389099121,5.960999965667725,-0.2010000050067901
8.090000152587889,7.903999805450439,-0.3350000083446503
7.73799991607666,7.166999816894531,-0.5360000133514404
7.456999778747559,7.234000205993652,-0.6029999852180481
7.175000190734862,6.497000217437744,-0.8709999918937683
6.752999782562256,5.894000053405763,-1.2730000019073486
3.588000059127808,6.497000217437744,-0.6700000166893005
4.150000095367432,10.04699993133545,0.4020000100135803
4.8540000915527335,13.463000297546388,2.344000101089477
5.3460001945495605,12.79300022125244,1.6740000247955322
6.330999851226808,12.055999755859377,1.2730000019073486
3.5169999599456787,10.248000144958496,0.6029999852180481
5.416999816894531,14.53499984741211,2.4110000133514404
6.61299991607666,13.730999946594238,2.2100000381469727
6.894000053405763,15.87399959564209,1.807999968528748
6.330999851226808,15.06999969482422,2.477999925613404
7.105000019073486,7.97100019454956,0.2680000066757202
7.0349998474121085,6.027999877929688,0.2010000050067901
7.526999950408935,2.5450000762939453,-0.06700000166893
9.21500015258789,4.3540000915527335,-0.06700000166893
9.145000457763672,2.4110000133514404,-0.4020000100135803
10.621999740600586,3.750999927520752,-0.1340000033378601
10.130000114440918,5.760000228881836,-0.4690000116825104
8.159999847412111,6.027999877929688,-0.6029999852180481
4.361999988555908,6.831999778747559,-1.2059999704360962
3.86899995803833,8.439000129699707,-1.2730000019073486
2.532000064849853,7.836999893188477,-1.2730000019073486
2.1099998950958248,7.769999980926514,-1.1390000581741333
4.7129998207092285,6.63100004196167,-1.2730000019073486
6.119999885559082,6.09499979019165,-2.344000101089477
8.020000457763674,7.166999816894531,-1.2730000019073486
8.652999877929688,10.04699993133545,0.1340000033378601
8.159999847412111,11.788000106811523,1.875
8.86400032043457,12.72599983215332,1.406999945640564
7.245999813079834,11.588000297546388,1.5410000085830688
8.51200008392334,11.720999717712402,1.3400000333786009
9.496999740600586,9.979999542236328,0.7369999885559082
9.56700038909912,11.185999870300291,0.8040000200271606
9.074999809265137,15.270999908447266,1.5410000085830688
9.21500015258789,11.520999908447266,0.8040000200271606
10.130000114440918,11.119000434875488,2.2100000381469727
8.86400032043457,7.301000118255615,0.06700000166893
11.536999702453612,5.559000015258789,-0.06700000166893
12.522000312805176,-2.2769999504089355,0.8040000200271606
12.380999565124512,-1.6080000400543213,-0.3350000083446503
12.944000244140623,-11.588000297546388,2.2100000381469727
13.435999870300291,-0.5360000133514404,0.4690000116825104
13.647000312805176,2.5450000762939453,0.0
12.661999702453612,3.41599988937378,-0.1340000033378601
13.366000175476074,3.2149999141693115,-0.06700000166893
13.506999969482422,6.697999954223633,-1.0720000267028809
12.661999702453612,7.636000156402588,-1.0049999952316284
12.661999702453612,7.434999942779541,-1.0720000267028809
12.239999771118164,6.764999866485598,-1.406999945640564
12.592000007629396,7.434999942779541,-0.6029999852180481
13.225000381469728,7.703000068664551,-0.5360000133514404
13.29599952697754,10.381999969482422,0.6700000166893005
13.225000381469728,10.649999618530272,1.0049999952316284
13.366000175476074,10.180999755859377,1.2059999704360962
13.29599952697754,9.57800006866455,0.4690000116825104
13.225000381469728,9.243000030517578,0.6700000166893005
13.366000175476074,9.913000106811523,0.7369999885559082
12.944000244140623,12.79300022125244,1.6080000400543213
11.326000213623049,11.588000297546388,1.406999945640564
14.140000343322756,7.0329999923706055,2.1429998874664307
13.788000106811523,3.6840000152587886,1.0049999952316284
13.506999969482422,-5.692999839782715,2.5450000762939453
13.435999870300291,-16.142000198364258,5.827000141143799
14.140000343322756,-14.736000061035154,3.013999938964844
15.616999626159668,-13.529999732971191,3.1480000019073486
16.882999420166016,-13.060999870300291,3.3489999771118164
16.812999725341793,-10.11400032043457,1.9420000314712524
17.165000915527347,-5.1570000648498535,0.4020000100135803
17.445999145507812,2.477999925613404,0.06700000166893
16.95400047302246,6.36299991607666,-0.6029999852180481
15.89799976348877,7.434999942779541,-1.0049999952316284
15.687000274658203,7.568999767303468,-0.6700000166893005
14.913999557495115,7.501999855041504,-1.4739999771118164
14.491000175476074,7.769999980926514,-0.1340000033378601
14.631999969482422,7.903999805450439,0.0
13.788000106811523,12.659000396728516,1.807999968528748
13.99899959564209,9.645000457763672,0.6029999852180481
13.435999870300291,10.91800022125244,1.6740000247955322
13.154999732971191,12.324000358581545,1.807999968528748
12.944000244140623,10.515999794006348,1.6740000247955322
12.944000244140623,11.720999717712402,1.1390000581741333
13.366000175476074,13.529999732971191,1.1390000581741333
13.928999900817873,10.11400032043457,2.5450000762939453
13.647000312805176,2.2769999504089355,3.1480000019073486
16.672000885009766,-6.89900016784668,2.2100000381469727
17.586999893188473,-10.515999794006348,3.013999938964844
16.95400047302246,-13.597000122070312,3.0810000896453857
17.165000915527347,-16.67799949645996,4.019000053405762
17.375999450683597,-10.583000183105469,2.9470000267028813
19.76799964904785,-12.72599983215332,3.4830000400543213
20.11899948120117,-8.840999603271484,2.880000114440918
21.87800025939941,-5.0229997634887695,0.6700000166893005
21.38500022888184,2.009000062942505,-0.1340000033378601
21.03400039672852,5.827000141143799,-1.0049999952316284
19.20499992370605,6.831999778747559,-1.0720000267028809
18.290000915527344,7.234000205993652,-0.8709999918937683
17.375999450683597,6.2290000915527335,-0.8709999918937683
17.445999145507812,5.894000053405763,-0.6029999852180481
17.02400016784668,8.104999542236326,-0.1340000033378601
16.25,10.784000396728516,1.3400000333786009
16.108999252319336,10.248000144958496,0.9380000233650208
15.47599983215332,9.041999816894531,0.6029999852180481
15.616999626159668,9.645000457763672,0.5360000133514404
15.125,9.645000457763672,0.3350000083446503
15.406000137329102,11.520999908447266,1.2730000019073486
14.491000175476074,11.854999542236328,0.1340000033378601
16.95400047302246,6.027999877929688,1.6080000400543213
17.305000305175778,1.9420000314712524,2.4110000133514404
17.02400016784668,-8.104999542236326,3.2149999141693115
17.165000915527347,-11.45400047302246,2.678999900817871
15.125,-14.199999809265137,4.554999828338623
16.108999252319336,-18.01799964904785,3.013999938964844
16.812999725341793,-15.338000297546388,3.4830000400543213
18.92300033569336,-14.333999633789062,3.750999927520752
19.90800094604492,-7.97100019454956,2.344000101089477
19.41600036621093,-1.3400000333786009,1.6080000400543213
19.76799964904785,3.1480000019073486,0.4020000100135803
21.38500022888184,5.492000102996826,-0.4020000100135803
19.97900009155273,7.568999767303468,-0.2010000050067901
19.13400077819824,7.97100019454956,-0.2010000050067901
18.78300094604492,8.640000343322754,-0.7369999885559082
18.07900047302246,9.845999717712402,0.6700000166893005
17.656999588012695,9.57800006866455,1.1390000581741333
18.43099975585937,12.72599983215332,2.075999975204468
18.009000778198242,12.256999969482422,1.4739999771118164
18.21999931335449,12.72599983215332,1.406999945640564
18.36100006103516,12.524999618530272,1.5410000085830688
18.85300064086914,10.515999794006348,0.8040000200271606
18.99399948120117,12.592000007629396,2.2769999504089355
18.149999618530277,13.99899959564209,2.075999975204468
19.97900009155273,9.979999542236328,2.1429998874664307
20.32999992370605,2.2100000381469727,2.1429998874664307
19.274999618530277,-7.099999904632568,2.2769999504089355
20.26000022888184,-9.845999717712402,3.818000078201294
19.41600036621093,-12.927000045776367,3.884999990463257
21.173999786376957,-15.003999710083008,4.0859999656677255
23.143999099731445,-13.932000160217283,3.818000078201294
24.691999435424805,-12.524999618530272,3.95199990272522
25.395000457763672,-8.77400016784668,2.009000062942505
25.535999298095703,-5.692999839782715,0.6700000166893005
25.465999603271484,1.0049999952316284,0.1340000033378601
24.05900001525879,6.09499979019165,-0.1340000033378601
22.51099967956543,6.497000217437744,-0.9380000233650208
22.65200042724609,6.764999866485598,-1.0720000267028809
22.51099967956543,6.429999828338622,0.0
21.73699951171875,7.301000118255615,-0.6700000166893005
21.173999786376957,9.57800006866455,1.2059999704360962
20.82299995422364,10.85099983215332,1.807999968528748
20.89299964904785,11.253000259399414,1.807999968528748
20.82299995422364,11.185999870300291,1.4739999771118164
20.75200080871582,9.645000457763672,1.2730000019073486
18.500999450683597,10.784000396728516,0.6029999852180481
19.06399917602539,9.779000282287598,1.0049999952316284
19.48600006103516,12.592000007629396,1.6080000400543213
18.78300094604492,9.913000106811523,2.2769999504089355
19.90800094604492,2.477999925613404,2.746000051498413
19.41600036621093,-4.956999778747559,1.741000056266785
22.65200042724609,-8.305999755859375,2.812999963760376
23.42600059509277,-9.845999717712402,2.746000051498413
22.089000701904297,-12.659000396728516,1.6080000400543213
22.229999542236328,-12.458000183105469,3.282000064849853
23.636999130249023,-8.371999740600586,1.5410000085830688
22.44099998474121,-3.282000064849853,1.5410000085830688
22.229999542236328,5.894000053405763,-0.2010000050067901
22.229999542236328,5.1570000648498535,-0.1340000033378601
22.58099937438965,6.429999828338622,-0.6029999852180481
21.45599937438965,6.296000003814697,-1.0720000267028809
22.65200042724609,6.564000129699707,-0.6029999852180481
21.87800025939941,7.368000030517577,-0.1340000033378601
18.21999931335449,8.038000106811522,0.1340000033378601
16.601999282836914,8.038000106811522,0.6029999852180481
17.586999893188473,9.779000282287598,1.0049999952316284
15.616999626159668,11.654999732971191,1.6740000247955322
13.435999870300291,9.243000030517578,0.6700000166893005
12.451000213623049,9.979999542236328,0.8040000200271606
8.51200008392334,11.253000259399414,1.741000056266785
8.300999641418457,10.381999969482422,1.2059999704360962
12.522000312805176,13.395999908447266,1.406999945640564
14.562000274658203,9.444000244140623,1.741000056266785
13.366000175476074,4.421000003814697,1.875
12.803000450134276,-0.2010000050067901,1.3400000333786009
14.843000411987305,-8.371999740600586,3.549999952316284
15.336000442504885,-9.711999893188477,-1.406999945640564
15.758000373840332,-17.281000137329098,8.706999778747559
17.516000747680664,-9.51099967956543,0.06700000166893
18.99399948120117,-12.256999969482422,0.2680000066757202
19.20499992370605,-7.434999942779541,-0.1340000033378601
19.55599975585937,0.0,-0.4020000100135803
20.32999992370605,2.2100000381469727,-0.4690000116825104
20.68199920654297,5.090000152587892,-0.8040000200271606
21.173999786376957,6.027999877929688,-0.9380000233650208
20.61199951171875,6.697999954223633,-0.7369999885559082
20.11899948120117,7.166999816894531,-0.06700000166893
20.32999992370605,7.568999767303468,0.0
19.62700080871582,10.180999755859377,1.406999945640564
19.20499992370605,11.654999732971191,2.1429998874664307
18.64200019836425,10.3149995803833,2.2100000381469727
18.500999450683597,10.717000007629396,1.5410000085830688
17.79800033569336,10.449000358581545,1.0720000267028809
16.812999725341793,8.104999542236326,0.7369999885559082
17.093999862670902,8.371999740600586,0.06700000166893
17.02400016784668,8.840999603271484,0.4690000116825104
16.531999588012695,6.027999877929688,0.2680000066757202
17.02400016784668,-0.06700000166893,0.4690000116825104
16.108999252319336,-6.63100004196167,-0.3350000083446503
16.25,-10.381999969482422,0.4690000116825104
16.672000885009766,-13.663999557495115,0.1340000033378601
17.093999862670902,-16.611000061035153,0.4690000116825104
17.726999282836914,-15.605999946594238,0.9380000233650208
19.41600036621093,-13.463000297546388,0.6700000166893005
19.97900009155273,-7.836999893188477,-0.06700000166893
20.47100067138672,-1.406999945640564,0.0
21.45599937438965,-0.4020000100135803,-0.8040000200271606
21.66699981689453,5.425000190734863,-0.6029999852180481
20.61199951171875,6.89900016784668,-0.2010000050067901
19.274999618530277,7.501999855041504,-0.6029999852180481
18.21999931335449,6.564000129699707,-0.9380000233650208
20.47100067138672,8.104999542236326,0.6029999852180481
19.41600036621093,7.769999980926514,1.0720000267028809
18.500999450683597,10.583000183105469,1.6080000400543213
17.445999145507812,11.119000434875488,2.075999975204468
17.093999862670902,10.04699993133545,0.9380000233650208
17.305000305175778,8.907999992370605,0.6700000166893005
16.531999588012695,11.720999717712402,1.5410000085830688
16.180000305175778,11.98900032043457,0.9380000233650208
15.54699993133545,13.26200008392334,1.741000056266785
16.320999145507812,8.305999755859375,1.1390000581741333
16.320999145507812,-0.1340000033378601,1.2059999704360962
16.743000030517578,-4.2199997901916495,0.2680000066757202
17.235000610351562,-5.894000053405763,0.8040000200271606
17.656999588012695,-9.979999542236328,0.7369999885559082
18.07900047302246,-11.119000434875488,0.0
19.274999618530277,-2.075999975204468,0.1340000033378601
19.76799964904785,-3.750999927520752,0.2010000050067901
20.54100036621093,0.3350000083446503,0.2680000066757202
21.45599937438965,4.3540000915527335,0.0
20.400999069213867,7.0329999923706055,-0.2010000050067901
19.62700080871582,6.831999778747559,-0.6029999852180481
19.76799964904785,7.166999816894531,-0.7369999885559082
19.90800094604492,6.89900016784668,-0.7369999885559082
20.89299964904785,6.2290000915527335,-1.875
19.13400077819824,8.038000106811522,0.2680000066757202
17.165000915527347,9.979999542236328,1.0720000267028809
15.265000343322756,11.119000434875488,1.807999968528748
16.108999252319336,10.649999618530272,1.5410000085830688
13.366000175476074,11.654999732971191,2.611999988555908
13.366000175476074,12.055999755859377,2.678999900817871
15.125,12.324000358581545,3.1480000019073486
15.053999900817873,14.668999671936035,3.282000064849853
11.536999702453612,11.788000106811523,2.009000062942505
11.255999565124512,9.041999816894531,1.807999968528748
13.506999969482422,1.807999968528748,0.4690000116825104
14.069000244140623,-4.889999866485597,-0.06700000166893
15.54699993133545,-8.907999992370605,1.0720000267028809
15.336000442504885,-11.720999717712402,1.0720000267028809
15.053999900817873,-14.53499984741211,0.4690000116825104
16.320999145507812,-7.769999980926514,0.4690000116825104
17.656999588012695,4.3540000915527335,0.0
16.461000442504886,1.2059999704360962,0.06700000166893
17.305000305175778,3.41599988937378,-0.6029999852180481
17.235000610351562,6.564000129699707,-0.2680000066757202
18.36100006103516,6.63100004196167,-0.6029999852180481
17.375999450683597,6.2290000915527335,-0.3350000083446503
17.235000610351562,7.166999816894531,-0.7369999885559082
18.009000778198242,7.836999893188477,-0.6700000166893005
17.445999145507812,8.77400016784668,0.3350000083446503
18.36100006103516,11.520999908447266,1.807999968528748
16.95400047302246,10.717000007629396,1.5410000085830688
17.516000747680664,11.119000434875488,1.807999968528748
17.235000610351562,9.979999542236328,1.6740000247955322
17.235000610351562,11.052000045776367,2.2769999504089355
16.95400047302246,10.717000007629396,1.406999945640564
17.02400016784668,10.515999794006348,1.2730000019073486
16.180000305175778,13.730999946594238,1.741000056266785
15.89799976348877,11.588000297546388,2.2769999504089355
16.672000885009766,3.282000064849853,1.6740000247955322
16.461000442504886,1.2730000019073486,0.4690000116825104
16.882999420166016,-3.2149999141693115,0.8040000200271606
16.25,-1.4739999771118164,0.4020000100135803
15.82800006866455,-8.305999755859375,-0.2680000066757202
16.25,-4.956999778747559,0.1340000033378601
15.54699993133545,0.2680000066757202,-0.2010000050067901
16.391000747680664,1.4739999771118164,0.06700000166893
16.531999588012695,3.2149999141693115,-0.1340000033378601
16.531999588012695,6.027999877929688,-0.06700000166893
16.601999282836914,6.63100004196167,-0.6700000166893005
17.093999862670902,6.697999954223633,-0.5360000133514404
16.25,7.166999816894531,-0.6029999852180481
16.038999557495114,5.960999965667725,-1.4739999771118164
15.406000137329102,5.1570000648498535,-0.6700000166893005
14.42099952697754,8.038000106811522,0.1340000033378601
14.35099983215332,10.649999618530272,0.6700000166893005
14.35099983215332,11.854999542236328,1.5410000085830688
13.506999969482422,10.717000007629396,1.0720000267028809
12.170000076293944,9.444000244140623,0.6700000166893005
11.888999938964846,6.831999778747559,-0.5360000133514404
13.647000312805176,7.301000118255615,-0.6029999852180481
11.467000007629396,9.3100004196167,0.7369999885559082
13.647000312805176,6.564000129699707,0.1340000033378601
16.95400047302246,-1.9420000314712524,0.3350000083446503
16.25,-8.975000381469727,1.0049999952316284
18.149999618530277,-11.98900032043457,1.3400000333786009
17.445999145507812,-12.659000396728516,1.3400000333786009
16.743000030517578,-14.736000061035154,0.6029999852180481
16.882999420166016,-15.739999771118164,1.807999968528748
18.92300033569336,-2.9470000267028813,-0.2680000066757202
19.06399917602539,-8.907999992370605,0.6029999852180481
20.96299934387207,-5.223999977111816,-0.06700000166893
21.10400009155273,0.2010000050067901,-0.4690000116825104
19.62700080871582,5.559000015258789,-0.4690000116825104
17.79800033569336,6.2290000915527335,-0.5360000133514404
16.461000442504886,7.0329999923706055,-0.5360000133514404
16.812999725341793,7.903999805450439,-0.9380000233650208
16.461000442504886,9.3100004196167,0.06700000166893
16.108999252319336,10.449000358581545,1.0720000267028809
16.180000305175778,10.649999618530272,1.406999945640564
15.968999862670898,11.854999542236328,2.5450000762939453
15.19499969482422,10.984999656677246,2.075999975204468
15.687000274658203,11.052000045776367,2.075999975204468
15.616999626159668,11.45400047302246,1.6080000400543213
15.19499969482422,11.119000434875488,0.8040000200271606
15.125,11.720999717712402,0.8040000200271606
16.601999282836914,7.501999855041504,1.875
18.57200050354004,0.4020000100135803,1.1390000581741333
17.445999145507812,-8.038000106811522,0.06700000166893
18.290000915527344,-11.31999969482422,1.6080000400543213
18.85300064086914,-13.128000259399414,1.6740000247955322
19.62700080871582,-16.544000625610348,0.8709999918937683
19.69700050354004,-15.940999984741213,1.1390000581741333
21.525999069213867,-13.26200008392334,1.2059999704360962
22.44099998474121,-10.04699993133545,0.7369999885559082
23.77700042724609,-4.889999866485597,-0.2010000050067901
23.354999542236328,3.95199990272522,-0.7369999885559082
22.933000564575195,5.290999889373778,-0.6700000166893005
20.54100036621093,6.36299991607666,-0.9380000233650208
19.06399917602539,6.89900016784668,-0.8709999918937683
18.07900047302246,6.027999877929688,-0.2010000050067901
17.445999145507812,5.625999927520752,-1.1390000581741333
17.305000305175778,8.907999992370605,0.8709999918937683
17.586999893188473,11.253000259399414,1.741000056266785
16.882999420166016,12.79300022125244,2.009000062942505
17.375999450683597,10.91800022125244,1.6740000247955322
15.265000343322756,10.717000007629396,1.2059999704360962
15.053999900817873,11.185999870300291,0.7369999885559082
14.42099952697754,11.45400047302246,1.1390000581741333
14.77299976348877,12.72599983215332,1.9420000314712524
15.89799976348877,4.75600004196167,0.0
16.743000030517578,-3.549999952316284,0.3350000083446503
17.375999450683597,-8.640000343322754,0.8040000200271606
18.85300064086914,-10.717000007629396,1.2730000019073486
19.274999618530277,-13.463000297546388,1.3400000333786009
19.69700050354004,-16.142000198364258,1.0720000267028809
20.47100067138672,-15.13700008392334,1.1390000581741333
22.58099937438965,-12.524999618530272,0.9380000233650208
23.07399940490723,-8.706999778747559,0.4020000100135803
25.11400032043457,-1.875,-0.1340000033378601
24.90299987792969,2.4110000133514404,-0.3350000083446503
23.143999099731445,5.760000228881836,-0.4690000116825104
22.229999542236328,6.697999954223633,-0.3350000083446503
20.68199920654297,7.234000205993652,-0.3350000083446503
20.190000534057614,7.099999904632568,-0.8709999918937683
20.68199920654297,6.89900016784668,-0.2010000050067901
18.71199989318848,8.907999992370605,0.4020000100135803
18.57200050354004,10.583000183105469,1.2059999704360962
19.90800094604492,9.51099967956543,0.6029999852180481
18.85300064086914,10.515999794006348,0.6029999852180481
17.868000030517578,8.305999755859375,0.06700000166893
18.149999618530277,8.371999740600586,-0.2010000050067901
18.009000778198242,9.57800006866455,0.6029999852180481
17.516000747680664,10.717000007629396,0.2010000050067901
16.882999420166016,8.038000106811522,1.406999945640564
17.656999588012695,0.4020000100135803,0.1340000033378601
17.79800033569336,1.6740000247955322,0.1340000033378601
17.79800033569336,0.5360000133514404,0.4020000100135803
18.85300064086914,4.554999828338623,0.2680000066757202
18.64200019836425,-1.4739999771118164,-0.3350000083446503
18.57200050354004,-1.4739999771118164,-1.1390000581741333
17.02400016784668,2.5450000762939453,0.1340000033378601
16.743000030517578,2.746000051498413,0.1340000033378601
18.57200050354004,6.027999877929688,0.1340000033378601
16.108999252319336,7.568999767303468,0.0
14.631999969482422,6.697999954223633,-0.6700000166893005
9.848999977111816,6.764999866485598,-0.8040000200271606
9.777999877929688,6.2290000915527335,-0.6029999852180481
11.467000007629396,7.099999904632568,-0.2010000050067901
10.621999740600586,7.501999855041504,0.0
8.230999946594237,9.779000282287598,0.7369999885559082
11.678000450134276,13.597000122070312,2.344000101089477
11.888999938964846,12.458000183105469,2.1429998874664307
11.817999839782717,12.256999969482422,2.2769999504089355
11.678000450134276,12.055999755859377,1.741000056266785
12.239999771118164,9.041999816894531,1.5410000085830688
12.451000213623049,10.91800022125244,1.807999968528748
13.435999870300291,13.128000259399414,1.6740000247955322
11.958999633789062,10.248000144958496,1.6080000400543213
11.678000450134276,9.779000282287598,1.807999968528748
11.678000450134276,2.678999900817871,0.8040000200271606
12.239999771118164,4.822999954223633,0.9380000233650208
13.225000381469728,-0.3350000083446503,0.9380000233650208
14.35099983215332,-5.492000102996826,-0.2010000050067901
14.843000411987305,-7.836999893188477,1.1390000581741333
14.70300006866455,1.3400000333786009,0.8040000200271606
14.42099952697754,2.2100000381469727,1.2730000019073486
14.70300006866455,3.282000064849853,1.2059999704360962
14.210000038146973,9.845999717712402,1.4739999771118164
13.647000312805176,7.568999767303468,0.0
13.647000312805176,7.501999855041504,0.0
12.944000244140623,6.831999778747559,-0.06700000166893
12.310999870300291,6.09499979019165,0.2680000066757202
12.310999870300291,5.894000053405763,-0.7369999885559082
12.661999702453612,8.23900032043457,0.0
12.592000007629396,8.23900032043457,0.2680000066757202
13.366000175476074,6.697999954223633,-0.6029999852180481
13.29599952697754,7.836999893188477,-0.4020000100135803
13.718000411987305,8.371999740600586,-0.06700000166893
13.366000175476074,7.368000030517577,-0.5360000133514404
13.085000038146973,6.497000217437744,-1.3400000333786009
13.225000381469728,8.706999778747559,-0.7369999885559082
12.592000007629396,6.2290000915527335,0.1340000033378601
15.053999900817873,1.9420000314712524,0.5360000133514404
13.366000175476074,-4.3540000915527335,0.6700000166893005
14.631999969482422,-12.055999755859377,1.0720000267028809
16.672000885009766,-14.199999809265137,1.5410000085830688
16.391000747680664,-7.568999767303468,-0.8709999918937683
16.25,-15.270999908447266,0.8040000200271606
17.445999145507812,-10.717000007629396,0.7369999885559082
16.180000305175778,-10.515999794006348,0.7369999885559082
17.165000915527347,-3.013999938964844,0.5360000133514404
16.95400047302246,3.549999952316284,0.4020000100135803
16.95400047302246,6.89900016784668,0.0
16.108999252319336,7.836999893188477,-0.1340000033378601
15.758000373840332,8.038000106811522,-0.5360000133514404
15.053999900817873,7.434999942779541,-0.4020000100135803
14.35099983215332,8.371999740600586,-0.3350000083446503
13.435999870300291,9.376999855041504,0.0
13.928999900817873,11.588000297546388,0.7369999885559082
13.928999900817873,10.85099983215332,0.6700000166893005
13.718000411987305,10.91800022125244,0.2680000066757202
13.506999969482422,10.717000007629396,0.1340000033378601
13.99899959564209,11.185999870300291,0.4020000100135803
13.506999969482422,10.91800022125244,0.0
13.506999969482422,12.1899995803833,1.2059999704360962
14.77299976348877,6.162000179290772,0.4020000100135803
13.29599952697754,-1.3400000333786009,1.1390000581741333
13.013999938964846,-7.0329999923706055,1.1390000581741333
13.29599952697754,-10.784000396728516,1.3400000333786009
13.085000038146973,-12.859999656677244,1.2059999704360962
13.788000106811523,-16.945999145507812,2.812999963760376
15.125,-15.472000122070312,3.6840000152587886
16.038999557495114,-13.79800033569336,3.6840000152587886
16.882999420166016,-10.583000183105469,2.678999900817871
18.149999618530277,-4.75600004196167,2.344000101089477
17.445999145507812,2.344000101089477,1.807999968528748
19.34499931335449,6.429999828338622,2.1429998874664307
18.36100006103516,8.104999542236326,2.2769999504089355
17.235000610351562,7.636000156402588,2.611999988555908
17.375999450683597,8.371999740600586,2.2769999504089355
17.868000030517578,7.903999805450439,2.4110000133514404
16.95400047302246,11.253000259399414,4.0859999656677255
17.02400016784668,10.85099983215332,3.818000078201294
16.743000030517578,10.91800022125244,3.41599988937378
16.95400047302246,9.376999855041504,3.0810000896453857
16.461000442504886,9.376999855041504,3.013999938964844
16.601999282836914,9.175999641418455,3.818000078201294
16.391000747680664,10.717000007629396,3.41599988937378
16.601999282836914,12.994000434875488,5.0229997634887695
17.868000030517578,6.497000217437744,3.884999990463257
16.180000305175778,1.1390000581741333,4.0859999656677255
16.812999725341793,-7.703000068664551,3.617000102996826
16.672000885009766,-10.91800022125244,4.152999877929688
16.743000030517578,-13.395999908447266,4.48799991607666
18.64200019836425,-17.548999786376953,2.4110000133514404
19.55599975585937,-16.945999145507812,3.1480000019073486
20.11899948120117,-13.932000160217283,3.013999938964844
20.54100036621093,-9.645000457763672,2.880000114440918
21.525999069213867,-5.090000152587892,2.678999900817871
21.173999786376957,2.5450000762939453,2.746000051498413
22.018999099731445,6.497000217437744,1.9420000314712524
19.83799934387207,7.568999767303468,1.807999968528748
18.78300094604492,7.234000205993652,2.2100000381469727
18.71199989318848,8.104999542236326,3.3489999771118164
18.149999618530277,7.166999816894531,1.6740000247955322
18.78300094604492,7.434999942779541,2.1429998874664307
17.305000305175778,9.376999855041504,3.0810000896453857
18.43099975585937,9.109000205993652,2.880000114440918
17.516000747680664,9.109000205993652,2.812999963760376
16.812999725341793,8.975000381469727,2.880000114440918
17.02400016784668,9.376999855041504,3.1480000019073486
16.882999420166016,10.449000358581545,3.3489999771118164
15.687000274658203,11.788000106811523,3.818000078201294
19.06399917602539,5.960999965667725,3.013999938964844
18.149999618530277,-0.6700000166893005,3.549999952316284
19.06399917602539,-5.625999927520752,4.956999778747559
19.90800094604492,-8.706999778747559,4.822999954223633
18.64200019836425,-10.515999794006348,4.889999866485597
19.48600006103516,-13.597000122070312,4.019000053405762
20.54100036621093,-14.668999671936035,3.013999938964844
22.3700008392334,-15.270999908447266,1.875
23.917999267578125,-11.720999717712402,1.0049999952316284
25.11400032043457,-7.234000205993652,0.4020000100135803
24.34000015258789,0.6029999852180481,0.4020000100135803
23.917999267578125,5.090000152587892,0.06700000166893
20.75200080871582,6.564000129699707,0.2680000066757202
20.400999069213867,7.166999816894531,0.3350000083446503
20.048999786376957,6.296000003814697,0.2680000066757202
19.62700080871582,5.425000190734863,0.06700000166893
19.34499931335449,8.371999740600586,2.075999975204468
19.20499992370605,11.588000297546388,3.3489999771118164
19.274999618530277,10.91800022125244,2.611999988555908
19.274999618530277,10.3149995803833,2.5450000762939453
18.71199989318848,10.784000396728516,2.678999900817871
18.149999618530277,10.449000358581545,2.2100000381469727
17.656999588012695,11.45400047302246,2.344000101089477
16.601999282836914,12.055999755859377,2.611999988555908
16.038999557495114,4.2199997901916495,1.6740000247955322
15.758000373840332,-0.06700000166893,1.0049999952316284
16.743000030517578,-2.812999963760376,0.6029999852180481
17.375999450683597,-9.51099967956543,1.0049999952316284
18.07900047302246,0.6029999852180481,0.0
18.92300033569336,-1.0049999952316284,-0.2680000066757202
18.78300094604492,0.6029999852180481,0.0
20.190000534057614,2.344000101089477,0.1340000033378601
19.48600006103516,2.880000114440918,0.2010000050067901
16.180000305175778,4.75600004196167,0.1340000033378601
18.07900047302246,5.223999977111816,0.2010000050067901
17.235000610351562,5.894000053405763,0.06700000166893
15.54699993133545,6.09499979019165,0.06700000166893
14.42099952697754,6.36299991607666,0.2680000066757202
15.406000137329102,5.425000190734863,0.06700000166893
14.984000205993652,5.0229997634887695,0.2680000066757202
15.125,5.357999801635742,0.3350000083446503
14.70300006866455,6.162000179290772,0.6700000166893005
13.647000312805176,5.559000015258789,0.6029999852180481
12.732999801635742,5.960999965667725,0.9380000233650208
12.170000076293944,5.760000228881836,0.8709999918937683
12.310999870300291,5.894000053405763,0.9380000233650208
12.170000076293944,5.894000053405763,0.6029999852180481
11.467000007629396,8.104999542236326,1.2730000019073486
11.326000213623049,6.497000217437744,0.8709999918937683
6.823999881744385,6.429999828338622,1.0049999952316284
9.074999809265137,4.48799991607666,0.6700000166893005
10.552000045776367,5.357999801635742,0.7369999885559082
8.51200008392334,4.421000003814697,0.5360000133514404
10.0600004196167,1.9420000314712524,-0.1340000033378601
9.425999641418455,2.746000051498413,0.06700000166893
7.315999984741211,3.750999927520752,0.2680000066757202
9.28600025177002,4.956999778747559,0.6700000166893005
9.003999710083008,5.559000015258789,0.6029999852180481
9.496999740600586,6.831999778747559,0.4020000100135803
9.56700038909912,6.2290000915527335,0.0
11.114999771118164,6.63100004196167,0.1340000033378601
11.395999908447266,6.36299991607666,0.2680000066757202
11.888999938964846,5.692999839782715,0.2680000066757202
11.678000450134276,4.889999866485597,0.06700000166893
12.522000312805176,5.692999839782715,0.3350000083446503
11.817999839782717,6.296000003814697,0.9380000233650208
11.678000450134276,6.162000179290772,0.9380000233650208
11.678000450134276,6.027999877929688,1.0720000267028809
11.395999908447266,5.090000152587892,0.4020000100135803
11.326000213623049,5.692999839782715,0.6029999852180481
11.255999565124512,7.434999942779541,0.8040000200271606
10.904000282287598,7.97100019454956,1.0049999952316284
11.467000007629396,5.827000141143799,0.7369999885559082
12.029000282287598,4.019000053405762,0.6700000166893005
12.029000282287598,2.009000062942505,0.8709999918937683
11.817999839782717,0.06700000166893,0.7369999885559082
12.592000007629396,-2.880000114440918,0.6029999852180481
13.154999732971191,-5.960999965667725,0.0
13.435999870300291,-9.779000282287598,0.6700000166893005
14.35099983215332,-2.9470000267028813,0.4020000100135803
14.491000175476074,-0.7369999885559082,0.4020000100135803
14.631999969482422,-1.1390000581741333,0.4020000100135803
14.279999732971191,2.5450000762939453,0.3350000083446503
13.57699966430664,5.492000102996826,0.1340000033378601
13.366000175476074,6.2290000915527335,0.0
13.085000038146973,6.764999866485598,0.2680000066757202
12.661999702453612,5.692999839782715,0.06700000166893
12.732999801635742,4.889999866485597,0.06700000166893
12.944000244140623,5.425000190734863,0.6700000166893005
12.732999801635742,7.434999942779541,1.1390000581741333
9.28600025177002,6.697999954223633,1.1390000581741333
10.973999977111816,8.038000106811522,1.6080000400543213
10.130000114440918,7.434999942779541,1.4739999771118164
12.239999771118164,6.497000217437744,0.8709999918937683
12.87399959564209,8.640000343322754,1.2730000019073486
9.637999534606934,9.041999816894531,0.8709999918937683
9.074999809265137,7.501999855041504,0.6700000166893005
13.085000038146973,4.889999866485597,0.8709999918937683
12.944000244140623,4.152999877929688,0.2010000050067901
13.857999801635742,5.1570000648498535,0.9380000233650208
14.491000175476074,4.019000053405762,0.6700000166893005
14.77299976348877,-3.3489999771118164,0.8709999918937683
14.913999557495115,-1.6080000400543213,1.741000056266785
15.19499969482422,0.2680000066757202,0.9380000233650208
15.265000343322756,0.1340000033378601,0.7369999885559082
15.968999862670898,0.3350000083446503,0.6700000166893005
15.616999626159668,6.497000217437744,0.4020000100135803
15.053999900817873,6.162000179290772,0.0
16.180000305175778,6.697999954223633,0.06700000166893
17.02400016784668,6.497000217437744,0.0
17.093999862670902,5.425000190734863,0.0
16.95400047302246,5.090000152587892,0.0
17.165000915527347,9.109000205993652,1.741000056266785
16.812999725341793,9.3100004196167,2.880000114440918
16.461000442504886,9.175999641418455,1.9420000314712524
16.531999588012695,8.640000343322754,1.807999968528748
16.180000305175778,8.371999740600586,1.2730000019073486
14.843000411987305,7.434999942779541,1.6740000247955322
13.928999900817873,11.788000106811523,2.611999988555908
15.82800006866455,10.449000358581545,2.009000062942505
16.391000747680664,4.956999778747559,3.282000064849853
18.21999931335449,-0.4020000100135803,4.48799991607666
16.601999282836914,-8.104999542236326,4.2199997901916495
16.743000030517578,-9.444000244140623,4.3540000915527335
17.305000305175778,-12.927000045776367,5.290999889373778
17.79800033569336,-18.01799964904785,6.564000129699707
18.85300064086914,-17.683000564575195,7.099999904632568
19.62700080871582,-1.9420000314712524,2.678999900817871
19.62700080871582,-4.287000179290772,3.282000064849853
19.06399917602539,-2.344000101089477,3.013999938964844
19.97900009155273,1.6080000400543213,2.2100000381469727
20.26000022888184,5.290999889373778,1.5410000085830688
18.78300094604492,6.2290000915527335,0.8709999918937683
18.07900047302246,6.764999866485598,1.4739999771118164
17.165000915527347,6.09499979019165,1.406999945640564
16.672000885009766,5.960999965667725,1.2730000019073486
16.812999725341793,6.162000179290772,1.807999968528748
16.108999252319336,7.769999980926514,2.4110000133514404
16.108999252319336,7.166999816894531,2.344000101089477
15.616999626159668,7.97100019454956,2.678999900817871
15.47599983215332,5.894000053405763,2.1429998874664307
15.82800006866455,5.960999965667725,1.875
15.47599983215332,6.89900016784668,1.741000056266785
16.038999557495114,7.903999805450439,2.2769999504089355
16.25,4.689000129699707,3.2149999141693115
15.54699993133545,-1.4739999771118164,3.0810000896453857
15.82800006866455,-6.162000179290772,3.95199990272522
16.812999725341793,-8.505999565124513,4.622000217437744
17.586999893188473,-11.788000106811523,5.492000102996826
19.62700080871582,-11.520999908447266,4.019000053405762
19.76799964904785,-8.371999740600586,3.884999990463257
20.11899948120117,-2.2769999504089355,3.0810000896453857
19.41600036621093,0.06700000166893,2.477999925613404
19.69700050354004,0.6029999852180481,2.009000062942505
19.76799964904785,4.152999877929688,1.9420000314712524
14.77299976348877,6.09499979019165,1.807999968528748
15.336000442504885,6.497000217437744,1.9420000314712524
15.758000373840332,6.764999866485598,2.2769999504089355
15.616999626159668,5.894000053405763,1.875
15.687000274658203,5.827000141143799,2.344000101089477
17.02400016784668,6.697999954223633,2.477999925613404
16.320999145507812,6.966000080108643,2.812999963760376
16.95400047302246,7.703000068664551,2.2769999504089355
14.631999969482422,6.764999866485598,2.812999963760376
14.562000274658203,5.960999965667725,2.4110000133514404
14.210000038146973,7.368000030517577,2.812999963760376
13.788000106811523,9.041999816894531,2.812999963760376
15.82800006866455,9.51099967956543,3.1480000019073486
17.02400016784668,7.769999980926514,3.0810000896453857
18.009000778198242,5.692999839782715,2.746000051498413
18.43099975585937,0.8040000200271606,2.009000062942505
18.009000778198242,-1.2059999704360962,1.807999968528748
18.21999931335449,0.3350000083446503,1.6080000400543213
18.78300094604492,-2.344000101089477,1.0049999952316284
18.78300094604492,-5.492000102996826,1.5410000085830688
19.41600036621093,-7.836999893188477,1.6740000247955322
19.06399917602539,-3.95199990272522,2.075999975204468
18.78300094604492,1.0720000267028809,1.6080000400543213
19.274999618530277,3.617000102996826,1.807999968528748
18.57200050354004,5.090000152587892,1.2730000019073486
17.868000030517578,6.027999877929688,1.2730000019073486
17.445999145507812,6.497000217437744,1.406999945640564
17.656999588012695,5.760000228881836,1.4739999771118164
17.375999450683597,7.501999855041504,2.880000114440918
16.743000030517578,8.305999755859375,3.013999938964844
17.02400016784668,11.119000434875488,3.95199990272522
16.108999252319336,10.583000183105469,3.818000078201294
15.82800006866455,11.185999870300291,4.152999877929688
15.687000274658203,11.185999870300291,4.75600004196167
15.968999862670898,11.253000259399414,4.421000003814697
13.435999870300291,7.703000068664551,2.344000101089477
14.491000175476074,9.243000030517578,2.880000114440918
13.57699966430664,9.109000205993652,3.282000064849853
12.522000312805176,5.692999839782715,2.2100000381469727
13.366000175476074,5.223999977111816,2.2769999504089355
14.491000175476074,5.090000152587892,2.075999975204468
14.210000038146973,5.692999839782715,2.009000062942505
15.265000343322756,2.880000114440918,1.3400000333786009
15.336000442504885,3.95199990272522,1.875
15.54699993133545,4.287000179290772,1.9420000314712524
17.165000915527347,4.554999828338623,2.075999975204468
16.882999420166016,4.0859999656677255,1.807999968528748
16.743000030517578,6.89900016784668,1.875
13.57699966430664,6.027999877929688,1.406999945640564
12.661999702453612,5.760000228881836,1.2730000019073486
12.944000244140623,5.960999965667725,1.406999945640564
15.758000373840332,5.0229997634887695,1.3400000333786009
15.89799976348877,5.357999801635742,1.3400000333786009
15.406000137329102,6.697999954223633,2.880000114440918
14.210000038146973,8.038000106811522,2.880000114440918
12.522000312805176,7.501999855041504,3.0810000896453857
11.748000144958494,7.769999980926514,2.880000114440918
10.692999839782717,7.568999767303468,3.013999938964844
11.326000213623049,8.439000129699707,2.678999900817871
10.973999977111816,9.51099967956543,3.6840000152587886
10.692999839782717,8.371999740600586,3.013999938964844
11.255999565124512,7.0329999923706055,2.812999963760376
11.817999839782717,2.1429998874664307,2.344000101089477
12.100000381469728,-5.090000152587892,2.678999900817871
12.310999870300291,-13.26200008392334,2.746000051498413
13.29599952697754,-15.472000122070312,3.41599988937378
13.857999801635742,-18.687000274658203,3.0810000896453857
14.562000274658203,-17.816999435424805,3.3489999771118164
16.601999282836914,-14.668999671936035,3.2149999141693115
18.71199989318848,-10.717000007629396,2.880000114440918
20.32999992370605,-5.894000053405763,2.009000062942505
19.83799934387207,1.875,1.6080000400543213
19.48600006103516,5.559000015258789,1.4739999771118164
18.57200050354004,6.429999828338622,1.6080000400543213
18.07900047302246,6.697999954223633,1.6080000400543213
18.149999618530277,5.760000228881836,1.6080000400543213
17.656999588012695,4.75600004196167,1.406999945640564
17.445999145507812,5.223999977111816,1.9420000314712524
18.009000778198242,7.301000118255615,2.5450000762939453
17.79800033569336,7.769999980926514,2.344000101089477
17.586999893188473,7.636000156402588,2.746000051498413
17.586999893188473,7.166999816894531,2.746000051498413
17.235000610351562,6.89900016784668,2.9470000267028813
16.882999420166016,9.041999816894531,3.013999938964844
16.882999420166016,9.243000030517578,3.2149999141693115
17.868000030517578,3.1480000019073486,2.4110000133514404
17.937999725341797,-4.2199997901916495,2.2100000381469727
17.516000747680664,-9.57800006866455,2.5450000762939453
17.868000030517578,-12.859999656677244,2.880000114440918
19.20499992370605,-14.869999885559082,3.2149999141693115
18.78300094604492,-17.951000213623047,2.880000114440918
20.47100067138672,-17.14699935913086,3.3489999771118164
21.87800025939941,-14.333999633789062,3.2149999141693115
22.58099937438965,-11.253000259399414,2.746000051498413
23.42600059509277,-5.625999927520752,2.009000062942505
21.87800025939941,3.0810000896453857,1.6740000247955322
21.66699981689453,4.822999954223633,1.2730000019073486
20.47100067138672,6.09499979019165,1.406999945640564
20.11899948120117,6.429999828338622,1.3400000333786009
21.173999786376957,5.760000228881836,1.5410000085830688
20.32999992370605,4.75600004196167,1.3400000333786009
20.32999992370605,5.1570000648498535,1.6080000400543213
20.11899948120117,7.501999855041504,2.746000051498413
19.55599975585937,6.63100004196167,2.2769999504089355
19.69700050354004,5.760000228881836,2.2100000381469727
19.41600036621093,6.027999877929688,2.5450000762939453
20.048999786376957,6.697999954223633,2.5450000762939453
19.90800094604492,7.434999942779541,2.2769999504089355
19.20499992370605,7.368000030517577,3.0810000896453857
20.32999992370605,4.48799991607666,1.807999968528748
20.54100036621093,-0.2010000050067901,1.6080000400543213
20.68199920654297,-0.4690000116825104,1.741000056266785
22.51099967956543,-5.357999801635742,1.406999945640564
22.229999542236328,-13.463000297546388,2.812999963760376
22.44099998474121,-13.597000122070312,1.9420000314712524
22.65200042724609,-11.31999969482422,1.4739999771118164
25.18400001525879,-3.282000064849853,1.3400000333786009
23.28499984741211,2.2100000381469727,1.406999945640564
21.10400009155273,3.4830000400543213,1.9420000314712524
17.305000305175778,6.764999866485598,1.6740000247955322
18.21999931335449,5.625999927520752,1.3400000333786009
18.43099975585937,5.960999965667725,1.3400000333786009
18.78300094604492,6.2290000915527335,1.2730000019073486
18.21999931335449,5.223999977111816,1.3400000333786009
14.35099983215332,4.689000129699707,1.3400000333786009
14.70300006866455,4.421000003814697,1.3400000333786009
17.445999145507812,8.640000343322754,2.746000051498413
17.656999588012695,9.175999641418455,2.9470000267028813
14.984000205993652,7.301000118255615,2.4110000133514404
9.708000183105469,7.903999805450439,2.812999963760376
8.51200008392334,9.845999717712402,3.0810000896453857
7.526999950408935,9.376999855041504,2.746000051498413
12.732999801635742,9.109000205993652,2.344000101089477
14.562000274658203,7.434999942779541,1.807999968528748
13.788000106811523,4.019000053405762,1.3400000333786009
11.748000144958494,3.0810000896453857,1.2730000019073486
15.616999626159668,2.477999925613404,1.3400000333786009
15.616999626159668,-16.611000061035153,3.0810000896453857
16.531999588012695,-17.14699935913086,1.2730000019073486
17.937999725341797,-18.753999710083008,2.2769999504089355
19.69700050354004,-12.524999618530272,1.807999968528748
21.808000564575195,-13.529999732971191,2.009000062942505
22.863000869750977,-4.956999778747559,1.2059999704360962
21.808000564575195,-0.8709999918937683,1.2730000019073486
21.525999069213867,4.622000217437744,1.2730000019073486
19.48600006103516,5.827000141143799,1.6080000400543213
18.85300064086914,7.099999904632568,1.9420000314712524
18.64200019836425,6.36299991607666,1.807999968528748
17.726999282836914,5.492000102996826,1.6740000247955322
17.445999145507812,4.889999866485597,1.6080000400543213
16.95400047302246,4.75600004196167,1.3400000333786009
16.882999420166016,4.48799991607666,1.4739999771118164
15.82800006866455,4.956999778747559,1.741000056266785
15.89799976348877,4.48799991607666,1.6740000247955322
16.038999557495114,4.622000217437744,1.4739999771118164
15.89799976348877,6.162000179290772,1.6740000247955322
16.25,5.960999965667725,1.807999968528748
17.235000610351562,0.2680000066757202,1.4739999771118164
18.64200019836425,-5.692999839782715,1.9420000314712524
17.02400016784668,-10.583000183105469,2.2769999504089355
16.601999282836914,-13.663999557495115,2.678999900817871
18.21999931335449,-15.20400047302246,3.1480000019073486
18.290000915527344,-17.683000564575195,6.764999866485598
20.54100036621093,-16.945999145507812,7.099999904632568
21.173999786376957,-14.736000061035154,6.027999877929688
23.847999572753903,-11.052000045776367,2.2769999504089355
23.917999267578125,-5.827000141143799,3.884999990463257
24.05900001525879,1.2730000019073486,1.875
23.917999267578125,5.760000228881836,1.807999968528748
22.15900039672852,6.697999954223633,1.807999968528748
21.03400039672852,7.703000068664551,2.075999975204468
21.525999069213867,6.564000129699707,1.875
20.82299995422364,5.559000015258789,1.807999968528748
20.61199951171875,5.1570000648498535,1.6740000247955322
20.47100067138672,4.2199997901916495,1.406999945640564
20.11899948120117,4.0859999656677255,1.3400000333786009
17.516000747680664,3.884999990463257,1.2730000019073486
16.461000442504886,3.95199990272522,1.3400000333786009
15.82800006866455,3.95199990272522,1.2730000019073486
15.687000274658203,5.492000102996826,1.3400000333786009
16.461000442504886,4.689000129699707,1.2730000019073486
16.812999725341793,1.807999968528748,1.4739999771118164
17.235000610351562,-3.282000064849853,1.807999968528748
17.02400016784668,-8.907999992370605,2.2100000381469727
17.937999725341797,-10.381999969482422,2.2769999504089355
18.43099975585937,-10.248000144958496,2.880000114440918
18.57200050354004,-15.003999710083008,2.2769999504089355
18.85300064086914,-14.60200023651123,2.4110000133514404
19.274999618530277,-7.434999942779541,1.807999968528748
19.06399917602539,1.2059999704360962,1.6740000247955322
18.009000778198242,2.009000062942505,1.4739999771118164
17.165000915527347,6.09499979019165,1.6080000400543213
15.968999862670898,5.760000228881836,1.4739999771118164
15.968999862670898,5.894000053405763,1.406999945640564
16.461000442504886,6.764999866485598,1.6740000247955322
16.180000305175778,5.625999927520752,1.4739999771118164
15.758000373840332,6.697999954223633,2.1429998874664307
15.89799976348877,6.162000179290772,1.9420000314712524
15.125,9.243000030517578,3.2149999141693115
14.279999732971191,9.109000205993652,3.2149999141693115
13.718000411987305,9.175999641418455,3.0810000896453857
13.506999969482422,8.572999954223633,2.9470000267028813
13.29599952697754,9.779000282287598,3.41599988937378
13.435999870300291,10.717000007629396,3.2149999141693115
14.491000175476074,10.984999656677246,3.282000064849853
15.265000343322756,6.429999828338622,2.880000114440918
15.54699993133545,0.6029999852180481,1.807999968528748
14.70300006866455,-1.2059999704360962,1.6740000247955322
14.562000274658203,-1.5410000085830688,1.9420000314712524
15.687000274658203,0.8709999918937683,2.2100000381469727
17.235000610351562,2.812999963760376,1.2730000019073486
12.661999702453612,1.875,1.4739999771118164
14.631999969482422,3.0810000896453857,1.5410000085830688
13.085000038146973,2.880000114440918,1.6080000400543213
16.108999252319336,3.750999927520752,1.3400000333786009
14.70300006866455,6.2290000915527335,1.4739999771118164
14.843000411987305,5.760000228881836,1.2730000019073486
13.99899959564209,5.559000015258789,1.1390000581741333
13.29599952697754,5.894000053405763,1.2059999704360962
13.013999938964846,5.1570000648498535,1.1390000581741333
13.085000038146973,4.822999954223633,1.0049999952316284
12.944000244140623,5.090000152587892,1.3400000333786009
13.435999870300291,4.0859999656677255,1.0720000267028809
13.435999870300291,4.75600004196167,1.2730000019073486
13.928999900817873,4.822999954223633,1.3400000333786009
13.928999900817873,5.223999977111816,1.2730000019073486
13.154999732971191,5.425000190734863,1.1390000581741333
13.366000175476074,6.2290000915527335,1.2059999704360962
13.225000381469728,5.625999927520752,0.8040000200271606
13.928999900817873,1.4739999771118164,1.2059999704360962
14.913999557495115,-4.152999877929688,1.406999945640564
14.70300006866455,-9.3100004196167,1.6740000247955322
14.984000205993652,-11.92199993133545,3.282000064849853
16.038999557495114,-14.267000198364258,2.9470000267028813
16.461000442504886,-16.142000198364258,2.880000114440918
17.656999588012695,-15.67300033569336,2.2769999504089355
19.62700080871582,-14.401000022888184,1.741000056266785
20.82299995422364,-10.984999656677246,1.6740000247955322
21.87800025939941,-1.4739999771118164,1.6080000400543213
20.82299995422364,0.8709999918937683,1.4739999771118164
20.54100036621093,4.889999866485597,1.406999945640564
18.500999450683597,6.564000129699707,1.2059999704360962
18.92300033569336,6.966000080108643,1.2059999704360962
18.64200019836425,5.760000228881836,0.8709999918937683
18.21999931335449,5.223999977111816,0.7369999885559082
18.149999618530277,4.689000129699707,0.7369999885559082
17.305000305175778,4.48799991607666,0.8709999918937683
16.95400047302246,5.0229997634887695,1.6080000400543213
16.743000030517578,6.2290000915527335,1.6740000247955322
16.601999282836914,6.831999778747559,2.1429998874664307
15.89799976348877,7.301000118255615,2.611999988555908
16.25,8.975000381469727,2.9470000267028813
15.687000274658203,9.109000205993652,2.477999925613404
17.868000030517578,5.1570000648498535,3.2149999141693115
19.90800094604492,-2.2769999504089355,2.075999975204468
19.48600006103516,-8.439000129699707,1.0720000267028809
19.90800094604492,-8.371999740600586,4.0859999656677255
18.99399948120117,-10.583000183105469,4.0859999656677255
18.149999618530277,-14.199999809265137,3.3489999771118164
19.20499992370605,-13.597000122070312,3.750999927520752
21.45599937438965,-12.055999755859377,3.282000064849853
22.79199981689453,-9.041999816894531,3.013999938964844
23.42600059509277,-5.290999889373778,2.075999975204468
22.72200012207031,2.009000062942505,2.2100000381469727
21.315000534057614,5.760000228881836,1.0049999952316284
20.82299995422364,6.36299991607666,1.3400000333786009
19.97900009155273,7.166999816894531,1.3400000333786009
19.06399917602539,6.564000129699707,1.2730000019073486
18.99399948120117,6.2290000915527335,2.477999925613404
18.21999931335449,5.625999927520752,2.2769999504089355
18.009000778198242,6.497000217437744,2.477999925613404
17.445999145507812,5.090000152587892,2.1429998874664307
17.235000610351562,4.822999954223633,1.3400000333786009
16.531999588012695,5.425000190734863,2.2769999504089355
17.165000915527347,5.827000141143799,2.2100000381469727
16.812999725341793,7.703000068664551,2.075999975204468
16.320999145507812,5.625999927520752,1.406999945640564
16.391000747680664,4.2199997901916495,3.549999952316284
16.672000885009766,-1.3400000333786009,3.884999990463257
17.375999450683597,-6.027999877929688,3.3489999771118164
18.92300033569336,-9.376999855041504,3.95199990272522
20.47100067138672,-12.859999656677244,3.617000102996826
21.38500022888184,-13.79800033569336,3.549999952316284
21.808000564575195,-12.927000045776367,4.287000179290772
23.988000869750977,-6.429999828338622,4.019000053405762
23.42600059509277,-7.97100019454956,3.282000064849853
25.18400001525879,-5.1570000648498535,2.477999925613404
24.34000015258789,1.2730000019073486,2.1429998874664307
22.018999099731445,5.894000053405763,1.4739999771118164
21.525999069213867,6.966000080108643,1.5410000085830688
20.32999992370605,7.368000030517577,1.3400000333786009
19.41600036621093,6.966000080108643,1.4739999771118164
18.71199989318848,5.760000228881836,2.1429998874664307
18.500999450683597,5.492000102996826,2.344000101089477
18.36100006103516,7.836999893188477,2.5450000762939453
18.21999931335449,8.371999740600586,2.746000051498413
18.290000915527344,8.305999755859375,2.880000114440918
18.009000778198242,7.703000068664551,2.678999900817871
16.672000885009766,9.041999816894531,2.344000101089477
16.743000030517578,7.769999980926514,2.075999975204468
16.25,7.769999980926514,2.1429998874664307
15.758000373840332,6.831999778747559,3.0810000896453857
16.180000305175778,-0.2010000050067901,2.5450000762939453
17.656999588012695,-0.8709999918937683,1.9420000314712524
17.586999893188473,2.678999900817871,2.9470000267028813
18.07900047302246,2.812999963760376,2.477999925613404
18.71199989318848,-0.6029999852180481,1.807999968528748
19.97900009155273,-3.617000102996826,2.075999975204468
20.190000534057614,1.1390000581741333,2.812999963760376
19.76799964904785,-2.880000114440918,2.4110000133514404
19.274999618530277,0.4020000100135803,1.406999945640564
19.62700080871582,5.492000102996826,1.4739999771118164
19.69700050354004,4.689000129699707,1.406999945640564
19.62700080871582,6.2290000915527335,1.2059999704360962
18.57200050354004,7.099999904632568,1.3400000333786009
17.656999588012695,6.2290000915527335,1.1390000581741333
17.586999893188473,6.2290000915527335,2.2769999504089355
17.235000610351562,5.559000015258789,1.6740000247955322
17.02400016784668,6.89900016784668,2.477999925613404
17.02400016784668,7.636000156402588,2.678999900817871
16.882999420166016,7.769999980926514,2.746000051498413
16.180000305175778,8.572999954223633,2.812999963760376
17.165000915527347,5.827000141143799,1.6740000247955322
16.108999252319336,8.104999542236326,1.9420000314712524
16.601999282836914,8.038000106811522,2.812999963760376
16.320999145507812,2.880000114440918,2.4110000133514404
17.235000610351562,-1.6080000400543213,2.1429998874664307
20.11899948120117,-5.290999889373778,2.611999988555908
20.54100036621093,-8.572999954223633,3.3489999771118164
21.38500022888184,3.617000102996826,1.875
21.45599937438965,-0.3350000083446503,1.807999968528748
22.15900039672852,-9.51099967956543,1.807999968528748
22.863000869750977,-10.180999755859377,2.2769999504089355
24.270000457763672,-6.2290000915527335,1.741000056266785
24.12899971008301,1.2059999704360962,1.6080000400543213
21.597000122070312,4.3540000915527335,2.1429998874664307
22.018999099731445,5.559000015258789,1.807999968528748
21.73699951171875,6.36299991607666,2.075999975204468
20.47100067138672,7.166999816894531,2.009000062942505
20.54100036621093,6.027999877929688,1.5410000085830688
20.190000534057614,5.425000190734863,1.5410000085830688
20.11899948120117,4.75600004196167,1.3400000333786009
19.62700080871582,6.764999866485598,1.875
19.34499931335449,6.429999828338622,1.875
19.41600036621093,6.429999828338622,1.9420000314712524
17.937999725341797,6.564000129699707,1.9420000314712524
16.672000885009766,6.564000129699707,2.009000062942505
16.882999420166016,9.845999717712402,2.812999963760376
15.47599983215332,6.497000217437744,2.2100000381469727
16.672000885009766,4.48799991607666,2.477999925613404
17.868000030517578,-2.009000062942505,2.2769999504089355
17.726999282836914,-7.234000205993652,2.678999900817871
18.500999450683597,-9.444000244140623,2.9470000267028813
19.41600036621093,-9.109000205993652,3.617000102996826
20.190000534057614,-13.395999908447266,3.0810000896453857
21.315000534057614,-14.267000198364258,2.678999900817871
22.44099998474121,-12.1899995803833,3.013999938964844
23.49600028991699,-9.109000205993652,2.5450000762939453
23.707000732421875,-4.2199997901916495,2.2769999504089355
22.44099998474121,1.807999968528748,2.009000062942505
22.15900039672852,5.425000190734863,1.9420000314712524
21.66699981689453,6.497000217437744,1.741000056266785
20.75200080871582,7.099999904632568,1.807999968528748
19.76799964904785,6.162000179290772,1.741000056266785
19.274999618530277,6.296000003814697,1.6080000400543213
18.71199989318848,6.2290000915527335,2.009000062942505
18.009000778198242,4.622000217437744,1.5410000085830688
17.586999893188473,4.75600004196167,1.807999968528748
17.305000305175778,5.0229997634887695,1.741000056266785
16.601999282836914,5.223999977111816,1.807999968528748
15.968999862670898,5.357999801635742,1.741000056266785
16.25,7.568999767303468,2.1429998874664307
15.616999626159668,7.903999805450439,2.344000101089477
15.89799976348877,4.421000003814697,2.344000101089477
16.812999725341793,-1.2059999704360962,2.880000114440918
17.305000305175778,-4.622000217437744,2.344000101089477
18.07900047302246,-8.23900032043457,2.678999900817871
18.99399948120117,-10.85099983215332,3.013999938964844
19.41600036621093,-13.597000122070312,2.880000114440918
21.808000564575195,-13.26200008392334,5.625999927520752
23.988000869750977,-8.505999565124513,2.2100000381469727
24.90299987792969,-8.171999931335451,2.5450000762939453
25.395000457763672,-2.812999963760376,2.075999975204468
24.481000900268555,4.48799991607666,2.009000062942505
24.270000457763672,4.2199997901916495,1.0049999952316284
14.35099983215332,4.822999954223633,0.8709999918937683
16.320999145507812,5.559000015258789,0.8040000200271606
18.290000915527344,5.960999965667725,1.3400000333786009
19.41600036621093,5.357999801635742,1.2059999704360962
18.57200050354004,5.223999977111816,1.6080000400543213
18.290000915527344,7.769999980926514,2.009000062942505
18.21999931335449,7.568999767303468,2.4110000133514404
18.85300064086914,7.234000205993652,2.075999975204468
19.62700080871582,7.234000205993652,2.009000062942505
19.34499931335449,5.827000141143799,1.6740000247955322
18.21999931335449,9.376999855041504,2.477999925613404
14.35099983215332,10.04699993133545,2.5450000762939453
15.82800006866455,5.894000053405763,1.875
11.958999633789062,4.689000129699707,1.5410000085830688
10.973999977111816,4.689000129699707,2.075999975204468
10.340999603271484,5.492000102996826,1.875
10.270999908447266,5.223999977111816,1.6080000400543213
14.35099983215332,2.4110000133514404,1.2059999704360962
12.944000244140623,3.818000078201294,1.406999945640564
10.482000350952148,2.880000114440918,1.3400000333786009
11.467000007629396,2.746000051498413,1.2059999704360962
9.918999671936035,3.750999927520752,1.3400000333786009
13.154999732971191,5.425000190734863,1.4739999771118164
14.631999969482422,5.357999801635742,1.3400000333786009
14.491000175476074,5.625999927520752,1.406999945640564
13.788000106811523,5.760000228881836,1.4739999771118164
14.35099983215332,5.223999977111816,1.2730000019073486
13.225000381469728,4.48799991607666,1.2730000019073486
12.380999565124512,4.287000179290772,1.2730000019073486
12.592000007629396,3.750999927520752,1.1390000581741333
13.366000175476074,3.4830000400543213,0.9380000233650208
13.57699966430664,3.3489999771118164,0.9380000233650208
13.718000411987305,3.4830000400543213,1.1390000581741333
13.506999969482422,3.617000102996826,1.1390000581741333
12.029000282287598,4.622000217437744,1.0049999952316284
13.366000175476074,6.89900016784668,2.4110000133514404
14.279999732971191,7.099999904632568,2.009000062942505
14.35099983215332,3.013999938964844,2.5450000762939453
14.913999557495115,2.9470000267028813,2.9470000267028813
15.053999900817873,-12.390999794006348,3.0810000896453857
16.25,-13.128000259399414,3.549999952316284
17.165000915527347,-16.208999633789062,4.956999778747559
17.165000915527347,-12.859999656677244,3.549999952316284
18.92300033569336,-9.913000106811523,3.282000064849853
20.47100067138672,-5.357999801635742,2.678999900817871
19.274999618530277,-0.6029999852180481,1.5410000085830688
17.726999282836914,5.1570000648498535,1.875
18.36100006103516,5.090000152587892,1.0720000267028809
17.656999588012695,6.296000003814697,0.9380000233650208
17.093999862670902,6.764999866485598,1.0720000267028809
16.743000030517578,6.09499979019165,0.9380000233650208
16.812999725341793,5.760000228881836,1.6740000247955322
16.108999252319336,5.090000152587892,1.741000056266785
16.108999252319336,8.706999778747559,2.812999963760376
16.25,8.23900032043457,2.477999925613404
15.758000373840332,8.104999542236326,2.678999900817871
14.77299976348877,7.234000205993652,1.6080000400543213
15.19499969482422,6.697999954223633,1.6080000400543213
14.210000038146973,9.175999641418455,2.477999925613404
13.928999900817873,10.180999755859377,2.4110000133514404
17.235000610351562,2.2100000381469727,2.2100000381469727
16.743000030517578,-2.075999975204468,2.812999963760376
16.743000030517578,-6.89900016784668,3.41599988937378
17.516000747680664,-7.836999893188477,3.617000102996826
18.009000778198242,-3.41599988937378,3.2149999141693115
19.34499931335449,-7.301000118255615,2.075999975204468
18.71199989318848,-10.984999656677246,2.344000101089477
20.190000534057614,-2.344000101089477,2.5450000762939453
20.96299934387207,-1.6080000400543213,2.880000114440918
22.72200012207031,-4.48799991607666,1.9420000314712524
21.947999954223643,5.290999889373778,1.807999968528748
21.03400039672852,4.287000179290772,1.1390000581741333
19.97900009155273,5.894000053405763,1.1390000581741333
18.71199989318848,6.966000080108643,1.3400000333786009
18.21999931335449,5.827000141143799,1.0049999952316284
17.868000030517578,7.099999904632568,1.9420000314712524
16.95400047302246,6.36299991607666,2.477999925613404
17.516000747680664,6.89900016784668,2.477999925613404
17.726999282836914,6.36299991607666,2.4110000133514404
17.656999588012695,4.0859999656677255,1.3400000333786009
17.656999588012695,5.357999801635742,0.9380000233650208
16.461000442504886,6.296000003814697,1.807999968528748
17.235000610351562,8.104999542236326,1.875
17.235000610351562,8.371999740600586,3.6840000152587886
18.36100006103516,4.3540000915527335,2.344000101089477
17.656999588012695,-1.0049999952316284,2.2100000381469727
16.95400047302246,-6.2290000915527335,3.282000064849853
18.36100006103516,-9.109000205993652,3.617000102996826
18.92300033569336,-11.119000434875488,3.884999990463257
20.26000022888184,-13.529999732971191,3.41599988937378
20.89299964904785,-12.055999755859377,3.41599988937378
22.79199981689453,-10.649999618530272,3.750999927520752
24.481000900268555,-8.038000106811522,2.2769999504089355
24.55100059509277,-3.0810000896453857,2.009000062942505
25.04400062561035,3.549999952316284,2.1429998874664307
22.58099937438965,5.290999889373778,1.3400000333786009
20.61199951171875,6.36299991607666,1.807999968528748
19.76799964904785,7.0329999923706055,1.807999968528748
19.76799964904785,6.296000003814697,2.344000101089477
19.97900009155273,6.09499979019165,1.807999968528748
19.55599975585937,6.831999778747559,2.4110000133514404
19.34499931335449,6.497000217437744,2.009000062942505
18.99399948120117,7.434999942779541,2.2769999504089355
18.64200019836425,6.429999828338622,1.6080000400543213
18.009000778198242,7.568999767303468,3.013999938964844
18.43099975585937,7.636000156402588,2.812999963760376
17.868000030517578,7.903999805450439,2.477999925613404
18.07900047302246,8.305999755859375,2.2100000381469727
19.97900009155273,4.287000179290772,2.4110000133514404
21.525999069213867,-0.2010000050067901,3.549999952316284
20.61199951171875,-4.3540000915527335,3.750999927520752
21.2450008392334,-7.836999893188477,4.287000179290772
21.87800025939941,-8.975000381469727,4.287000179290772
20.54100036621093,-11.854999542236328,3.549999952316284
21.315000534057614,-11.788000106811523,3.818000078201294
23.00300025939941,-10.85099983215332,3.617000102996826
24.90299987792969,-7.636000156402588,3.6840000152587886
25.606000900268555,-3.2149999141693115,2.2769999504089355
25.816999435424805,3.3489999771118164,2.4110000133514404
23.847999572753903,6.497000217437744,2.880000114440918
20.89299964904785,7.0329999923706055,2.2100000381469727
20.75200080871582,7.501999855041504,1.9420000314712524
20.68199920654297,6.966000080108643,1.6080000400543213
20.400999069213867,7.568999767303468,2.009000062942505
20.400999069213867,7.234000205993652,2.075999975204468
20.11899948120117,10.583000183105469,3.750999927520752
19.69700050354004,8.706999778747559,3.41599988937378
19.76799964904785,9.444000244140623,3.3489999771118164
19.41600036621093,8.572999954223633,3.282000064849853
18.64200019836425,9.711999893188477,2.5450000762939453
18.71199989318848,9.243000030517578,2.9470000267028813
19.20499992370605,9.645000457763672,3.549999952316284
19.97900009155273,6.2290000915527335,4.019000053405762
21.2450008392334,0.3350000083446503,3.884999990463257
21.73699951171875,-4.554999828338623,4.2199997901916495
22.51099967956543,-6.429999828338622,4.152999877929688
23.143999099731445,-7.703000068664551,4.822999954223633
22.299999237060547,-11.588000297546388,4.152999877929688
22.863000869750977,-9.57800006866455,3.617000102996826
24.481000900268555,-8.038000106811522,4.019000053405762
25.535999298095703,-5.559000015258789,4.2199997901916495
25.746999740600582,-0.8709999918937683,2.9470000267028813
24.55100059509277,2.477999925613404,2.477999925613404
23.77700042724609,6.697999954223633,2.880000114440918
22.089000701904297,7.501999855041504,2.678999900817871
21.66699981689453,8.907999992370605,3.0810000896453857
20.400999069213867,7.903999805450439,2.746000051498413
19.41600036621093,8.171999931335451,3.4830000400543213
18.92300033569336,9.913000106811523,3.818000078201294
18.149999618530277,8.305999755859375,3.3489999771118164
17.868000030517578,8.171999931335451,4.0859999656677255
17.445999145507812,8.640000343322754,3.95199990272522
17.165000915527347,9.243000030517578,4.019000053405762
16.743000030517578,8.23900032043457,3.818000078201294
16.601999282836914,10.180999755859377,3.6840000152587886
17.02400016784668,10.11400032043457,3.6840000152587886
18.43099975585937,6.429999828338622,3.549999952316284
19.48600006103516,1.2059999704360962,4.2199997901916495
18.71199989318848,-4.2199997901916495,4.554999828338623
20.26000022888184,-7.166999816894531,3.6840000152587886
20.32999992370605,-8.706999778747559,4.287000179290772
21.73699951171875,-11.588000297546388,4.019000053405762
21.66699981689453,-10.515999794006348,4.689000129699707
24.34000015258789,-8.371999740600586,4.48799991607666
24.90299987792969,-3.617000102996826,3.6840000152587886
24.90299987792969,1.807999968528748,2.880000114440918
26.09900093078613,1.4739999771118164,1.807999968528748
25.18400001525879,6.63100004196167,2.678999900817871
22.018999099731445,7.234000205993652,2.344000101089477
20.82299995422364,8.572999954223633,2.4110000133514404
19.97900009155273,8.305999755859375,2.678999900817871
19.90800094604492,7.769999980926514,2.2100000381469727
19.41600036621093,8.77400016784668,2.477999925613404
18.92300033569336,10.91800022125244,3.95199990272522
18.92300033569336,11.052000045776367,3.750999927520752
19.20499992370605,11.31999969482422,3.818000078201294
18.99399948120117,9.041999816894531,2.611999988555908
18.36100006103516,11.119000434875488,3.3489999771118164
19.34499931335449,9.444000244140623,3.1480000019073486
19.76799964904785,9.243000030517578,3.282000064849853
19.41600036621093,5.760000228881836,3.013999938964844
20.26000022888184,1.9420000314712524,2.880000114440918
21.87800025939941,2.2769999504089355,3.3489999771118164
22.018999099731445,3.818000078201294,3.41599988937378
21.87800025939941,-4.019000053405762,3.549999952316284
21.73699951171875,-0.5360000133514404,2.477999925613404
22.089000701904297,-2.812999963760376,2.880000114440918
20.89299964904785,3.3489999771118164,3.0810000896453857
22.299999237060547,4.48799991607666,2.4110000133514404
22.58099937438965,6.697999954223633,2.477999925613404
21.947999954223643,6.697999954223633,2.075999975204468
21.2450008392334,6.697999954223633,2.2100000381469727
21.315000534057614,7.0329999923706055,2.1429998874664307
21.315000534057614,7.501999855041504,2.009000062942505
21.38500022888184,6.966000080108643,1.4739999771118164
21.45599937438965,7.099999904632568,2.344000101089477
21.173999786376957,6.831999778747559,2.1429998874664307
20.96299934387207,6.497000217437744,2.477999925613404
20.96299934387207,6.497000217437744,2.477999925613404
20.96299934387207,6.497000217437744,2.477999925613404
20.96299934387207,6.497000217437744,2.477999925613404
20.96299934387207,6.497000217437744,2.477999925613404
20.96299934387207,6.497000217437744,2.477999925613404
20.96299934387207,6.497000217437744,2.477999925613404
20.96299934387207,6.497000217437744,2.477999925613404
20.96299934387207,6.497000217437744,2.477999925613404
20.96299934387207,6.497000217437744,2.477999925613404
20.96299934387207,6.497000217437744,2.477999925613404
20.96299934387207,6.497000217437744,2.477999925613404
20.96299934387207,6.497000217437744,2.477999925613404
20.96299934387207,6.497000217437744,2.477999925613404
20.96299934387207,6.497000217437744,2.477999925613404
20.96299934387207,6.497000217437744,2.477999925613404
20.96299934387207,6.497000217437744,2.477999925613404
20.96299934387207,6.497000217437744,2.477999925613404
20.96299934387207,6.497000217437744,2.477999925613404
20.96299934387207,6.497000217437744,2.477999925613404
20.96299934387207,6.497000217437744,2.477999925613404
20.96299934387207,6.497000217437744,2.477999925613404
20.96299934387207,6.497000217437744,2.477999925613404
20.96299934387207,6.497000217437744,2.477999925613404
21.525999069213867,8.706999778747559,2.477999925613404
21.525999069213867,8.640000343322754,3.549999952316284
22.018999099731445,9.109000205993652,3.41599988937378
22.15900039672852,9.779000282287598,3.2149999141693115
22.018999099731445,10.381999969482422,4.2199997901916495
21.87800025939941,11.31999969482422,4.019000053405762
21.2450008392334,7.703000068664551,2.9470000267028813
22.51099967956543,7.368000030517577,3.3489999771118164
20.61199951171875,3.549999952316284,3.2149999141693115
21.73699951171875,1.0720000267028809,2.611999988555908
22.018999099731445,-3.013999938964844,3.2149999141693115
22.72200012207031,-11.788000106811523,3.282000064849853
22.933000564575195,-11.45400047302246,4.0859999656677255
23.49600028991699,-10.583000183105469,3.013999938964844
23.707000732421875,-1.406999945640564,2.812999963760376
24.832000732421875,-6.162000179290772,2.812999963760376
25.04400062561035,-1.9420000314712524,2.880000114440918
25.18400001525879,3.549999952316284,2.9470000267028813
24.19899940490723,5.894000053405763,2.746000051498413
23.143999099731445,8.572999954223633,2.678999900817871
23.00300025939941,10.04699993133545,2.746000051498413
22.018999099731445,8.975000381469727,2.5450000762939453
21.947999954223643,7.836999893188477,2.1429998874664307
15.616999626159668,6.429999828338622,1.875
17.726999282836914,9.3100004196167,3.3489999771118164
18.009000778198242,8.505999565124513,3.41599988937378
17.235000610351562,8.706999778747559,3.282000064849853
17.305000305175778,8.371999740600586,2.344000101089477
16.180000305175778,6.63100004196167,2.477999925613404
16.461000442504886,8.572999954223633,2.678999900817871
16.672000885009766,7.568999767303468,2.075999975204468
17.093999862670902,6.966000080108643,3.4830000400543213
16.882999420166016,2.009000062942505,2.477999925613404
17.305000305175778,-1.9420000314712524,2.880000114440918
18.43099975585937,-2.9470000267028813,4.3540000915527335
19.06399917602539,-5.357999801635742,3.617000102996826
19.20499992370605,-8.439000129699707,3.6840000152587886
20.048999786376957,-8.706999778747559,3.884999990463257
20.68199920654297,-6.429999828338622,4.0859999656677255
21.03400039672852,-3.6840000152587886,3.41599988937378
21.525999069213867,0.0,2.880000114440918
21.525999069213867,5.223999977111816,3.1480000019073486
20.96299934387207,5.960999965667725,1.3400000333786009
19.90800094604492,7.434999942779541,1.875
19.48600006103516,9.175999641418455,1.9420000314712524
18.92300033569336,8.840999603271484,2.075999975204468
18.500999450683597,11.119000434875488,3.617000102996826
17.868000030517578,8.77400016784668,3.2149999141693115
17.937999725341797,12.458000183105469,4.622000217437744
17.375999450683597,11.185999870300291,4.3540000915527335
17.586999893188473,8.305999755859375,2.9470000267028813
17.165000915527347,11.654999732971191,4.689000129699707
16.601999282836914,11.45400047302246,4.019000053405762
16.108999252319336,9.175999641418455,3.0810000896453857
15.968999862670898,6.697999954223633,1.875
16.601999282836914,5.425000190734863,2.477999925613404
16.601999282836914,3.549999952316284,3.282000064849853
17.586999893188473,-3.750999927520752,3.6840000152587886
17.656999588012695,-7.0329999923706055,3.750999927520752
18.43099975585937,-9.376999855041504,3.6840000152587886
18.64200019836425,-12.72599983215332,3.549999952316284
19.34499931335449,-6.2290000915527335,2.2769999504089355
20.32999992370605,-5.357999801635742,2.678999900817871
20.68199920654297,-5.760000228881836,3.3489999771118164
20.82299995422364,-3.1480000019073486,2.075999975204468
19.97900009155273,3.6840000152587886,2.075999975204468
19.55599975585937,5.425000190734863,1.6740000247955322
19.62700080871582,7.166999816894531,1.6740000247955322
19.41600036621093,8.572999954223633,1.807999968528748
18.71199989318848,8.104999542236326,1.6740000247955322
18.290000915527344,7.0329999923706055,1.6740000247955322
17.79800033569336,7.636000156402588,2.477999925613404
16.601999282836914,8.907999992370605,2.678999900817871
15.687000274658203,6.697999954223633,2.880000114440918
14.984000205993652,7.166999816894531,2.611999988555908
14.562000274658203,7.368000030517577,2.1429998874664307
13.99899959564209,6.697999954223633,1.6740000247955322
13.435999870300291,8.439000129699707,2.678999900817871
13.154999732971191,9.444000244140623,3.818000078201294
13.225000381469728,6.966000080108643,3.282000064849853
14.210000038146973,0.4690000116825104,2.9470000267028813
14.843000411987305,-6.36299991607666,3.884999990463257
15.406000137329102,-1.0720000267028809,4.0859999656677255
16.108999252319336,-11.854999542236328,4.3540000915527335
16.531999588012695,-13.79800033569336,3.95199990272522
17.02400016784668,-12.72599983215332,4.2199997901916495
18.21999931335449,-10.649999618530272,4.421000003814697
19.76799964904785,-4.287000179290772,2.9470000267028813
18.21999931335449,1.9420000314712524,2.9470000267028813
17.868000030517578,7.568999767303468,2.678999900817871
17.516000747680664,5.894000053405763,1.741000056266785
17.375999450683597,6.36299991607666,1.6080000400543213
16.601999282836914,7.0329999923706055,1.406999945640564
16.672000885009766,6.36299991607666,2.009000062942505
15.758000373840332,6.36299991607666,2.075999975204468
15.406000137329102,7.434999942779541,3.013999938964844
14.843000411987305,9.845999717712402,3.818000078201294
14.491000175476074,8.907999992370605,4.152999877929688
14.491000175476074,9.444000244140623,3.3489999771118164
13.29599952697754,8.706999778747559,3.750999927520752
13.29599952697754,8.907999992370605,3.818000078201294
13.29599952697754,8.840999603271484,3.282000064849853
12.451000213623049,12.524999618530272,4.554999828338623
13.085000038146973,9.444000244140623,3.95199990272522
12.239999771118164,8.439000129699707,3.818000078201294
11.043999671936035,6.296000003814697,2.344000101089477
7.245999813079834,6.697999954223633,2.746000051498413
7.456999778747559,6.2290000915527335,3.0810000896453857
6.261000156402588,4.956999778747559,2.344000101089477
6.61299991607666,6.2290000915527335,2.5450000762939453
7.668000221252441,6.89900016784668,2.4110000133514404
6.261000156402588,6.162000179290772,2.477999925613404
9.425999641418455,6.697999954223633,2.477999925613404
9.848999977111816,8.505999565124513,2.344000101089477
9.98900032043457,5.894000053405763,0.2010000050067901
10.130000114440918,5.559000015258789,0.7369999885559082
7.948999881744385,5.625999927520752,0.7369999885559082
10.340999603271484,4.889999866485597,0.6700000166893005
10.973999977111816,6.63100004196167,1.9420000314712524
11.255999565124512,5.692999839782715,2.075999975204468
11.748000144958494,5.0229997634887695,1.807999968528748
12.522000312805176,9.041999816894531,2.880000114440918
13.506999969482422,8.706999778747559,3.6840000152587886
14.069000244140623,7.368000030517577,3.013999938964844
15.053999900817873,8.305999755859375,3.0810000896453857
14.491000175476074,9.779000282287598,3.0810000896453857
13.29599952697754,8.23900032043457,2.344000101089477
10.904000282287598,7.099999904632568,2.477999925613404
13.013999938964846,4.019000053405762,2.477999925613404
13.29599952697754,3.3489999771118164,2.1429998874664307
13.225000381469728,7.301000118255615,2.477999925613404
13.29599952697754,4.622000217437744,2.2769999504089355
14.843000411987305,0.4020000100135803,1.2730000019073486
13.857999801635742,-0.9380000233650208,2.075999975204468
13.99899959564209,0.0,2.477999925613404
13.928999900817873,-0.6029999852180481,2.477999925613404
14.631999969482422,2.812999963760376,1.741000056266785
13.718000411987305,1.0049999952316284,1.5410000085830688
14.35099983215332,5.492000102996826,2.009000062942505
14.491000175476074,5.960999965667725,1.875
14.984000205993652,6.831999778747559,1.807999968528748
14.210000038146973,7.234000205993652,2.344000101089477
14.140000343322756,5.625999927520752,2.1429998874664307
15.89799976348877,7.301000118255615,2.746000051498413
15.54699993133545,10.515999794006348,4.889999866485597
15.19499969482422,9.779000282287598,3.549999952316284
14.913999557495115,9.645000457763672,3.95199990272522
14.913999557495115,9.645000457763672,3.95199990272522
15.053999900817873,8.907999992370605,2.611999988555908
15.758000373840332,10.649999618530272,3.549999952316284
15.616999626159668,10.3149995803833,4.75600004196167
16.25,9.3100004196167,2.9470000267028813
16.108999252319336,5.894000053405763,2.9470000267028813
16.391000747680664,-0.5360000133514404,2.4110000133514404
17.656999588012695,-8.439000129699707,2.5450000762939453
17.516000747680664,-7.703000068664551,2.4110000133514404
17.868000030517578,-12.659000396728516,1.807999968528748
18.85300064086914,-14.199999809265137,2.2769999504089355
20.47100067138672,-10.11400032043457,2.075999975204468
21.73699951171875,-3.41599988937378,1.5410000085830688
21.10400009155273,-3.1480000019073486,1.0049999952316284
21.10400009155273,4.019000053405762,0.7369999885559082
22.44099998474121,3.549999952316284,0.1340000033378601
19.55599975585937,6.296000003814697,0.3350000083446503
19.20499992370605,7.301000118255615,0.3350000083446503
18.99399948120117,6.63100004196167,0.0
18.57200050354004,7.099999904632568,0.0
18.290000915527344,8.505999565124513,1.9420000314712524
17.868000030517578,9.845999717712402,2.2769999504089355
18.009000778198242,9.779000282287598,3.0810000896453857
17.516000747680664,10.3149995803833,2.9470000267028813
17.235000610351562,9.57800006866455,2.2100000381469727
17.868000030517578,9.175999641418455,2.4110000133514404
17.656999588012695,11.253000259399414,2.2769999504089355
18.07900047302246,11.052000045776367,2.678999900817871
18.149999618530277,6.564000129699707,2.2100000381469727
20.11899948120117,-0.1340000033378601,2.2769999504089355
19.48600006103516,-4.0859999656677255,1.9420000314712524
19.55599975585937,-7.501999855041504,3.0810000896453857
19.274999618530277,-9.175999641418455,2.2769999504089355
20.61199951171875,-11.720999717712402,1.6740000247955322
21.38500022888184,-2.009000062942505,1.1390000581741333
22.229999542236328,-6.764999866485598,2.4110000133514404
22.089000701904297,-4.019000053405762,1.5410000085830688
23.143999099731445,-3.282000064849853,1.0720000267028809
22.15900039672852,6.36299991607666,1.0049999952316284
20.61199951171875,5.559000015258789,0.4020000100135803
20.400999069213867,6.966000080108643,0.4690000116825104
19.62700080871582,7.703000068664551,0.3350000083446503
19.69700050354004,7.166999816894531,0.0
19.06399917602539,6.564000129699707,0.9380000233650208
18.85300064086914,7.568999767303468,1.0720000267028809
18.43099975585937,9.913000106811523,2.344000101089477
18.85300064086914,8.23900032043457,1.9420000314712524
19.274999618530277,9.979999542236328,2.9470000267028813
19.55599975585937,8.371999740600586,1.9420000314712524
19.13400077819824,9.913000106811523,2.009000062942505
19.48600006103516,9.979999542236328,1.5410000085830688
18.92300033569336,11.588000297546388,2.880000114440918
19.20499992370605,8.505999565124513,2.611999988555908
21.45599937438965,2.5450000762939453,2.477999925613404
19.83799934387207,1.0049999952316284,2.678999900817871
20.54100036621093,1.4739999771118164,1.5410000085830688
19.55599975585937,1.741000056266785,2.1429998874664307
20.82299995422364,1.807999968528748,1.1390000581741333
21.66699981689453,5.357999801635742,1.6740000247955322
21.525999069213867,4.3540000915527335,1.741000056266785
21.73699951171875,5.1570000648498535,2.1429998874664307
17.656999588012695,6.497000217437744,0.9380000233650208
19.13400077819824,7.434999942779541,0.7369999885559082
20.190000534057614,5.1570000648498535,0.4020000100135803
19.48600006103516,6.296000003814697,0.3350000083446503
19.55599975585937,7.501999855041504,0.4020000100135803
19.48600006103516,6.831999778747559,-0.1340000033378601
19.62700080871582,6.831999778747559,0.0
14.631999969482422,6.564000129699707,0.7369999885559082
13.506999969482422,9.51099967956543,2.075999975204468
14.35099983215332,8.907999992370605,0.9380000233650208
17.656999588012695,7.0329999923706055,0.6029999852180481
18.149999618530277,7.836999893188477,1.5410000085830688
11.888999938964846,7.703000068664551,1.4739999771118164
15.265000343322756,8.104999542236326,1.0720000267028809
11.888999938964846,8.706999778747559,1.807999968528748
12.380999565124512,11.253000259399414,2.2100000381469727
15.265000343322756,3.3489999771118164,1.807999968528748
17.165000915527347,5.1570000648498535,1.9420000314712524
17.235000610351562,7.0329999923706055,2.746000051498413
17.305000305175778,5.425000190734863,2.075999975204468
14.70300006866455,5.827000141143799,1.2730000019073486
18.43099975585937,6.36299991607666,1.9420000314712524
19.274999618530277,7.166999816894531,2.1429998874664307
14.70300006866455,5.559000015258789,1.406999945640564
13.435999870300291,8.439000129699707,1.2730000019073486
11.536999702453612,8.907999992370605,0.9380000233650208
13.788000106811523,6.89900016784668,0.0
15.053999900817873,6.027999877929688,0.0
15.19499969482422,6.697999954223633,0.0
16.25,6.429999828338622,0.0
17.02400016784668,6.564000129699707,0.06700000166893
16.812999725341793,6.764999866485598,0.7369999885559082
16.391000747680664,8.439000129699707,1.6080000400543213
17.02400016784668,7.301000118255615,1.3400000333786009
16.601999282836914,8.371999740600586,1.5410000085830688
16.461000442504886,8.104999542236326,1.2059999704360962
15.89799976348877,6.697999954223633,0.6029999852180481
15.125,8.171999931335451,0.6700000166893005
14.984000205993652,10.784000396728516,2.009000062942505
12.803000450134276,8.371999740600586,1.2059999704360962
14.42099952697754,8.171999931335451,2.009000062942505
15.053999900817873,0.2010000050067901,1.9420000314712524
15.265000343322756,2.477999925613404,1.807999968528748
15.758000373840332,-1.2059999704360962,2.009000062942505
16.320999145507812,-4.48799991607666,1.875
16.812999725341793,-0.2010000050067901,1.2730000019073486
18.009000778198242,-10.180999755859377,2.477999925613404
17.726999282836914,0.2010000050067901,0.6029999852180481
17.656999588012695,2.1429998874664307,0.5360000133514404
18.71199989318848,2.477999925613404,0.1340000033378601
17.586999893188473,5.559000015258789,-0.2680000066757202
17.656999588012695,6.162000179290772,-0.5360000133514404
17.375999450683597,6.89900016784668,-0.5360000133514404
16.95400047302246,6.36299991607666,-0.5360000133514404
16.25,6.2290000915527335,0.2010000050067901
16.25,7.97100019454956,0.4020000100135803
15.336000442504885,10.04699993133545,2.2100000381469727
15.053999900817873,9.041999816894531,1.807999968528748
14.279999732971191,9.3100004196167,1.875
13.857999801635742,8.104999542236326,0.9380000233650208
14.210000038146973,8.439000129699707,1.4739999771118164
14.631999969482422,10.717000007629396,1.9420000314712524
14.70300006866455,8.907999992370605,0.9380000233650208
14.42099952697754,8.640000343322754,1.6740000247955322
14.77299976348877,6.36299991607666,1.6080000400543213
14.77299976348877,1.9420000314712524,2.812999963760376
14.70300006866455,1.4739999771118164,3.2149999141693115
15.336000442504885,5.223999977111816,2.4110000133514404
15.616999626159668,-3.4830000400543213,2.344000101089477
15.406000137329102,-0.5360000133514404,1.875
15.758000373840332,-3.4830000400543213,2.678999900817871
15.687000274658203,-5.559000015258789,3.4830000400543213
15.758000373840332,-0.8709999918937683,1.6080000400543213
15.406000137329102,7.568999767303468,0.8040000200271606
15.54699993133545,5.827000141143799,-0.8040000200271606
15.687000274658203,6.564000129699707,-0.2010000050067901
15.19499969482422,7.234000205993652,0.2680000066757202
15.336000442504885,6.36299991607666,0.06700000166893
15.265000343322756,7.501999855041504,0.6029999852180481
14.70300006866455,7.301000118255615,1.6080000400543213
14.562000274658203,10.04699993133545,1.9420000314712524
14.631999969482422,10.381999969482422,1.807999968528748
14.42099952697754,9.711999893188477,2.1429998874664307
14.35099983215332,9.041999816894531,1.406999945640564
14.35099983215332,8.706999778747559,2.009000062942505
14.140000343322756,10.04699993133545,1.807999968528748
14.140000343322756,12.79300022125244,2.4110000133514404
13.928999900817873,11.854999542236328,2.746000051498413
13.99899959564209,7.903999805450439,2.2769999504089355
14.140000343322756,7.836999893188477,2.1429998874664307
13.366000175476074,8.975000381469727,2.611999988555908
13.928999900817873,9.444000244140623,1.5410000085830688
13.647000312805176,4.152999877929688,1.3400000333786009
14.279999732971191,5.625999927520752,1.6740000247955322
14.491000175476074,4.554999828338623,1.6740000247955322
14.562000274658203,5.223999977111816,1.5410000085830688
14.631999969482422,2.344000101089477,1.3400000333786009
14.562000274658203,7.166999816894531,0.7369999885559082
14.631999969482422,5.894000053405763,-0.5360000133514404
14.77299976348877,6.2290000915527335,0.06700000166893
14.70300006866455,7.099999904632568,0.0
15.125,6.36299991607666,-0.4690000116825104
14.631999969482422,6.36299991607666,-0.2010000050067901
15.125,6.2290000915527335,-0.1340000033378601
14.35099983215332,10.180999755859377,1.9420000314712524
14.35099983215332,9.645000457763672,1.6740000247955322
14.140000343322756,9.376999855041504,2.2769999504089355
13.718000411987305,8.77400016784668,0.7369999885559082
14.140000343322756,8.640000343322754,1.2059999704360962
13.928999900817873,9.979999542236328,1.5410000085830688
14.491000175476074,8.371999740600586,0.5360000133514404
14.631999969482422,7.0329999923706055,2.2100000381469727
14.491000175476074,5.357999801635742,2.344000101089477
15.19499969482422,2.746000051498413,2.1429998874664307
15.336000442504885,1.6080000400543213,1.9420000314712524
15.47599983215332,-0.5360000133514404,2.075999975204468
16.108999252319336,-13.529999732971191,4.75600004196167
16.743000030517578,-0.4020000100135803,1.2730000019073486
17.02400016784668,-3.617000102996826,2.5450000762939453
16.812999725341793,0.4690000116825104,2.2100000381469727
17.375999450683597,1.6080000400543213,1.0720000267028809
17.656999588012695,4.48799991607666,0.4690000116825104
17.937999725341797,5.760000228881836,0.2680000066757202
17.79800033569336,6.36299991607666,0.06700000166893
17.02400016784668,7.166999816894531,0.0
17.165000915527347,6.831999778747559,0.8040000200271606
17.305000305175778,6.697999954223633,0.9380000233650208
16.743000030517578,6.296000003814697,1.0049999952316284
17.02400016784668,7.166999816894531,1.1390000581741333
16.743000030517578,8.104999542236326,1.6740000247955322
16.743000030517578,8.038000106811522,1.6740000247955322
16.391000747680664,6.89900016784668,0.6700000166893005
15.758000373840332,5.492000102996826,0.3350000083446503
15.758000373840332,7.703000068664551,0.0
16.108999252319336,9.376999855041504,1.4739999771118164
16.95400047302246,7.099999904632568,2.344000101089477
17.726999282836914,-1.406999945640564,2.678999900817871
17.375999450683597,-4.622000217437744,3.617000102996826
17.445999145507812,-3.282000064849853,3.41599988937378
17.937999725341797,-6.564000129699707,3.818000078201294
18.07900047302246,-10.11400032043457,4.48799991607666
19.76799964904785,-5.090000152587892,2.5450000762939453
19.62700080871582,-2.2769999504089355,2.746000051498413
20.32999992370605,3.3489999771118164,2.4110000133514404
20.54100036621093,3.1480000019073486,0.9380000233650208
20.190000534057614,5.090000152587892,0.6700000166893005
19.76799964904785,5.290999889373778,0.1340000033378601
18.71199989318848,6.764999866485598,0.06700000166893
18.21999931335449,7.301000118255615,0.06700000166893
17.726999282836914,7.099999904632568,0.1340000033378601
18.43099975585937,7.099999904632568,-0.2010000050067901
18.290000915527344,7.368000030517577,0.8040000200271606
18.21999931335449,8.572999954223633,1.406999945640564
17.375999450683597,8.706999778747559,2.2100000381469727
16.95400047302246,8.907999992370605,2.009000062942505
16.601999282836914,7.769999980926514,1.0720000267028809
17.165000915527347,7.636000156402588,1.741000056266785
16.812999725341793,9.711999893188477,1.741000056266785
16.038999557495114,8.038000106811522,1.2059999704360962
16.601999282836914,5.492000102996826,1.807999968528748
16.672000885009766,-0.4690000116825104,2.2769999504089355
16.461000442504886,-0.9380000233650208,2.075999975204468
17.305000305175778,-5.625999927520752,3.750999927520752
17.305000305175778,-4.889999866485597,2.1429998874664307
17.445999145507812,-10.449000358581545,2.477999925613404
17.516000747680664,-16.611000061035153,5.760000228881836
18.71199989318848,-12.79300022125244,5.827000141143799
20.400999069213867,-8.171999931335451,3.1480000019073486
19.90800094604492,-2.9470000267028813,1.4739999771118164
19.20499992370605,0.6029999852180481,1.2059999704360962
19.76799964904785,5.625999927520752,0.6700000166893005
18.500999450683597,6.564000129699707,0.4020000100135803
17.586999893188473,7.301000118255615,0.4690000116825104
17.305000305175778,6.831999778747559,-0.1340000033378601
16.812999725341793,7.0329999923706055,0.2680000066757202
16.038999557495114,7.301000118255615,1.406999945640564
16.038999557495114,10.3149995803833,1.6740000247955322
15.616999626159668,9.376999855041504,2.009000062942505
15.125,10.248000144958496,2.4110000133514404
15.053999900817873,9.376999855041504,2.2769999504089355
14.77299976348877,7.099999904632568,0.2680000066757202
14.35099983215332,9.779000282287598,1.0049999952316284
14.631999969482422,9.376999855041504,1.406999945640564
15.053999900817873,5.492000102996826,1.6080000400543213
16.038999557495114,-0.9380000233650208,3.41599988937378
16.108999252319336,-4.889999866485597,4.0859999656677255
16.25,-8.371999740600586,5.692999839782715
17.305000305175778,-10.717000007629396,6.027999877929688
17.445999145507812,-13.529999732971191,5.492000102996826
17.868000030517578,-11.654999732971191,5.223999977111816
20.048999786376957,-9.913000106811523,5.760000228881836
20.96299934387207,-6.09499979019165,4.0859999656677255
20.32999992370605,3.884999990463257,2.075999975204468
19.55599975585937,5.894000053405763,1.6740000247955322
19.62700080871582,6.63100004196167,-0.3350000083446503
18.92300033569336,6.764999866485598,-0.06700000166893
18.009000778198242,7.769999980926514,0.0
18.009000778198242,7.836999893188477,0.2010000050067901
17.516000747680664,8.104999542236326,0.7369999885559082
17.02400016784668,8.305999755859375,0.9380000233650208
16.531999588012695,9.979999542236328,1.875
16.180000305175778,10.04699993133545,1.6740000247955322
15.968999862670898,9.51099967956543,2.477999925613404
15.758000373840332,9.51099967956543,1.807999968528748
15.336000442504885,9.845999717712402,1.9420000314712524
15.19499969482422,12.659000396728516,2.344000101089477
15.336000442504885,10.449000358581545,1.4739999771118164
15.053999900817873,6.89900016784668,2.5450000762939453
16.108999252319336,0.0,2.812999963760376
16.25,-8.038000106811522,4.2199997901916495
17.165000915527347,-0.2680000066757202,3.41599988937378
17.305000305175778,-0.7369999885559082,2.880000114440918
17.868000030517578,-9.243000030517578,2.4110000133514404
18.21999931335449,-3.1480000019073486,1.2059999704360962
19.274999618530277,0.8709999918937683,2.075999975204468
20.68199920654297,-2.880000114440918,2.2100000381469727
21.173999786376957,0.6029999852180481,2.075999975204468
19.97900009155273,1.3400000333786009,1.3400000333786009
20.11899948120117,5.625999927520752,0.9380000233650208
19.274999618530277,6.764999866485598,0.4690000116825104
18.009000778198242,7.501999855041504,0.2680000066757202
17.516000747680664,7.099999904632568,0.0
17.305000305175778,6.497000217437744,0.6700000166893005
17.305000305175778,6.697999954223633,0.1340000033378601
16.743000030517578,8.640000343322754,1.406999945640564
16.882999420166016,8.171999931335451,0.8040000200271606
17.02400016784668,9.041999816894531,1.9420000314712524
17.02400016784668,8.706999778747559,1.2059999704360962
17.586999893188473,8.640000343322754,1.2059999704360962
18.149999618530277,9.979999542236328,2.075999975204468
17.375999450683597,10.381999969482422,1.807999968528748
18.07900047302246,9.845999717712402,2.611999988555908
18.500999450683597,6.296000003814697,2.2769999504089355
17.937999725341797,3.013999938964844,3.1480000019073486
18.64200019836425,2.1429998874664307,2.477999925613404
18.92300033569336,-0.3350000083446503,3.41599988937378
19.13400077819824,0.6700000166893005,2.2100000381469727
20.32999992370605,-5.492000102996826,3.41599988937378
19.62700080871582,2.344000101089477,3.013999938964844
20.190000534057614,6.564000129699707,2.477999925613404
20.47100067138672,6.162000179290772,1.6080000400543213
19.48600006103516,8.640000343322754,1.406999945640564
19.76799964904785,6.966000080108643,0.2680000066757202
18.92300033569336,6.966000080108643,0.0
19.06399917602539,7.501999855041504,-0.1340000033378601
18.64200019836425,6.697999954223633,-0.1340000033378601
18.21999931335449,6.497000217437744,0.0
18.07900047302246,7.97100019454956,0.9380000233650208
18.21999931335449,9.913000106811523,1.807999968528748
18.07900047302246,9.645000457763672,1.4739999771118164
18.009000778198242,9.645000457763672,1.6080000400543213
17.868000030517578,9.913000106811523,2.1429998874664307
17.868000030517578,9.845999717712402,1.741000056266785
18.290000915527344,9.779000282287598,1.807999968528748
18.99399948120117,8.305999755859375,1.9420000314712524
19.41600036621093,5.894000053405763,1.6740000247955322
20.11899948120117,1.4739999771118164,2.2100000381469727
19.274999618530277,-0.2680000066757202,1.4739999771118164
20.190000534057614,0.5360000133514404,2.2100000381469727
21.2450008392334,-6.764999866485598,3.549999952316284
21.808000564575195,-13.26200008392334,3.3489999771118164
21.87800025939941,-4.287000179290772,2.2100000381469727
22.229999542236328,-10.04699993133545,4.019000053405762
21.73699951171875,0.5360000133514404,1.875
22.933000564575195,1.0720000267028809,1.3400000333786009
22.229999542236328,4.2199997901916495,1.1390000581741333
21.525999069213867,5.425000190734863,0.4690000116825104
21.10400009155273,7.301000118255615,0.4690000116825104
20.82299995422364,8.171999931335451,0.2010000050067901
21.2450008392334,8.706999778747559,0.7369999885559082
20.82299995422364,8.038000106811522,0.8040000200271606
20.61199951171875,7.636000156402588,0.8040000200271606
20.048999786376957,9.041999816894531,1.6080000400543213
20.54100036621093,9.109000205993652,1.6080000400543213
19.62700080871582,9.041999816894531,1.6080000400543213
20.048999786376957,10.248000144958496,2.2100000381469727
19.69700050354004,8.439000129699707,0.2010000050067901
18.57200050354004,11.185999870300291,1.9420000314712524
18.21999931335449,9.041999816894531,1.3400000333786009
18.07900047302246,8.305999755859375,2.1429998874664307
18.21999931335449,7.769999980926514,2.1429998874664307
17.586999893188473,5.425000190734863,1.807999968528748
18.009000778198242,6.564000129699707,1.4739999771118164
18.92300033569336,2.2100000381469727,1.5410000085830688
19.76799964904785,-4.889999866485597,1.807999968528748
20.26000022888184,-8.640000343322754,2.746000051498413
20.61199951171875,-9.711999893188477,4.48799991607666
20.32999992370605,-2.2100000381469727,2.746000051498413
21.73699951171875,0.0,0.9380000233650208
20.26000022888184,2.812999963760376,1.1390000581741333
19.97900009155273,4.622000217437744,0.6700000166893005
19.06399917602539,6.63100004196167,0.06700000166893
19.20499992370605,8.038000106811522,0.2010000050067901
18.64200019836425,7.636000156402588,0.0
17.656999588012695,6.831999778747559,0.0
18.009000778198242,9.645000457763672,1.741000056266785
17.937999725341797,11.052000045776367,2.4110000133514404
17.656999588012695,10.180999755859377,2.344000101089477
17.656999588012695,8.640000343322754,1.6740000247955322
16.882999420166016,10.91800022125244,2.477999925613404
17.516000747680664,10.583000183105469,2.2769999504089355
18.149999618530277,13.060999870300291,2.344000101089477
18.290000915527344,11.38700008392334,2.1429998874664307
18.99399948120117,9.3100004196167,2.009000062942505
20.32999992370605,-1.2059999704360962,3.6840000152587886
20.68199920654297,-3.282000064849853,4.554999828338623
21.315000534057614,-4.554999828338623,4.889999866485597
22.299999237060547,-10.583000183105469,5.223999977111816
21.947999954223643,-2.344000101089477,2.477999925613404
22.51099967956543,-7.97100019454956,4.152999877929688
23.354999542236328,-0.3350000083446503,3.282000064849853
21.2450008392334,1.875,2.477999925613404
20.190000534057614,0.6700000166893005,1.4739999771118164
19.13400077819824,7.434999942779541,1.1390000581741333
19.06399917602539,6.966000080108643,0.5360000133514404
18.85300064086914,7.568999767303468,0.3350000083446503
18.500999450683597,8.305999755859375,0.1340000033378601
17.79800033569336,7.836999893188477,-0.2010000050067901
17.868000030517578,7.166999816894531,0.2680000066757202
17.445999145507812,8.975000381469727,1.2730000019073486
17.726999282836914,9.109000205993652,1.3400000333786009
17.305000305175778,9.041999816894531,1.0720000267028809
17.093999862670902,9.376999855041504,1.6080000400543213
18.07900047302246,7.769999980926514,0.8709999918937683
17.305000305175778,8.23900032043457,0.8040000200271606
17.305000305175778,9.57800006866455,1.4739999771118164
17.445999145507812,8.572999954223633,1.4739999771118164
17.868000030517578,8.706999778747559,1.741000056266785
17.868000030517578,7.099999904632568,2.1429998874664307
17.726999282836914,4.956999778747559,1.5410000085830688
16.672000885009766,8.23900032043457,1.0720000267028809
17.165000915527347,4.956999778747559,1.741000056266785
18.92300033569336,2.075999975204468,0.06700000166893
19.20499992370605,4.019000053405762,1.5410000085830688
20.400999069213867,0.0,1.741000056266785
22.933000564575195,-7.434999942779541,2.880000114440918
21.45599937438965,0.9380000233650208,1.0720000267028809
20.96299934387207,3.884999990463257,0.6700000166893005
20.89299964904785,5.1570000648498535,-0.4690000116825104
20.47100067138672,6.162000179290772,-0.4690000116825104
19.20499992370605,7.703000068664551,-0.4020000100135803
18.92300033569336,7.166999816894531,-0.4690000116825104
19.48600006103516,7.166999816894531,0.2680000066757202
18.500999450683597,8.505999565124513,1.0049999952316284
19.06399917602539,9.3100004196167,1.6740000247955322
18.78300094604492,10.11400032043457,1.6080000400543213
18.500999450683597,9.041999816894531,1.5410000085830688
18.07900047302246,9.444000244140623,1.875
18.78300094604492,9.779000282287598,2.2769999504089355
18.92300033569336,10.984999656677246,2.075999975204468
18.71199989318848,9.175999641418455,0.8709999918937683
18.78300094604492,4.554999828338623,1.4739999771118164
19.97900009155273,-1.4739999771118164,3.1480000019073486
20.61199951171875,0.6700000166893005,3.013999938964844
20.68199920654297,-6.831999778747559,5.0229997634887695
20.190000534057614,-4.287000179290772,4.019000053405762
21.10400009155273,-4.019000053405762,1.9420000314712524
21.03400039672852,1.406999945640564,2.4110000133514404
21.38500022888184,2.9470000267028813,1.6740000247955322
22.44099998474121,-0.8709999918937683,3.41599988937378
21.87800025939941,4.622000217437744,1.5410000085830688
22.089000701904297,7.568999767303468,1.4739999771118164
21.73699951171875,8.706999778747559,1.2730000019073486
22.089000701904297,9.109000205993652,1.0049999952316284
21.03400039672852,11.654999732971191,1.2730000019073486
21.03400039672852,10.649999618530272,1.0720000267028809
20.96299934387207,11.38700008392334,1.406999945640564
21.38500022888184,11.654999732971191,1.9420000314712524
21.2450008392334,13.463000297546388,4.019000053405762
21.525999069213867,13.32900047302246,3.41599988937378
21.525999069213867,12.324000358581545,3.013999938964844
21.73699951171875,13.864999771118164,4.689000129699707
20.68199920654297,12.256999969482422,3.0810000896453857
21.45599937438965,12.592000007629396,2.746000051498413
21.87800025939941,12.994000434875488,3.0810000896453857
21.66699981689453,12.592000007629396,4.287000179290772
21.73699951171875,6.63100004196167,2.9470000267028813
20.96299934387207,4.554999828338623,1.3400000333786009
21.10400009155273,0.4020000100135803,1.807999968528748
21.315000534057614,3.2149999141693115,1.2730000019073486
20.54100036621093,-1.0049999952316284,1.2059999704360962
21.03400039672852,1.4739999771118164,0.2680000066757202
21.525999069213867,-4.622000217437744,1.0720000267028809
21.73699951171875,-0.6700000166893005,1.4739999771118164
21.66699981689453,2.746000051498413,1.0720000267028809
21.38500022888184,3.750999927520752,1.0720000267028809
21.73699951171875,6.027999877929688,0.3350000083446503
21.173999786376957,7.769999980926514,0.2010000050067901
20.61199951171875,9.041999816894531,0.3350000083446503
21.03400039672852,8.371999740600586,0.5360000133514404
21.45599937438965,8.975000381469727,0.7369999885559082
20.75200080871582,9.979999542236328,1.0720000267028809
20.96299934387207,10.85099983215332,1.807999968528748
20.54100036621093,9.711999893188477,1.2059999704360962
20.11899948120117,9.243000030517578,1.4739999771118164
19.90800094604492,8.975000381469727,1.6740000247955322
19.62700080871582,9.979999542236328,1.0049999952316284
19.48600006103516,11.052000045776367,2.1429998874664307
19.274999618530277,10.515999794006348,2.2100000381469727
18.64200019836425,9.779000282287598,3.3489999771118164
19.06399917602539,5.357999801635742,3.0810000896453857
18.85300064086914,3.1480000019073486,3.013999938964844
19.55599975585937,-0.4020000100135803,3.3489999771118164
20.32999992370605,-5.090000152587892,4.287000179290772
20.96299934387207,-1.5410000085830688,2.2769999504089355
21.73699951171875,3.95199990272522,2.2769999504089355
21.315000534057614,-1.0049999952316284,3.617000102996826
21.315000534057614,2.746000051498413,2.477999925613404
20.61199951171875,6.831999778747559,2.1429998874664307
21.173999786376957,9.779000282287598,1.807999968528748
19.97900009155273,9.109000205993652,0.8709999918937683
19.48600006103516,9.51099967956543,1.3400000333786009
19.97900009155273,10.784000396728516,1.2059999704360962
20.26000022888184,9.779000282287598,1.0049999952316284
20.048999786376957,9.376999855041504,1.4739999771118164
20.32999992370605,10.04699993133545,2.075999975204468
19.69700050354004,11.854999542236328,3.0810000896453857
19.97900009155273,13.26200008392334,4.2199997901916495
19.76799964904785,12.859999656677244,3.750999927520752
18.85300064086914,12.390999794006348,4.019000053405762
18.500999450683597,12.123000144958494,3.750999927520752
19.20499992370605,13.932000160217283,4.152999877929688
18.99399948120117,12.592000007629396,3.1480000019073486
18.71199989318848,8.975000381469727,3.549999952316284
18.71199989318848,3.6840000152587886,3.6840000152587886
18.85300064086914,2.1429998874664307,3.3489999771118164
19.55599975585937,-3.013999938964844,5.090000152587892
20.68199920654297,-5.760000228881836,5.357999801635742
20.54100036621093,-11.588000297546388,3.750999927520752
21.10400009155273,-8.907999992370605,4.152999877929688
22.79199981689453,-8.975000381469727,4.75600004196167
24.270000457763672,-5.960999965667725,3.013999938964844
24.55100059509277,-1.406999945640564,2.4110000133514404
24.12899971008301,4.48799991607666,1.6080000400543213
23.988000869750977,6.497000217437744,0.9380000233650208
21.38500022888184,7.703000068664551,0.5360000133514404
20.26000022888184,9.913000106811523,0.7369999885559082
20.75200080871582,9.109000205993652,0.4690000116825104
20.75200080871582,8.572999954223633,0.9380000233650208
20.54100036621093,10.180999755859377,0.7369999885559082
20.82299995422364,12.72599983215332,1.875
20.190000534057614,12.524999618530272,2.2100000381469727
20.11899948120117,12.123000144958494,2.678999900817871
20.048999786376957,12.324000358581545,2.611999988555908
20.11899948120117,12.659000396728516,2.2100000381469727
20.11899948120117,12.055999755859377,2.678999900817871
20.68199920654297,11.38700008392334,1.6740000247955322
19.76799964904785,8.439000129699707,2.746000051498413
19.41600036621093,3.95199990272522,1.6080000400543213
19.76799964904785,0.7369999885559082,2.5450000762939453
21.38500022888184,1.875,2.009000062942505
21.315000534057614,-0.2680000066757202,2.812999963760376
21.947999954223643,-2.075999975204468,1.807999968528748
21.87800025939941,-2.075999975204468,2.477999925613404
22.933000564575195,-3.1480000019073486,3.0810000896453857
23.77700042724609,-6.162000179290772,3.2149999141693115
22.299999237060547,1.3400000333786009,1.406999945640564
21.173999786376957,4.554999828338623,1.2730000019073486
21.45599937438965,5.090000152587892,0.8709999918937683
20.68199920654297,7.836999893188477,0.2010000050067901
20.11899948120117,9.979999542236328,0.6029999852180481
20.47100067138672,11.98900032043457,0.9380000233650208
20.11899948120117,11.854999542236328,2.009000062942505
19.34499931335449,11.45400047302246,1.9420000314712524
18.92300033569336,10.85099983215332,2.075999975204468
18.64200019836425,11.253000259399414,1.9420000314712524
18.64200019836425,11.31999969482422,1.6740000247955322
18.64200019836425,10.784000396728516,2.1429998874664307
19.13400077819824,10.180999755859377,1.5410000085830688
19.83799934387207,12.390999794006348,2.009000062942505
18.71199989318848,10.649999618530272,2.075999975204468
18.92300033569336,6.697999954223633,2.009000062942505
20.190000534057614,0.9380000233650208,1.5410000085830688
20.400999069213867,-5.290999889373778,1.807999968528748
21.38500022888184,-4.0859999656677255,2.1429998874664307
21.03400039672852,-4.554999828338623,1.875
21.45599937438965,-7.234000205993652,1.875
21.597000122070312,-5.692999839782715,2.075999975204468
22.089000701904297,-5.223999977111816,1.875
23.143999099731445,-4.75600004196167,2.2100000381469727
22.3700008392334,0.5360000133514404,1.1390000581741333
22.089000701904297,4.287000179290772,0.9380000233650208
21.73699951171875,5.625999927520752,0.6700000166893005
21.03400039672852,7.97100019454956,0.3350000083446503
20.47100067138672,10.3149995803833,0.5360000133514404
20.75200080871582,10.381999969482422,0.7369999885559082
19.62700080871582,9.376999855041504,0.9380000233650208
19.76799964904785,9.57800006866455,1.0720000267028809
21.03400039672852,10.449000358581545,2.009000062942505
21.10400009155273,9.376999855041504,1.2059999704360962
20.54100036621093,9.041999816894531,1.2059999704360962
20.400999069213867,8.305999755859375,0.9380000233650208
19.90800094604492,7.903999805450439,1.0720000267028809
19.55599975585937,9.041999816894531,1.1390000581741333
19.76799964904785,11.052000045776367,1.6080000400543213
20.32999992370605,9.175999641418455,1.4739999771118164
20.400999069213867,6.63100004196167,2.746000051498413
19.55599975585937,6.2290000915527335,2.344000101089477
18.57200050354004,6.296000003814697,1.6740000247955322
19.76799964904785,5.692999839782715,2.1429998874664307
16.461000442504886,8.171999931335451,1.0720000267028809
14.069000244140623,8.371999740600586,0.6700000166893005
11.467000007629396,2.880000114440918,1.6740000247955322
17.445999145507812,3.3489999771118164,1.0720000267028809
18.009000778198242,4.019000053405762,0.6029999852180481
18.64200019836425,4.622000217437744,0.5360000133514404
18.92300033569336,6.2290000915527335,-0.4020000100135803
15.54699993133545,6.697999954223633,-0.4690000116825104
17.305000305175778,7.0329999923706055,-0.06700000166893
17.516000747680664,6.63100004196167,0.0
17.868000030517578,7.166999816894531,0.0
18.149999618530277,8.706999778747559,1.4739999771118164
18.07900047302246,9.109000205993652,1.807999968528748
17.375999450683597,9.779000282287598,1.5410000085830688
18.07900047302246,9.845999717712402,1.9420000314712524
17.868000030517578,8.975000381469727,1.1390000581741333
17.726999282836914,8.975000381469727,1.4739999771118164
18.07900047302246,11.052000045776367,2.1429998874664307
18.92300033569336,10.784000396728516,0.4020000100135803
18.92300033569336,10.11400032043457,1.807999968528748
19.62700080871582,7.97100019454956,2.678999900817871
16.95400047302246,8.77400016784668,2.2769999504089355
13.154999732971191,9.109000205993652,2.075999975204468
13.506999969482422,9.243000030517578,1.6080000400543213
15.053999900817873,7.301000118255615,1.2730000019073486
15.406000137329102,3.884999990463257,1.0720000267028809
17.937999725341797,3.0810000896453857,1.875
18.009000778198242,3.3489999771118164,1.5410000085830688
17.726999282836914,6.36299991607666,0.5360000133514404
16.461000442504886,8.907999992370605,0.3350000083446503
18.43099975585937,5.425000190734863,-0.2680000066757202
18.290000915527344,6.162000179290772,-0.1340000033378601
18.57200050354004,6.966000080108643,-0.2680000066757202
18.009000778198242,6.027999877929688,-0.4020000100135803
17.79800033569336,6.2290000915527335,0.0
17.375999450683597,5.960999965667725,-0.2680000066757202
16.882999420166016,7.434999942779541,0.6700000166893005
16.812999725341793,7.368000030517577,0.6029999852180481
16.461000442504886,6.764999866485598,0.0
15.687000274658203,7.166999816894531,0.8040000200271606
12.239999771118164,6.831999778747559,0.0
11.536999702453612,8.439000129699707,0.7369999885559082
12.661999702453612,8.907999992370605,-0.2010000050067901
14.279999732971191,8.840999603271484,0.6029999852180481
12.944000244140623,9.3100004196167,1.1390000581741333
10.482000350952148,8.572999954223633,0.8709999918937683
12.310999870300291,8.038000106811522,0.7369999885559082
16.108999252319336,5.827000141143799,1.1390000581741333
14.70300006866455,6.697999954223633,0.4020000100135803
13.718000411987305,2.611999988555908,1.2059999704360962
16.601999282836914,3.750999927520752,1.2059999704360962
18.009000778198242,-5.692999839782715,1.807999968528748
18.57200050354004,-3.3489999771118164,0.7369999885559082
18.009000778198242,4.152999877929688,0.2010000050067901
13.647000312805176,6.63100004196167,0.2010000050067901
12.380999565124512,6.89900016784668,0.0
15.687000274658203,7.234000205993652,0.2010000050067901
15.19499969482422,7.166999816894531,0.0
16.320999145507812,6.831999778747559,0.8709999918937683
17.305000305175778,7.099999904632568,0.7369999885559082
17.937999725341797,11.052000045776367,2.746000051498413
17.656999588012695,10.717000007629396,2.880000114440918
17.79800033569336,9.845999717712402,2.5450000762939453
18.009000778198242,9.845999717712402,2.009000062942505
18.07900047302246,7.099999904632568,0.6700000166893005
17.586999893188473,9.444000244140623,2.009000062942505
17.656999588012695,9.979999542236328,2.1429998874664307
18.99399948120117,8.104999542236326,2.746000051498413
19.62700080871582,6.162000179290772,2.2769999504089355
19.06399917602539,2.1429998874664307,2.678999900817871
19.20499992370605,3.2149999141693115,1.807999968528748
19.274999618530277,-2.678999900817871,3.013999938964844
18.78300094604492,0.6700000166893005,2.2100000381469727
14.069000244140623,0.2010000050067901,1.807999968528748
17.305000305175778,4.3540000915527335,2.4110000133514404
18.71199989318848,-1.2730000019073486,2.678999900817871
19.48600006103516,4.287000179290772,1.5410000085830688
19.48600006103516,6.429999828338622,1.2730000019073486
21.10400009155273,4.889999866485597,0.4690000116825104
20.47100067138672,7.368000030517577,0.3350000083446503
20.11899948120117,8.104999542236326,0.06700000166893
20.11899948120117,7.703000068664551,-0.06700000166893
19.62700080871582,7.434999942779541,0.0
19.76799964904785,7.769999980926514,0.6700000166893005
19.69700050354004,9.3100004196167,1.875
19.83799934387207,11.92199993133545,3.013999938964844
19.97900009155273,10.717000007629396,2.477999925613404
19.48600006103516,11.052000045776367,2.678999900817871
19.41600036621093,9.711999893188477,2.075999975204468
19.55599975585937,12.390999794006348,2.678999900817871
19.62700080871582,10.784000396728516,1.0720000267028809
19.69700050354004,5.425000190734863,1.5410000085830688
19.83799934387207,1.6080000400543213,1.875
19.48600006103516,-1.6740000247955322,3.6840000152587886
18.78300094604492,-5.090000152587892,5.425000190734863
18.92300033569336,-7.703000068664551,5.223999977111816
19.48600006103516,-3.750999927520752,4.0859999656677255
20.26000022888184,-4.554999828338623,3.6840000152587886
22.65200042724609,-8.907999992370605,5.492000102996826
23.143999099731445,-6.36299991607666,3.750999927520752
22.3700008392334,6.564000129699707,1.875
20.96299934387207,6.764999866485598,1.406999945640564
20.68199920654297,7.234000205993652,0.0
21.808000564575195,7.836999893188477,-0.06700000166893
20.82299995422364,9.979999542236328,0.0
21.38500022888184,9.109000205993652,0.0
21.03400039672852,9.3100004196167,0.3350000083446503
21.10400009155273,10.04699993133545,1.3400000333786009
20.68199920654297,11.854999542236328,2.2769999504089355
20.61199951171875,11.588000297546388,2.477999925613404
20.54100036621093,10.3149995803833,1.741000056266785
20.68199920654297,10.91800022125244,2.678999900817871
21.03400039672852,9.779000282287598,1.6080000400543213
20.89299964904785,10.91800022125244,1.5410000085830688
21.03400039672852,11.720999717712402,1.6740000247955322
21.45599937438965,4.889999866485597,1.5410000085830688
21.10400009155273,4.622000217437744,1.0049999952316284
23.42600059509277,-0.5360000133514404,2.4110000133514404
22.44099998474121,-8.706999778747559,4.554999828338623
22.44099998474121,-11.31999969482422,4.75600004196167
20.61199951171875,-12.458000183105469,4.622000217437744
22.44099998474121,-13.79800033569336,5.625999927520752
22.089000701904297,-4.48799991607666,2.4110000133514404
21.315000534057614,4.0859999656677255,1.2730000019073486
22.58099937438965,1.6740000247955322,1.0720000267028809
22.863000869750977,4.689000129699707,-1.875
24.832000732421875,6.027999877929688,-2.678999900817871
22.229999542236328,8.439000129699707,-2.2100000381469727
22.44099998474121,11.520999908447266,-1.741000056266785
21.808000564575195,11.119000434875488,-1.6080000400543213
22.299999237060547,12.659000396728516,-0.9380000233650208
22.44099998474121,12.524999618530272,-0.5360000133514404
21.38500022888184,13.529999732971191,0.1340000033378601
21.597000122070312,12.79300022125244,-0.2010000050067901
21.808000564575195,11.588000297546388,-0.4690000116825104
21.87800025939941,12.994000434875488,-0.1340000033378601
21.87800025939941,12.458000183105469,-0.2680000066757202
21.66699981689453,11.253000259399414,-0.9380000233650208
21.87800025939941,10.180999755859377,-0.8709999918937683
21.947999954223643,7.836999893188477,-0.7369999885559082
22.72200012207031,8.23900032043457,-0.2010000050067901
21.525999069213867,0.6700000166893005,-0.9380000233650208
20.82299995422364,1.406999945640564,-0.3350000083446503
21.38500022888184,-1.875,-0.1340000033378601
21.2450008392334,-12.055999755859377,2.2100000381469727
21.525999069213867,-3.013999938964844,-0.4020000100135803
22.018999099731445,-10.984999656677246,2.009000062942505
22.79199981689453,-0.5360000133514404,-0.4020000100135803
21.525999069213867,-0.6700000166893005,-0.6029999852180481
23.42600059509277,0.9380000233650208,-1.2059999704360962
22.229999542236328,6.36299991607666,-2.1429998874664307
22.018999099731445,9.444000244140623,-2.075999975204468
22.72200012207031,13.32900047302246,-1.406999945640564
22.51099967956543,13.128000259399414,-1.4739999771118164
21.87800025939941,11.854999542236328,-1.406999945640564
21.808000564575195,11.45400047302246,-1.0049999952316284
20.89299964904785,14.267000198364258,0.6029999852180481
21.87800025939941,11.98900032043457,-0.2680000066757202
21.45599937438965,12.994000434875488,0.3350000083446503
21.315000534057614,11.588000297546388,-0.3350000083446503
21.808000564575195,11.45400047302246,-0.2680000066757202
21.173999786376957,11.119000434875488,-1.0720000267028809
22.299999237060547,10.3149995803833,-0.8709999918937683
22.58099937438965,8.104999542236326,-0.4020000100135803
21.87800025939941,1.875,0.0
20.47100067138672,-0.1340000033378601,0.06700000166893
19.34499931335449,3.1480000019073486,0.0
19.06399917602539,-2.611999988555908,0.06700000166893
19.274999618530277,-1.3400000333786009,-0.7369999885559082
19.90800094604492,-2.746000051498413,-0.2680000066757202
20.54100036621093,1.3400000333786009,-0.4690000116825104
20.89299964904785,3.549999952316284,-0.6029999852180481
22.229999542236328,6.831999778747559,-0.4690000116825104
22.3700008392334,7.568999767303468,-1.2059999704360962
22.018999099731445,6.764999866485598,-2.1429998874664307
21.947999954223643,9.711999893188477,-2.678999900817871
21.525999069213867,12.79300022125244,-1.2059999704360962
21.597000122070312,12.458000183105469,-1.6080000400543213
21.315000534057614,13.99899959564209,-0.6029999852180481
21.173999786376957,12.994000434875488,-0.2010000050067901
21.173999786376957,13.864999771118164,0.0
21.315000534057614,14.937000274658203,1.2059999704360962
21.2450008392334,14.199999809265137,1.0720000267028809
22.089000701904297,13.32900047302246,0.8040000200271606
21.66699981689453,13.79800033569336,0.4020000100135803
21.525999069213867,12.592000007629396,-0.4020000100135803
21.38500022888184,12.1899995803833,-0.3350000083446503
21.87800025939941,11.38700008392334,0.3350000083446503
21.03400039672852,6.697999954223633,-0.4690000116825104
20.61199951171875,-1.1390000581741333,0.0
20.11899948120117,3.013999938964844,-0.5360000133514404
19.76799964904785,2.477999925613404,-0.8040000200271606
18.99399948120117,-10.180999755859377,0.6700000166893005
19.76799964904785,0.2680000066757202,-1.0720000267028809
19.69700050354004,1.6740000247955322,-1.0720000267028809
19.274999618530277,4.287000179290772,-0.9380000233650208
20.26000022888184,2.812999963760376,-1.3400000333786009
19.76799964904785,6.89900016784668,-1.6080000400543213
20.54100036621093,6.764999866485598,-2.009000062942505
21.173999786376957,8.907999992370605,-1.406999945640564
21.38500022888184,11.38700008392334,-1.2730000019073486
21.2450008392334,10.649999618530272,-1.807999968528748
20.89299964904785,10.984999656677246,-0.6029999852180481
20.190000534057614,11.45400047302246,-0.6029999852180481
20.400999069213867,13.597000122070312,0.9380000233650208
20.61199951171875,12.72599983215332,0.2680000066757202
20.89299964904785,12.458000183105469,0.0
21.03400039672852,10.91800022125244,-0.9380000233650208
20.68199920654297,11.119000434875488,-0.5360000133514404
16.812999725341793,12.458000183105469,0.0
19.41600036621093,11.31999969482422,-0.8709999918937683
17.516000747680664,9.645000457763672,-0.7369999885559082
18.85300064086914,7.703000068664551,-0.6700000166893005
21.10400009155273,4.956999778747559,-1.0049999952316284
20.400999069213867,3.4830000400543213,-0.8709999918937683
21.525999069213867,4.3540000915527335,-0.8709999918937683
21.597000122070312,-1.4739999771118164,-1.5410000085830688
20.89299964904785,1.9420000314712524,-1.741000056266785
18.500999450683597,1.807999968528748,-1.741000056266785
18.57200050354004,2.812999963760376,-1.807999968528748
19.13400077819824,4.48799991607666,-2.1429998874664307
18.78300094604492,6.027999877929688,-2.1429998874664307
19.34499931335449,6.63100004196167,-2.477999925613404
14.491000175476074,6.89900016784668,-3.2149999141693115
13.857999801635742,7.903999805450439,-2.678999900817871
16.601999282836914,7.769999980926514,-3.6840000152587886
16.672000885009766,9.779000282287598,-1.3400000333786009
13.647000312805176,9.243000030517578,-1.2730000019073486
14.913999557495115,10.85099983215332,-0.6700000166893005
17.516000747680664,11.92199993133545,-0.2010000050067901
17.445999145507812,11.588000297546388,-0.06700000166893
11.1850004196167,10.717000007629396,-0.8709999918937683
11.255999565124512,9.376999855041504,-1.3400000333786009
10.199999809265137,9.3100004196167,-2.075999975204468
14.140000343322756,8.104999542236326,-2.611999988555908
15.687000274658203,8.038000106811522,-2.1429998874664307
17.516000747680664,7.166999816894531,-1.0720000267028809
17.165000915527347,5.827000141143799,-0.9380000233650208
17.093999862670902,6.564000129699707,-0.6700000166893005
17.726999282836914,3.6840000152587886,-1.1390000581741333
18.21999931335449,-2.344000101089477,-1.2059999704360962
18.290000915527344,-10.649999618530272,0.2680000066757202
18.64200019836425,-0.4690000116825104,-0.6029999852180481
19.13400077819824,-5.357999801635742,-0.3350000083446503
20.75200080871582,1.1390000581741333,-1.6740000247955322
19.97900009155273,3.750999927520752,-1.6080000400543213
19.55599975585937,5.625999927520752,-2.611999988555908
19.274999618530277,7.099999904632568,-2.2100000381469727
19.41600036621093,9.041999816894531,-2.2100000381469727
19.20499992370605,10.784000396728516,-2.009000062942505
18.71199989318848,9.3100004196167,-2.009000062942505
19.06399917602539,11.31999969482422,-0.5360000133514404
19.55599975585937,10.180999755859377,-0.8040000200271606
19.48600006103516,10.04699993133545,-0.8709999918937683
19.55599975585937,9.913000106811523,-1.2730000019073486
19.69700050354004,9.041999816894531,-1.807999968528748
18.57200050354004,10.515999794006348,-1.0720000267028809
18.78300094604492,9.57800006866455,-1.807999968528748
18.92300033569336,9.913000106811523,-1.6080000400543213
18.78300094604492,6.027999877929688,-0.7369999885559082
18.36100006103516,0.2680000066757202,0.0
18.21999931335449,-6.2290000915527335,0.6029999852180481
18.99399948120117,-9.243000030517578,1.5410000085830688
20.11899948120117,-11.520999908447266,2.4110000133514404
20.89299964904785,-13.597000122070312,1.875
20.68199920654297,-12.256999969482422,1.9420000314712524
23.143999099731445,-10.449000358581545,1.807999968528748
24.481000900268555,-7.568999767303468,0.9380000233650208
25.2549991607666,-3.6840000152587886,-0.06700000166893
23.988000869750977,2.075999975204468,-1.2730000019073486
23.354999542236328,7.234000205993652,-1.9420000314712524
22.089000701904297,8.975000381469727,-2.009000062942505
21.525999069213867,11.854999542236328,-1.4739999771118164
22.15900039672852,11.45400047302246,-1.6080000400543213
21.38500022888184,11.052000045776367,-1.3400000333786009
20.82299995422364,10.649999618530272,-1.0720000267028809
21.173999786376957,11.588000297546388,-0.6700000166893005
22.229999542236328,9.979999542236328,-0.4690000116825104
22.089000701904297,9.376999855041504,-1.1390000581741333
22.15900039672852,10.649999618530272,-0.8709999918937683
21.10400009155273,10.04699993133545,-1.1390000581741333
20.96299934387207,11.720999717712402,-0.1340000033378601
20.82299995422364,9.376999855041504,-1.2730000019073486
21.38500022888184,7.903999805450439,-1.0720000267028809
22.44099998474121,5.0229997634887695,-0.4020000100135803
22.44099998474121,3.818000078201294,-0.5360000133514404
22.44099998474121,-10.583000183105469,2.344000101089477
21.38500022888184,-4.287000179290772,0.5360000133514404
21.38500022888184,-14.267000198364258,3.282000064849853
22.089000701904297,-1.6080000400543213,0.4020000100135803
22.79199981689453,-11.119000434875488,2.344000101089477
22.58099937438965,-6.162000179290772,0.5360000133514404
23.143999099731445,-3.750999927520752,0.1340000033378601
23.28499984741211,3.41599988937378,-0.7369999885559082
23.28499984741211,7.636000156402588,-1.807999968528748
23.00300025939941,10.3149995803833,-1.741000056266785
22.51099967956543,14.267000198364258,-0.7369999885559082
21.947999954223643,15.87399959564209,0.9380000233650208
21.38500022888184,15.538999557495115,0.0
22.089000701904297,16.343000411987305,1.4739999771118164
22.089000701904297,15.13700008392334,0.8040000200271606
21.66699981689453,15.06999969482422,0.6029999852180481
23.07399940490723,13.79800033569336,0.2680000066757202
21.73699951171875,12.927000045776367,-0.2680000066757202
22.65200042724609,12.72599983215332,0.2010000050067901
22.933000564575195,12.72599983215332,-0.5360000133514404
22.79199981689453,11.98900032043457,-0.4690000116825104
22.51099967956543,9.3100004196167,0.0
23.49600028991699,5.425000190734863,0.2680000066757202
23.354999542236328,2.5450000762939453,-1.1390000581741333
23.28499984741211,3.282000064849853,0.1340000033378601
23.56599998474121,-1.807999968528748,0.6700000166893005
22.229999542236328,3.013999938964844,-1.3400000333786009
24.34000015258789,-1.1390000581741333,-0.06700000166893
23.77700042724609,-0.7369999885559082,0.0
22.089000701904297,0.8709999918937683,-0.8709999918937683
21.947999954223643,3.549999952316284,-1.3400000333786009
23.00300025939941,1.875,-0.4020000100135803
22.299999237060547,8.706999778747559,-1.6080000400543213
23.28499984741211,10.717000007629396,-1.2730000019073486
22.018999099731445,14.668999671936035,-0.6700000166893005
22.933000564575195,14.468000411987305,-0.4020000100135803
22.229999542236328,15.605999946594238,0.0
22.299999237060547,15.739999771118164,0.4020000100135803
22.018999099731445,17.01300048828125,1.0720000267028809
22.58099937438965,16.544000625610348,2.1429998874664307
22.3700008392334,15.20400047302246,1.2059999704360962
22.229999542236328,14.937000274658203,1.1390000581741333
22.299999237060547,12.72599983215332,-0.1340000033378601
22.018999099731445,13.395999908447266,-0.2680000066757202
22.018999099731445,11.119000434875488,-0.2680000066757202
22.229999542236328,11.45400047302246,0.0
22.3700008392334,8.706999778747559,0.1340000033378601
21.87800025939941,6.497000217437744,-0.7369999885559082
21.315000534057614,7.501999855041504,1.2730000019073486
21.10400009155273,3.1480000019073486,1.0049999952316284
22.15900039672852,-3.013999938964844,2.1429998874664307
23.988000869750977,-10.248000144958496,4.48799991607666
24.481000900268555,-7.166999816894531,3.1480000019073486
24.270000457763672,-1.3400000333786009,2.344000101089477
25.465999603271484,-0.8040000200271606,1.9420000314712524
23.143999099731445,9.51099967956543,0.6029999852180481
22.58099937438965,10.11400032043457,0.0
22.229999542236328,12.123000144958494,0.2680000066757202
22.229999542236328,15.605999946594238,1.0720000267028809
22.229999542236328,14.133000373840332,0.7369999885559082
22.018999099731445,14.736000061035154,2.344000101089477
22.018999099731445,13.864999771118164,1.807999968528748
21.808000564575195,12.324000358581545,0.4020000100135803
21.87800025939941,13.463000297546388,1.6740000247955322
22.229999542236328,12.72599983215332,1.0720000267028809
21.597000122070312,12.123000144958494,1.2059999704360962
21.45599937438965,11.788000106811523,1.0049999952316284
20.96299934387207,10.784000396728516,0.4020000100135803
21.173999786376957,10.04699993133545,0.3350000083446503
22.089000701904297,7.568999767303468,0.8709999918937683
22.79199981689453,1.4739999771118164,0.2680000066757202
23.354999542236328,2.075999975204468,1.0049999952316284
21.10400009155273,0.1340000033378601,1.5410000085830688
19.97900009155273,0.0,2.344000101089477
20.89299964904785,-9.711999893188477,3.3489999771118164
20.68199920654297,-9.041999816894531,4.152999877929688
22.089000701904297,-6.831999778747559,4.019000053405762
22.933000564575195,-4.152999877929688,3.1480000019073486
23.917999267578125,-1.0049999952316284,1.2730000019073486
23.07399940490723,3.617000102996826,0.0
23.56599998474121,8.305999755859375,0.7369999885559082
23.07399940490723,11.654999732971191,0.0
22.72200012207031,16.40999984741211,1.1390000581741333
22.933000564575195,16.275999069213867,0.2010000050067901
22.299999237060547,16.745000839233402,2.075999975204468
22.58099937438965,17.079999923706055,2.2769999504089355
22.299999237060547,18.48600006103516,3.884999990463257
22.72200012207031,17.548999786376953,3.750999927520752
23.00300025939941,17.347999572753903,3.6840000152587886
22.79199981689453,13.99899959564209,1.875
22.3700008392334,15.13700008392334,2.678999900817871
22.15900039672852,15.472000122070312,3.2149999141693115
22.933000564575195,12.458000183105469,1.6080000400543213
24.19899940490723,8.572999954223633,3.013999938964844
24.05900001525879,2.9470000267028813,2.2769999504089355
24.55100059509277,-0.1340000033378601,2.477999925613404
23.354999542236328,-0.4020000100135803,3.617000102996826
23.143999099731445,-6.09499979019165,5.559000015258789
22.65200042724609,0.5360000133514404,1.1390000581741333
22.58099937438965,-0.9380000233650208,1.875
23.636999130249023,0.3350000083446503,2.2100000381469727
25.606000900268555,1.5410000085830688,1.9420000314712524
26.66200065612793,0.2680000066757202,1.5410000085830688
24.972999572753903,5.692999839782715,0.9380000233650208
24.481000900268555,9.979999542236328,0.0
24.05900001525879,12.72599983215332,0.06700000166893
23.49600028991699,17.548999786376953,1.4739999771118164
23.636999130249023,16.67799949645996,0.6700000166893005
23.707000732421875,15.13700008392334,0.5360000133514404
23.28499984741211,16.007999420166016,1.6740000247955322
22.72200012207031,18.41900062561035,4.2199997901916495
23.56599998474121,15.338000297546388,2.4110000133514404
23.28499984741211,15.404999732971191,2.2100000381469727
23.42600059509277,12.390999794006348,0.7369999885559082
23.28499984741211,13.060999870300291,1.5410000085830688
22.79199981689453,15.270999908447266,3.282000064849853
23.07399940490723,12.324000358581545,1.6080000400543213
23.707000732421875,8.371999740600586,1.6740000247955322
25.67700004577637,2.4110000133514404,1.6740000247955322
25.32500076293945,-1.406999945640564,2.746000051498413
25.11400032043457,-3.750999927520752,3.6840000152587886
24.90299987792969,-5.090000152587892,4.019000053405762
24.19899940490723,-6.429999828338622,4.3540000915527335
24.05900001525879,-4.2199997901916495,5.0229997634887695
25.2549991607666,-3.41599988937378,4.0859999656677255
27.295000076293945,-0.7369999885559082,3.3489999771118164
26.02799987792969,2.477999925613404,1.875
27.92799949645996,5.894000053405763,1.2730000019073486
27.083999633789062,9.845999717712402,0.5360000133514404
25.395000457763672,13.19499969482422,0.7369999885559082
25.04400062561035,19.290000915527344,2.746000051498413
24.34000015258789,19.75900077819824,1.807999968528748
24.19899940490723,17.482000350952152,1.4739999771118164
24.62100028991699,18.084999084472656,2.2769999504089355
24.62100028991699,17.75,3.3489999771118164
23.77700042724609,18.01799964904785,3.750999927520752
24.34000015258789,15.940999984741213,2.344000101089477
23.56599998474121,14.60200023651123,2.344000101089477
24.55100059509277,11.654999732971191,0.8709999918937683
23.988000869750977,11.98900032043457,0.8040000200271606
23.707000732421875,10.3149995803833,1.1390000581741333
24.270000457763672,8.171999931335451,1.807999968528748
24.12899971008301,3.013999938964844,2.477999925613404
22.51099967956543,-2.812999963760376,3.0810000896453857
22.44099998474121,-5.290999889373778,4.0859999656677255
22.58099937438965,-5.692999839782715,4.554999828338623
23.42600059509277,-6.831999778747559,4.822999954223633
23.354999542236328,-5.559000015258789,4.152999877929688
23.00300025939941,-3.0810000896453857,2.880000114440918
23.636999130249023,-0.6700000166893005,2.9470000267028813
24.12899971008301,0.6700000166893005,1.9420000314712524
24.90299987792969,7.501999855041504,1.0720000267028809
24.05900001525879,7.501999855041504,0.6700000166893005
23.988000869750977,11.854999542236328,0.6029999852180481
21.947999954223643,18.55299949645996,1.9420000314712524
21.73699951171875,19.1560001373291,1.0720000267028809
21.87800025939941,19.1560001373291,2.477999925613404
21.808000564575195,18.2189998626709,2.4110000133514404
21.315000534057614,22.638999938964844,5.357999801635742
21.525999069213867,18.88800048828125,3.818000078201294
21.315000534057614,15.472000122070312,2.075999975204468
21.03400039672852,15.404999732971191,2.678999900817871
21.2450008392334,14.60200023651123,1.9420000314712524
21.03400039672852,14.468000411987305,1.6080000400543213
20.68199920654297,13.463000297546388,1.6080000400543213
21.173999786376957,9.711999893188477,2.678999900817871
22.3700008392334,3.1480000019073486,3.0810000896453857
21.45599937438965,-1.2730000019073486,1.9420000314712524
20.75200080871582,0.7369999885559082,2.477999925613404
19.90800094604492,-7.769999980926514,4.822999954223633
20.61199951171875,-8.439000129699707,5.1570000648498535
20.32999992370605,-7.501999855041504,5.290999889373778
22.299999237060547,-5.692999839782715,4.622000217437744
23.42600059509277,-2.746000051498413,3.0810000896453857
23.988000869750977,0.4020000100135803,2.2769999504089355
24.972999572753903,5.357999801635742,1.9420000314712524
23.636999130249023,10.3149995803833,1.3400000333786009
22.299999237060547,12.123000144958494,0.7369999885559082
21.66699981689453,17.75,1.9420000314712524
21.66699981689453,19.625,2.009000062942505
21.525999069213867,19.02199935913086,3.0810000896453857
21.525999069213867,18.152000427246094,2.2769999504089355
21.173999786376957,17.816999435424805,2.2100000381469727
21.10400009155273,17.482000350952152,2.678999900817871
21.38500022888184,19.826000213623047,4.554999828338623
21.45599937438965,14.736000061035154,1.741000056266785
21.173999786376957,16.275999069213867,2.678999900817871
20.89299964904785,16.745000839233402,3.1480000019073486
20.400999069213867,15.06999969482422,2.5450000762939453
22.089000701904297,11.052000045776367,3.549999952316284
23.636999130249023,4.75600004196167,2.9470000267028813
23.00300025939941,0.0,4.152999877929688
22.299999237060547,-4.48799991607666,4.48799991607666
22.089000701904297,-6.027999877929688,4.689000129699707
22.299999237060547,-7.301000118255615,4.822999954223633
21.66699981689453,-5.760000228881836,5.0229997634887695
21.45599937438965,-4.554999828338623,4.956999778747559
22.933000564575195,-1.1390000581741333,4.019000053405762
22.44099998474121,-0.1340000033378601,2.2100000381469727
23.49600028991699,4.689000129699707,1.406999945640564
21.87800025939941,9.444000244140623,0.7369999885559082
21.525999069213867,12.458000183105469,0.9380000233650208
21.2450008392334,18.48600006103516,2.344000101089477
21.2450008392334,20.6299991607666,2.9470000267028813
20.190000534057614,20.0939998626709,3.2149999141693115
20.75200080871582,18.687000274658203,3.1480000019073486
20.048999786376957,19.75900077819824,3.750999927520752
20.96299934387207,19.558000564575195,4.2199997901916495
20.75200080871582,20.027000427246094,4.689000129699707
20.47100067138672,18.152000427246094,4.2199997901916495
19.83799934387207,16.40999984741211,3.617000102996826
19.83799934387207,15.338000297546388,2.2769999504089355
19.97900009155273,15.538999557495115,2.2769999504089355
21.2450008392334,11.588000297546388,2.9470000267028813
22.863000869750977,5.223999977111816,3.3489999771118164
22.65200042724609,-1.2059999704360962,3.41599988937378
21.38500022888184,-3.549999952316284,3.6840000152587886
21.38500022888184,-5.1570000648498535,5.1570000648498535
21.73699951171875,-5.827000141143799,5.425000190734863
22.44099998474121,-5.492000102996826,5.625999927520752
23.07399940490723,-3.3489999771118164,4.822999954223633
24.40999984741211,-0.5360000133514404,4.2199997901916495
23.56599998474121,1.0720000267028809,3.013999938964844
23.847999572753903,6.764999866485598,2.4110000133514404
23.143999099731445,10.649999618530272,1.6080000400543213
23.143999099731445,13.060999870300291,1.4739999771118164
21.808000564575195,19.625,2.812999963760376
21.315000534057614,20.0939998626709,2.2769999504089355
21.38500022888184,20.027000427246094,3.013999938964844
21.2450008392334,19.959999084472656,3.617000102996826
21.45599937438965,20.763999938964844,5.090000152587892
21.03400039672852,19.89299964904785,4.152999877929688
21.38500022888184,19.423999786376957,3.3489999771118164
21.173999786376957,17.548999786376953,3.0810000896453857
21.315000534057614,17.75,3.818000078201294
20.400999069213867,17.281000137329098,3.617000102996826
21.10400009155273,15.67300033569336,2.746000051498413
22.72200012207031,13.597000122070312,4.622000217437744
24.34000015258789,5.223999977111816,3.549999952316284
23.354999542236328,0.4690000116825104,3.884999990463257
23.143999099731445,-1.741000056266785,4.3540000915527335
23.847999572753903,-3.0810000896453857,5.090000152587892
23.917999267578125,-3.95199990272522,4.689000129699707
24.34000015258789,-1.6080000400543213,4.689000129699707
25.606000900268555,0.0,5.357999801635742
26.590999603271484,2.1429998874664307,4.622000217437744
26.520999908447266,4.287000179290772,3.1480000019073486
25.95800018310547,7.301000118255615,2.746000051498413
24.691999435424805,10.91800022125244,1.6080000400543213
22.3700008392334,14.401000022888184,1.5410000085830688
21.38500022888184,19.826000213623047,3.750999927520752
20.96299934387207,20.6299991607666,2.2769999504089355
21.73699951171875,20.83099937438965,3.013999938964844
21.947999954223643,20.763999938964844,3.95199990272522
21.87800025939941,20.0939998626709,3.95199990272522
22.089000701904297,19.89299964904785,3.6840000152587886
22.089000701904297,18.88800048828125,4.287000179290772
22.15900039672852,18.2189998626709,3.884999990463257
21.87800025939941,17.14699935913086,3.6840000152587886
21.73699951171875,17.615999221801758,4.3540000915527335
21.73699951171875,16.67799949645996,3.617000102996826
22.65200042724609,12.256999969482422,3.549999952316284
24.481000900268555,7.501999855041504,4.554999828338623
24.761999130249023,1.807999968528748,4.019000053405762
24.691999435424805,-0.6700000166893005,4.019000053405762
24.55100059509277,-1.807999968528748,5.827000141143799
24.40999984741211,-1.406999945640564,5.357999801635742
24.40999984741211,-1.2059999704360962,4.956999778747559
25.816999435424805,-0.2680000066757202,5.290999889373778
25.746999740600582,1.9420000314712524,4.287000179290772
26.23900032043457,3.750999927520752,3.282000064849853
26.23900032043457,8.706999778747559,2.678999900817871
24.62100028991699,11.45400047302246,1.807999968528748
22.299999237060547,14.468000411987305,1.9420000314712524
22.089000701904297,21.16600036621093,3.818000078201294
21.87800025939941,15.06999969482422,0.6029999852180481
22.018999099731445,15.003999710083008,1.807999968528748
21.808000564575195,15.538999557495115,1.807999968528748
21.45599937438965,16.878999710083008,3.013999938964844
21.38500022888184,14.60200023651123,2.746000051498413
21.2450008392334,14.668999671936035,2.477999925613404
21.173999786376957,12.659000396728516,1.6740000247955322
20.68199920654297,13.932000160217283,2.2769999504089355
20.400999069213867,11.45400047302246,1.6080000400543213
20.11899948120117,10.717000007629396,1.2059999704360962
20.96299934387207,8.305999755859375,2.009000062942505
22.299999237060547,2.9470000267028813,1.9420000314712524
21.73699951171875,-4.48799991607666,1.2059999704360962
21.947999954223643,-6.027999877929688,2.1429998874664307
21.947999954223643,-8.640000343322754,4.287000179290772
22.58099937438965,-8.840999603271484,3.617000102996826
22.72200012207031,-7.501999855041504,3.750999927520752
23.988000869750977,-5.357999801635742,3.818000078201294
24.270000457763672,-3.013999938964844,2.880000114440918
25.04400062561035,-0.6029999852180481,1.875
25.606000900268555,2.678999900817871,0.8709999918937683
24.12899971008301,7.301000118255615,0.4690000116825104
22.863000869750977,9.51099967956543,0.06700000166893
22.229999542236328,13.730999946594238,1.0049999952316284
21.73699951171875,13.864999771118164,1.1390000581741333
21.45599937438965,13.060999870300291,1.2059999704360962
21.45599937438965,11.854999542236328,1.0049999952316284
21.03400039672852,11.92199993133545,0.4690000116825104
20.61199951171875,12.72599983215332,1.6080000400543213
20.75200080871582,11.31999969482422,1.807999968528748
20.47100067138672,11.185999870300291,0.2010000050067901
20.26000022888184,9.645000457763672,-0.06700000166893
19.83799934387207,11.185999870300291,1.3400000333786009
19.34499931335449,8.439000129699707,1.0720000267028809
20.26000022888184,6.36299991607666,1.2059999704360962
21.947999954223643,0.7369999885559082,1.6740000247955322
22.15900039672852,-3.4830000400543213,2.009000062942505
22.299999237060547,-5.425000190734863,2.009000062942505
22.58099937438965,-6.89900016784668,3.3489999771118164
22.79199981689453,-8.104999542236326,3.2149999141693115
23.636999130249023,-6.89900016784668,3.41599988937378
24.40999984741211,-5.960999965667725,2.477999925613404
25.395000457763672,-4.0859999656677255,2.2769999504089355
25.816999435424805,-1.406999945640564,1.2730000019073486
25.95800018310547,3.0810000896453857,0.3350000083446503
23.636999130249023,6.697999954223633,-0.06700000166893
22.3700008392334,9.51099967956543,0.0
21.87800025939941,13.395999908447266,0.6700000166893005
21.2450008392334,15.20400047302246,1.2730000019073486
20.96299934387207,14.401000022888184,1.807999968528748
21.45599937438965,14.668999671936035,1.741000056266785
21.2450008392334,15.940999984741213,2.611999988555908
21.2450008392334,15.67300033569336,2.746000051498413
21.10400009155273,15.003999710083008,2.678999900817871
20.47100067138672,14.668999671936035,2.1429998874664307
20.32999992370605,12.72599983215332,1.4739999771118164
19.62700080871582,10.649999618530272,1.0720000267028809
19.13400077819824,10.649999618530272,1.1390000581741333
19.20499992370605,7.568999767303468,1.1390000581741333
19.34499931335449,3.41599988937378,1.1390000581741333
20.11899948120117,-2.1429998874664307,1.0720000267028809
20.190000534057614,-4.421000003814697,2.9470000267028813
20.82299995422364,-6.2290000915527335,3.013999938964844
21.38500022888184,-6.296000003814697,2.880000114440918
22.089000701904297,-5.1570000648498535,3.6840000152587886
23.636999130249023,-4.3540000915527335,3.549999952316284
24.62100028991699,-2.812999963760376,1.875
25.746999740600582,0.9380000233650208,1.1390000581741333
24.270000457763672,3.2149999141693115,0.4690000116825104
23.28499984741211,8.171999931335451,-0.06700000166893
21.87800025939941,9.913000106811523,-0.06700000166893
21.525999069213867,13.32900047302246,0.6029999852180481
21.03400039672852,15.20400047302246,0.8040000200271606
20.75200080871582,14.937000274658203,1.807999968528748
21.03400039672852,14.468000411987305,1.6740000247955322
20.82299995422364,15.807000160217283,3.0810000896453857
20.47100067138672,15.270999908447266,2.2769999504089355
20.61199951171875,13.529999732971191,2.075999975204468
20.47100067138672,14.803000450134276,2.812999963760376
20.190000534057614,15.06999969482422,2.075999975204468
20.11899948120117,13.060999870300291,2.075999975204468
19.62700080871582,10.717000007629396,1.6740000247955322
20.400999069213867,8.371999740600586,2.746000051498413
21.03400039672852,2.9470000267028813,2.5450000762939453
21.66699981689453,-2.477999925613404,1.807999968528748
21.808000564575195,-5.0229997634887695,2.812999963760376
22.51099967956543,-6.89900016784668,3.617000102996826
23.354999542236328,-6.162000179290772,3.95199990272522
23.636999130249023,-5.559000015258789,3.95199990272522
24.40999984741211,-5.492000102996826,2.5450000762939453
24.481000900268555,-3.818000078201294,1.875
25.2549991607666,-1.3400000333786009,0.8040000200271606
24.90299987792969,3.2149999141693115,0.3350000083446503
23.847999572753903,8.640000343322754,0.0
22.933000564575195,10.3149995803833,0.2010000050067901
22.44099998474121,13.864999771118164,0.8709999918937683
22.15900039672852,13.597000122070312,1.0049999952316284
21.87800025939941,13.463000297546388,1.0720000267028809
21.525999069213867,13.864999771118164,0.1340000033378601
20.96299934387207,13.32900047302246,1.4739999771118164
21.173999786376957,13.128000259399414,1.807999968528748
20.61199951171875,13.26200008392334,1.4739999771118164
20.32999992370605,12.324000358581545,1.6080000400543213
20.11899948120117,10.784000396728516,0.6700000166893005
19.62700080871582,10.3149995803833,0.6029999852180481
19.274999618530277,9.243000030517578,0.7369999885559082
19.62700080871582,5.692999839782715,0.8040000200271606
20.61199951171875,0.6029999852180481,0.7369999885559082
20.82299995422364,-4.0859999656677255,1.6740000247955322
21.2450008392334,-6.162000179290772,2.880000114440918
21.597000122070312,-7.769999980926514,4.287000179290772
21.73699951171875,-7.836999893188477,3.3489999771118164
22.229999542236328,-7.166999816894531,3.3489999771118164
23.143999099731445,-5.760000228881836,3.750999927520752
24.05900001525879,-2.880000114440918,2.009000062942505
24.90299987792969,-0.7369999885559082,1.3400000333786009
24.34000015258789,3.41599988937378,0.4020000100135803
23.636999130249023,7.368000030517577,0.0
22.44099998474121,10.381999969482422,0.1340000033378601
22.018999099731445,13.663999557495115,0.6700000166893005
21.66699981689453,13.597000122070312,1.4739999771118164
21.38500022888184,13.597000122070312,1.807999968528748
21.2450008392334,12.390999794006348,0.3350000083446503
20.68199920654297,13.19499969482422,1.0049999952316284
20.190000534057614,14.199999809265137,2.1429998874664307
19.97900009155273,11.720999717712402,1.2059999704360962
19.48600006103516,11.854999542236328,0.7369999885559082
19.55599975585937,11.31999969482422,0.7369999885559082
19.274999618530277,10.11400032043457,0.6029999852180481
18.78300094604492,7.568999767303468,0.4690000116825104
19.13400077819824,5.625999927520752,0.8040000200271606
19.48600006103516,-0.06700000166893,0.9380000233650208
19.90800094604492,-4.287000179290772,2.075999975204468
19.97900009155273,-7.0329999923706055,3.282000064849853
20.54100036621093,-10.11400032043457,4.019000053405762
20.68199920654297,-7.301000118255615,2.746000051498413
20.96299934387207,-8.572999954223633,3.1480000019073486
22.229999542236328,-6.63100004196167,3.41599988937378
22.863000869750977,-4.152999877929688,1.3400000333786009
23.42600059509277,-1.9420000314712524,1.2730000019073486
23.00300025939941,2.1429998874664307,0.2010000050067901
22.089000701904297,11.92199993133545,1.406999945640564
21.173999786376957,14.53499984741211,1.4739999771118164
20.61199951171875,20.96500015258789,3.0810000896453857
20.190000534057614,22.4379997253418,3.282000064849853
19.90800094604492,21.099000930786133,3.818000078201294
19.76799964904785,20.22800064086914,2.678999900817871
19.41600036621093,20.69700050354004,3.6840000152587886
19.20499992370605,20.69700050354004,5.0229997634887695
19.20499992370605,19.35700035095215,4.689000129699707
18.78300094604492,18.55299949645996,3.95199990272522
18.64200019836425,16.878999710083008,3.282000064849853
18.290000915527344,16.945999145507812,2.9470000267028813
18.07900047302246,15.003999710083008,3.2149999141693115
18.57200050354004,12.79300022125244,2.611999988555908
19.34499931335449,5.0229997634887695,3.1480000019073486
19.62700080871582,-0.5360000133514404,2.812999963760376
19.20499992370605,0.6700000166893005,3.41599988937378
19.274999618530277,-1.2059999704360962,3.818000078201294
19.69700050354004,-7.301000118255615,5.0229997634887695
19.76799964904785,-5.090000152587892,4.554999828338623
19.83799934387207,-1.2730000019073486,2.4110000133514404
20.82299995422364,7.703000068664551,1.9420000314712524
19.06399917602539,4.019000053405762,1.6740000247955322
18.290000915527344,9.979999542236328,1.1390000581741333
17.868000030517578,9.979999542236328,0.5360000133514404
11.817999839782717,9.779000282287598,-0.4690000116825104
15.89799976348877,16.544000625610348,1.2730000019073486
16.180000305175778,18.084999084472656,1.6080000400543213
16.461000442504886,18.35300064086914,2.075999975204468
16.743000030517578,17.816999435424805,2.5450000762939453
16.882999420166016,19.691999435424805,3.282000064849853
16.882999420166016,19.691999435424805,3.282000064849853
16.882999420166016,19.691999435424805,3.282000064849853
16.882999420166016,19.691999435424805,3.282000064849853
16.882999420166016,19.691999435424805,3.282000064849853
16.882999420166016,19.691999435424805,3.282000064849853
16.882999420166016,19.691999435424805,3.282000064849853
16.882999420166016,19.691999435424805,3.282000064849853
16.882999420166016,19.691999435424805,3.282000064849853
16.882999420166016,19.691999435424805,3.282000064849853
16.882999420166016,19.691999435424805,3.282000064849853
16.882999420166016,19.691999435424805,3.282000064849853
16.882999420166016,19.691999435424805,3.282000064849853
16.882999420166016,19.691999435424805,3.282000064849853
16.882999420166016,19.691999435424805,3.282000064849853
16.882999420166016,19.691999435424805,3.282000064849853
16.882999420166016,19.691999435424805,3.282000064849853
16.882999420166016,19.691999435424805,3.282000064849853
16.882999420166016,19.691999435424805,3.282000064849853
16.882999420166016,19.691999435424805,3.282000064849853
16.882999420166016,19.691999435424805,3.282000064849853
16.882999420166016,19.691999435424805,3.282000064849853
16.882999420166016,19.691999435424805,3.282000064849853
16.882999420166016,19.691999435424805,3.282000064849853
17.868000030517578,18.55299949645996,3.013999938964844
17.79800033569336,17.01300048828125,2.2769999504089355
17.516000747680664,15.13700008392334,1.875
17.79800033569336,13.395999908447266,1.2059999704360962
17.093999862670902,13.529999732971191,1.406999945640564
16.672000885009766,12.390999794006348,1.6740000247955322
16.743000030517578,11.588000297546388,1.1390000581741333
16.601999282836914,5.559000015258789,1.3400000333786009
17.02400016784668,5.625999927520752,1.2730000019073486
16.25,3.41599988937378,1.5410000085830688
16.461000442504886,6.36299991607666,1.5410000085830688
16.25,-2.2769999504089355,1.807999968528748
17.165000915527347,-4.554999828338623,2.880000114440918
17.445999145507812,-8.975000381469727,3.884999990463257
18.43099975585937,3.282000064849853,2.1429998874664307
17.586999893188473,6.764999866485598,1.6080000400543213
17.235000610351562,7.903999805450439,1.3400000333786009
16.812999725341793,6.36299991607666,1.2059999704360962
16.25,8.640000343322754,0.6029999852180481
15.82800006866455,9.913000106811523,-0.2680000066757202
15.89799976348877,14.803000450134276,0.5360000133514404
16.320999145507812,13.79800033569336,0.0
16.672000885009766,13.529999732971191,1.0720000267028809
15.54699993133545,12.123000144958494,0.4020000100135803
15.758000373840332,14.199999809265137,1.6080000400543213
14.843000411987305,12.1899995803833,1.0049999952316284
15.053999900817873,12.592000007629396,1.406999945640564
15.265000343322756,10.515999794006348,0.06700000166893
14.77299976348877,11.588000297546388,0.9380000233650208
15.125,10.3149995803833,0.6700000166893005
12.944000244140623,10.85099983215332,1.0720000267028809
14.210000038146973,7.903999805450439,1.406999945640564
14.843000411987305,5.290999889373778,0.5360000133514404
15.47599983215332,3.013999938964844,1.1390000581741333
15.54699993133545,2.611999988555908,0.8040000200271606
15.82800006866455,2.009000062942505,1.3400000333786009
15.968999862670898,2.5450000762939453,0.6700000166893005
16.531999588012695,2.678999900817871,0.3350000083446503
14.913999557495115,5.090000152587892,0.7369999885559082
16.108999252319336,1.4739999771118164,0.6700000166893005
16.461000442504886,5.223999977111816,0.3350000083446503
15.47599983215332,8.975000381469727,0.4690000116825104
12.803000450134276,8.975000381469727,-0.06700000166893
12.944000244140623,10.04699993133545,-0.8040000200271606
13.435999870300291,11.052000045776367,-0.4690000116825104
15.616999626159668,10.180999755859377,-1.6080000400543213
16.391000747680664,12.324000358581545,0.3350000083446503
14.70300006866455,13.663999557495115,1.741000056266785
12.803000450134276,15.404999732971191,3.013999938964844
12.944000244140623,13.32900047302246,1.807999968528748
12.029000282287598,13.597000122070312,1.6740000247955322
15.336000442504885,12.055999755859377,1.3400000333786009
15.89799976348877,14.199999809265137,1.807999968528748
16.320999145507812,13.32900047302246,1.9420000314712524
16.320999145507812,13.463000297546388,2.1429998874664307
16.95400047302246,12.390999794006348,1.6740000247955322
17.586999893188473,6.497000217437744,1.6080000400543213
16.882999420166016,8.840999603271484,1.9420000314712524
17.305000305175778,-1.4739999771118164,1.741000056266785
16.95400047302246,-0.06700000166893,2.075999975204468
16.95400047302246,-4.75600004196167,1.807999968528748
17.165000915527347,-14.668999671936035,4.689000129699707
13.99899959564209,-10.784000396728516,3.6840000152587886
14.843000411987305,-7.234000205993652,2.4110000133514404
17.093999862670902,2.009000062942505,0.3350000083446503
17.093999862670902,6.831999778747559,0.2010000050067901
17.165000915527347,7.568999767303468,-0.2680000066757202
16.882999420166016,9.041999816894531,-0.4020000100135803
16.812999725341793,12.1899995803833,0.1340000033378601
16.601999282836914,10.85099983215332,-0.1340000033378601
16.672000885009766,10.449000358581545,0.1340000033378601
16.531999588012695,10.784000396728516,0.6700000166893005
16.812999725341793,12.72599983215332,2.075999975204468
16.461000442504886,11.052000045776367,1.2059999704360962
16.601999282836914,12.458000183105469,2.009000062942505
16.601999282836914,11.98900032043457,1.9420000314712524
16.672000885009766,11.45400047302246,1.406999945640564
16.320999145507812,10.91800022125244,1.1390000581741333
16.601999282836914,11.788000106811523,1.741000056266785
17.235000610351562,8.975000381469727,2.2769999504089355
18.009000778198242,4.554999828338623,1.5410000085830688
18.36100006103516,-1.4739999771118164,2.812999963760376
18.78300094604492,-3.4830000400543213,3.617000102996826
19.62700080871582,-5.559000015258789,4.152999877929688
17.79800033569336,-5.760000228881836,3.282000064849853
14.35099983215332,2.678999900817871,1.406999945640564
19.90800094604492,-4.889999866485597,2.678999900817871
20.54100036621093,10.515999794006348,0.8709999918937683
20.26000022888184,0.3350000083446503,1.741000056266785
21.45599937438965,5.223999977111816,1.0720000267028809
20.68199920654297,9.444000244140623,0.4020000100135803
19.274999618530277,12.859999656677244,0.2680000066757202
18.85300064086914,18.084999084472656,1.6080000400543213
18.99399948120117,17.816999435424805,1.3400000333786009
18.99399948120117,16.142000198364258,1.5410000085830688
18.78300094604492,16.40999984741211,1.875
19.41600036621093,17.884000778198242,4.2199997901916495
19.48600006103516,17.548999786376953,4.0859999656677255
19.48600006103516,14.333999633789062,2.2100000381469727
19.62700080871582,15.807000160217283,3.013999938964844
19.34499931335449,13.663999557495115,2.5450000762939453
19.06399917602539,14.60200023651123,3.0810000896453857
19.20499992370605,14.333999633789062,2.746000051498413
20.190000534057614,9.175999641418455,2.2100000381469727
20.47100067138672,4.822999954223633,2.678999900817871
20.400999069213867,-0.7369999885559082,2.1429998874664307
20.68199920654297,-1.6740000247955322,3.013999938964844
20.75200080871582,-4.287000179290772,4.0859999656677255
21.03400039672852,-4.822999954223633,3.818000078201294
21.45599937438965,-4.75600004196167,4.75600004196167
21.525999069213867,-3.750999927520752,3.884999990463257
23.143999099731445,8.104999542236326,1.807999968528748
22.933000564575195,4.019000053405762,2.4110000133514404
21.66699981689453,8.77400016784668,1.4739999771118164
20.96299934387207,11.98900032043457,1.807999968528748
20.89299964904785,15.270999908447266,1.4739999771118164
19.90800094604492,19.1560001373291,2.678999900817871
19.97900009155273,17.75,1.4739999771118164
19.83799934387207,15.06999969482422,1.5410000085830688
19.90800094604492,13.663999557495115,1.1390000581741333
19.48600006103516,15.404999732971191,1.9420000314712524
19.06399917602539,14.736000061035154,1.741000056266785
18.78300094604492,13.19499969482422,1.807999968528748
18.99399948120117,13.19499969482422,2.2769999504089355
19.20499992370605,12.79300022125244,1.875
18.78300094604492,12.324000358581545,1.406999945640564
18.57200050354004,11.38700008392334,1.0720000267028809
18.85300064086914,6.497000217437744,1.2059999704360962
19.274999618530277,1.5410000085830688,2.344000101089477
19.90800094604492,-2.2100000381469727,3.013999938964844
20.68199920654297,-2.9470000267028813,4.2199997901916495
20.82299995422364,-4.889999866485597,4.152999877929688
20.96299934387207,-4.3540000915527335,4.421000003814697
21.38500022888184,-4.3540000915527335,5.0229997634887695
22.44099998474121,-3.1480000019073486,3.818000078201294
23.28499984741211,0.6029999852180481,2.812999963760376
23.42600059509277,3.818000078201294,2.2100000381469727
23.07399940490723,8.038000106811522,1.3400000333786009
21.87800025939941,11.38700008392334,1.1390000581741333
20.82299995422364,15.20400047302246,0.6700000166893005
20.89299964904785,19.691999435424805,2.344000101089477
20.89299964904785,20.160999298095703,2.678999900817871
21.03400039672852,19.75900077819824,2.611999988555908
21.03400039672852,18.6200008392334,3.013999938964844
20.89299964904785,19.290000915527344,2.9470000267028813
20.96299934387207,18.6200008392334,3.750999927520752
20.96299934387207,16.745000839233402,3.013999938964844
20.75200080871582,16.40999984741211,2.678999900817871
20.75200080871582,15.20400047302246,3.2149999141693115
20.47100067138672,15.87399959564209,1.807999968528748
20.400999069213867,13.19499969482422,2.2769999504089355
21.10400009155273,10.381999969482422,2.4110000133514404
21.03400039672852,6.697999954223633,3.282000064849853
21.173999786376957,-0.2680000066757202,2.812999963760376
21.808000564575195,-1.4739999771118164,4.689000129699707
22.089000701904297,-2.9470000267028813,4.48799991607666
21.947999954223643,-2.678999900817871,4.0859999656677255
22.79199981689453,-2.344000101089477,4.889999866485597
23.07399940490723,0.8040000200271606,4.622000217437744
22.51099967956543,6.027999877929688,1.9420000314712524
21.45599937438965,9.979999542236328,1.0049999952316284
21.66699981689453,8.305999755859375,0.4020000100135803
20.96299934387207,10.180999755859377,0.4690000116825104
20.82299995422364,15.404999732971191,0.6700000166893005
19.90800094604492,19.89299964904785,2.880000114440918
20.190000534057614,18.285999298095703,1.406999945640564
20.400999069213867,20.0939998626709,3.1480000019073486
17.445999145507812,15.807000160217283,1.1390000581741333
14.843000411987305,17.01300048828125,3.818000078201294
18.21999931335449,15.605999946594238,3.1480000019073486
18.009000778198242,17.214000701904293,3.41599988937378
17.445999145507812,13.99899959564209,1.807999968528748
18.009000778198242,15.338000297546388,2.5450000762939453
17.726999282836914,15.13700008392334,2.4110000133514404
17.305000305175778,14.53499984741211,1.875
17.02400016784668,12.927000045776367,2.009000062942505
16.320999145507812,9.779000282287598,0.8709999918937683
11.958999633789062,8.171999931335451,-1.6080000400543213
12.944000244140623,8.975000381469727,0.4020000100135803
11.536999702453612,8.975000381469727,-0.2680000066757202
14.70300006866455,-0.2010000050067901,0.0
12.380999565124512,7.836999893188477,-0.5360000133514404
15.758000373840332,3.41599988937378,-0.2680000066757202
14.069000244140623,5.290999889373778,-0.4020000100135803
10.833000183105469,8.439000129699707,-0.2680000066757202
10.762999534606934,8.907999992370605,-0.5360000133514404
13.013999938964846,7.703000068664551,-0.06700000166893
15.19499969482422,7.903999805450439,-0.5360000133514404
14.491000175476074,9.3100004196167,-0.4020000100135803
12.87399959564209,8.104999542236326,-1.1390000581741333
14.843000411987305,8.23900032043457,-0.4020000100135803
15.053999900817873,7.903999805450439,-0.8040000200271606
15.265000343322756,10.984999656677246,1.0049999952316284
15.336000442504885,10.91800022125244,1.1390000581741333
15.053999900817873,10.449000358581545,0.8040000200271606
15.053999900817873,10.248000144958496,0.8709999918937683
14.984000205993652,10.04699993133545,0.5360000133514404
12.310999870300291,10.91800022125244,0.8040000200271606
11.678000450134276,10.11400032043457,0.0
11.536999702453612,9.51099967956543,0.5360000133514404
14.70300006866455,9.845999717712402,1.741000056266785
15.54699993133545,7.501999855041504,1.3400000333786009
15.89799976348877,6.764999866485598,1.406999945640564
15.82800006866455,-2.1429998874664307,1.9420000314712524
15.82800006866455,-0.6700000166893005,1.4739999771118164
16.108999252319336,0.9380000233650208,0.9380000233650208
16.672000885009766,0.6029999852180481,1.3400000333786009
16.812999725341793,4.75600004196167,1.0720000267028809
16.531999588012695,4.2199997901916495,0.1340000033378601
17.093999862670902,3.41599988937378,0.0
16.743000030517578,7.836999893188477,0.0
15.616999626159668,8.439000129699707,-0.7369999885559082
15.758000373840332,10.784000396728516,0.0
15.82800006866455,9.3100004196167,-0.6029999852180481
15.687000274658203,9.444000244140623,0.0
15.336000442504885,9.57800006866455,0.4020000100135803
15.968999862670898,10.515999794006348,0.5360000133514404
15.616999626159668,11.38700008392334,1.807999968528748
15.54699993133545,9.376999855041504,0.6700000166893005
15.687000274658203,9.845999717712402,0.8709999918937683
15.54699993133545,9.913000106811523,0.4690000116825104
15.54699993133545,9.979999542236328,1.2059999704360962
15.54699993133545,9.243000030517578,0.7369999885559082
15.616999626159668,5.960999965667725,1.2059999704360962
16.601999282836914,0.2680000066757202,2.009000062942505
16.461000442504886,-5.223999977111816,2.746000051498413
16.743000030517578,-7.636000156402588,4.554999828338623
17.656999588012695,-6.831999778747559,3.3489999771118164
18.009000778198242,-10.784000396728516,4.152999877929688
18.21999931335449,-10.85099983215332,4.48799991607666
19.76799964904785,-8.23900032043457,4.3540000915527335
20.47100067138672,-4.822999954223633,2.5450000762939453
21.173999786376957,-2.075999975204468,1.6740000247955322
21.173999786376957,3.41599988937378,0.4690000116825104
19.41600036621093,9.3100004196167,-0.2680000066757202
18.43099975585937,9.913000106811523,-0.06700000166893
18.009000778198242,13.932000160217283,0.4020000100135803
17.445999145507812,14.668999671936035,0.2680000066757202
17.937999725341797,13.730999946594238,1.0720000267028809
17.586999893188473,13.663999557495115,1.875
17.656999588012695,16.343000411987305,3.0810000896453857
17.305000305175778,16.142000198364258,2.880000114440918
17.093999862670902,14.468000411987305,2.746000051498413
16.882999420166016,14.401000022888184,2.075999975204468
17.02400016784668,13.730999946594238,2.746000051498413
16.461000442504886,12.994000434875488,1.406999945640564
16.531999588012695,13.32900047302246,1.9420000314712524
17.165000915527347,10.180999755859377,2.4110000133514404
18.009000778198242,3.1480000019073486,1.6080000400543213
18.500999450683597,-4.287000179290772,1.3400000333786009
19.20499992370605,-1.406999945640564,1.9420000314712524
18.64200019836425,-8.23900032043457,4.3540000915527335
19.48600006103516,-6.966000080108643,2.678999900817871
20.11899948120117,6.36299991607666,1.0720000267028809
20.26000022888184,1.5410000085830688,1.741000056266785
19.55599975585937,3.750999927520752,1.3400000333786009
19.34499931335449,5.960999965667725,0.7369999885559082
19.34499931335449,9.3100004196167,0.4690000116825104
18.500999450683597,9.3100004196167,0.2010000050067901
17.937999725341797,12.79300022125244,0.6029999852180481
17.586999893188473,15.472000122070312,1.1390000581741333
17.656999588012695,13.597000122070312,0.4690000116825104
17.656999588012695,12.592000007629396,0.8040000200271606
17.02400016784668,10.91800022125244,0.6029999852180481
17.516000747680664,13.19499969482422,1.4739999771118164
17.445999145507812,11.31999969482422,1.807999968528748
17.586999893188473,12.256999969482422,2.1429998874664307
16.25,11.654999732971191,1.6080000400543213
17.02400016784668,11.588000297546388,1.3400000333786009
16.812999725341793,10.11400032043457,0.5360000133514404
15.47599983215332,11.38700008392334,0.8709999918937683
13.29599952697754,9.243000030517578,1.0720000267028809
14.70300006866455,8.23900032043457,0.4020000100135803
13.225000381469728,7.501999855041504,0.9380000233650208
10.199999809265137,9.376999855041504,1.0720000267028809
9.98900032043457,7.703000068664551,0.6700000166893005
13.013999938964846,5.425000190734863,0.06700000166893
10.973999977111816,2.880000114440918,-0.2010000050067901
14.069000244140623,6.296000003814697,-0.2680000066757202
12.592000007629396,8.038000106811522,-0.06700000166893
10.833000183105469,7.636000156402588,0.1340000033378601
11.326000213623049,8.104999542236326,0.0
12.029000282287598,6.966000080108643,-0.4690000116825104
14.77299976348877,7.703000068664551,-1.3400000333786009
14.984000205993652,8.572999954223633,-0.7369999885559082
14.913999557495115,9.109000205993652,-1.0720000267028809
14.984000205993652,9.779000282287598,0.0
14.843000411987305,10.515999794006348,0.6700000166893005
14.843000411987305,12.79300022125244,1.807999968528748
14.913999557495115,11.45400047302246,1.0049999952316284
15.053999900817873,11.38700008392334,1.2059999704360962
15.265000343322756,12.123000144958494,1.4739999771118164
15.053999900817873,11.788000106811523,0.7369999885559082
15.406000137329102,12.1899995803833,1.5410000085830688
15.616999626159668,12.055999755859377,0.6700000166893005
14.913999557495115,10.85099983215332,1.9420000314712524
12.029000282287598,10.3149995803833,1.807999968528748
14.913999557495115,8.840999603271484,0.9380000233650208
13.085000038146973,9.979999542236328,1.6080000400543213
13.366000175476074,3.2149999141693115,1.4739999771118164
14.843000411987305,4.956999778747559,-0.2010000050067901
14.491000175476074,-4.0859999656677255,0.9380000233650208
15.47599983215332,-1.3400000333786009,0.7369999885559082
15.89799976348877,2.5450000762939453,-0.4690000116825104
15.54699993133545,1.2059999704360962,-0.3350000083446503
15.616999626159668,5.827000141143799,-0.6700000166893005
15.758000373840332,6.09499979019165,-0.6700000166893005
15.125,8.104999542236326,-1.0049999952316284
14.491000175476074,8.439000129699707,-0.8040000200271606
12.380999565124512,7.903999805450439,-2.075999975204468
14.279999732971191,9.913000106811523,0.1340000033378601
14.984000205993652,11.253000259399414,0.7369999885559082
15.053999900817873,13.128000259399414,1.807999968528748
15.336000442504885,13.19499969482422,2.2100000381469727
15.265000343322756,12.458000183105469,1.1390000581741333
15.406000137329102,12.994000434875488,2.2769999504089355
15.336000442504885,13.32900047302246,2.4110000133514404
14.77299976348877,14.267000198364258,1.875
15.336000442504885,13.99899959564209,1.3400000333786009
15.406000137329102,12.659000396728516,1.2730000019073486
15.687000274658203,9.979999542236328,1.5410000085830688
15.47599983215332,5.492000102996826,0.1340000033378601
15.687000274658203,4.152999877929688,0.6029999852180481
16.25,5.692999839782715,-0.2010000050067901
16.531999588012695,3.884999990463257,-0.1340000033378601
16.108999252319336,2.477999925613404,-0.5360000133514404
15.89799976348877,1.6740000247955322,0.4690000116825104
14.140000343322756,3.884999990463257,0.0
15.265000343322756,5.960999965667725,-0.7369999885559082
11.817999839782717,8.038000106811522,-1.0720000267028809
11.467000007629396,6.697999954223633,-1.6080000400543213
12.029000282287598,6.89900016784668,-2.5450000762939453
14.279999732971191,7.636000156402588,-1.875
14.70300006866455,8.77400016784668,-1.6740000247955322
14.843000411987305,9.243000030517578,-0.1340000033378601
14.77299976348877,9.913000106811523,0.2680000066757202
14.70300006866455,12.123000144958494,1.5410000085830688
14.562000274658203,11.119000434875488,0.6029999852180481
14.77299976348877,11.588000297546388,1.1390000581741333
14.70300006866455,10.180999755859377,1.2730000019073486
14.42099952697754,11.253000259399414,1.3400000333786009
14.491000175476074,9.376999855041504,0.3350000083446503
14.35099983215332,10.381999969482422,0.3350000083446503
14.42099952697754,8.572999954223633,0.7369999885559082
14.984000205993652,5.827000141143799,1.1390000581741333
15.47599983215332,1.3400000333786009,-0.06700000166893
15.968999862670898,-3.617000102996826,0.9380000233650208
15.336000442504885,-10.717000007629396,3.3489999771118164
15.758000373840332,-8.439000129699707,1.1390000581741333
16.743000030517578,-5.492000102996826,1.0720000267028809
17.79800033569336,-13.19499969482422,4.2199997901916495
18.009000778198242,-4.822999954223633,0.8040000200271606
18.500999450683597,-3.41599988937378,-0.2680000066757202
18.71199989318848,2.678999900817871,-0.1340000033378601
17.656999588012695,6.296000003814697,-0.3350000083446503
16.461000442504886,8.104999542236326,-0.6029999852180481
16.391000747680664,11.253000259399414,0.0
16.320999145507812,11.119000434875488,-0.4690000116825104
16.25,11.92199993133545,0.8040000200271606
16.180000305175778,14.199999809265137,1.9420000314712524
16.25,13.932000160217283,3.4830000400543213
16.25,13.663999557495115,2.9470000267028813
15.968999862670898,13.32900047302246,2.2769999504089355
16.391000747680664,12.524999618530272,1.6080000400543213
16.038999557495114,12.256999969482422,2.075999975204468
16.25,14.133000373840332,1.807999968528748
11.467000007629396,11.788000106811523,1.5410000085830688
10.552000045776367,11.052000045776367,1.6740000247955322
9.355999946594238,6.966000080108643,-1.1390000581741333
10.833000183105469,5.425000190734863,0.6029999852180481
12.451000213623049,2.2100000381469727,1.6080000400543213
14.491000175476074,5.894000053405763,1.1390000581741333
14.491000175476074,4.554999828338623,0.8709999918937683
14.77299976348877,2.075999975204468,0.6029999852180481
16.461000442504886,-4.822999954223633,3.2149999141693115
17.235000610351562,-7.769999980926514,3.818000078201294
18.57200050354004,-2.9470000267028813,2.678999900817871
17.305000305175778,7.099999904632568,1.741000056266785
16.108999252319336,7.501999855041504,0.5360000133514404
15.336000442504885,7.903999805450439,-0.6700000166893005
14.984000205993652,9.645000457763672,0.06700000166893
14.35099983215332,10.984999656677246,1.5410000085830688
14.77299976348877,11.520999908447266,1.6080000400543213
14.77299976348877,13.79800033569336,2.477999925613404
14.491000175476074,12.524999618530272,2.1429998874664307
14.35099983215332,13.128000259399414,2.344000101089477
14.843000411987305,12.72599983215332,2.344000101089477
14.913999557495115,12.859999656677244,3.282000064849853
14.913999557495115,13.529999732971191,2.2769999504089355
14.631999969482422,13.128000259399414,2.1429998874664307
14.491000175476074,13.463000297546388,2.5450000762939453
14.913999557495115,10.381999969482422,3.2149999141693115
16.461000442504886,7.166999816894531,3.2149999141693115
17.02400016784668,-3.3489999771118164,4.019000053405762
17.516000747680664,-6.09499979019165,5.1570000648498535
17.305000305175778,-5.492000102996826,4.019000053405762
17.235000610351562,-9.041999816894531,4.75600004196167
18.290000915527344,-10.11400032043457,4.019000053405762
18.57200050354004,-9.913000106811523,4.2199997901916495
19.06399917602539,-7.234000205993652,3.41599988937378
19.34499931335449,-2.2769999504089355,2.477999925613404
18.92300033569336,3.95199990272522,1.0720000267028809
17.656999588012695,6.2290000915527335,0.06700000166893
17.235000610351562,9.444000244140623,-0.6700000166893005
17.093999862670902,11.654999732971191,0.0
16.391000747680664,11.854999542236328,0.7369999885559082
16.461000442504886,12.123000144958494,1.1390000581741333
15.89799976348877,13.663999557495115,1.6080000400543213
16.108999252319336,15.739999771118164,3.282000064849853
16.038999557495114,15.605999946594238,3.1480000019073486
16.180000305175778,14.199999809265137,2.344000101089477
15.89799976348877,14.468000411987305,3.013999938964844
15.758000373840332,15.20400047302246,3.2149999141693115
15.89799976348877,13.932000160217283,2.746000051498413
15.687000274658203,15.13700008392334,1.875
17.165000915527347,9.243000030517578,2.2100000381469727
17.305000305175778,1.741000056266785,2.5450000762939453
17.235000610351562,-3.41599988937378,3.6840000152587886
18.009000778198242,-7.234000205993652,3.750999927520752
17.868000030517578,-10.515999794006348,3.95199990272522
18.500999450683597,-12.1899995803833,3.41599988937378
19.20499992370605,-11.052000045776367,4.0859999656677255
19.69700050354004,-8.907999992370605,3.6840000152587886
19.83799934387207,-6.564000129699707,2.477999925613404
19.69700050354004,4.956999778747559,0.0
19.41600036621093,3.818000078201294,0.06700000166893
18.64200019836425,8.505999565124513,-0.3350000083446503
18.07900047302246,11.45400047302246,0.0
17.79800033569336,13.529999732971191,0.3350000083446503
17.79800033569336,13.128000259399414,0.8040000200271606
17.79800033569336,14.065999984741213,1.4739999771118164
17.165000915527347,13.864999771118164,1.406999945640564
17.305000305175778,15.472000122070312,2.678999900817871
17.165000915527347,15.538999557495115,3.3489999771118164
17.093999862670902,13.99899959564209,2.477999925613404
17.093999862670902,14.333999633789062,2.9470000267028813
17.02400016784668,14.60200023651123,2.678999900817871
16.95400047302246,13.395999908447266,1.741000056266785
16.672000885009766,12.927000045776367,1.3400000333786009
17.586999893188473,9.243000030517578,2.009000062942505
18.21999931335449,5.894000053405763,1.6080000400543213
18.009000778198242,3.95199990272522,2.2100000381469727
18.78300094604492,-7.0329999923706055,3.4830000400543213
17.868000030517578,-8.640000343322754,4.956999778747559
19.06399917602539,-5.960999965667725,2.344000101089477
19.20499992370605,0.1340000033378601,1.741000056266785
19.69700050354004,-11.720999717712402,4.3540000915527335
20.190000534057614,-4.3540000915527335,1.807999968528748
18.92300033569336,6.027999877929688,0.4690000116825104
17.937999725341797,7.501999855041504,-0.2010000050067901
16.461000442504886,7.769999980926514,-0.9380000233650208
11.817999839782717,9.979999542236328,-0.5360000133514404
9.425999641418455,3.750999927520752,0.9380000233650208
8.722999572753906,4.3540000915527335,1.1390000581741333
12.380999565124512,5.894000053405763,2.477999925613404
13.013999938964846,8.23900032043457,3.282000064849853
9.56700038909912,6.764999866485598,1.4739999771118164
7.809000015258789,2.075999975204468,0.4020000100135803
8.722999572753906,3.0810000896453857,0.9380000233650208
8.371000289916992,3.750999927520752,1.6740000247955322
11.958999633789062,4.019000053405762,1.9420000314712524
12.380999565124512,4.3540000915527335,1.4739999771118164
13.013999938964846,4.889999866485597,1.5410000085830688
12.87399959564209,6.764999866485598,3.013999938964844
13.366000175476074,6.027999877929688,2.9470000267028813
14.069000244140623,7.501999855041504,3.884999990463257
14.984000205993652,8.706999778747559,3.750999927520752
15.687000274658203,7.099999904632568,3.95199990272522
15.82800006866455,0.6700000166893005,4.75600004196167
16.038999557495114,7.166999816894531,4.689000129699707
17.165000915527347,-8.439000129699707,8.371999740600586
17.165000915527347,2.2769999504089355,5.894000053405763
17.79800033569336,3.2149999141693115,5.492000102996826
17.516000747680664,6.63100004196167,5.827000141143799
16.743000030517578,10.04699993133545,5.223999977111816
15.053999900817873,11.720999717712402,5.090000152587892
14.70300006866455,13.128000259399414,5.625999927520752
14.843000411987305,12.055999755859377,4.48799991607666
14.70300006866455,14.60200023651123,7.166999816894531
14.70300006866455,15.13700008392334,7.568999767303468
14.42099952697754,15.270999908447266,8.371999740600586
14.843000411987305,14.937000274658203,7.769999980926514
14.069000244140623,14.869999885559082,7.97100019454956
13.788000106811523,14.736000061035154,7.836999893188477
14.631999969482422,15.06999969482422,8.104999542236326
14.35099983215332,13.79800033569336,7.234000205993652
14.77299976348877,16.007999420166016,7.903999805450439
16.180000305175778,13.128000259399414,8.23900032043457
17.165000915527347,5.960999965667725,8.77400016784668
17.235000610351562,-2.009000062942505,7.836999893188477
16.95400047302246,-5.425000190734863,9.779000282287598
16.882999420166016,-8.77400016784668,10.11400032043457
17.235000610351562,-10.04699993133545,9.51099967956543
16.95400047302246,-3.95199990272522,7.636000156402588
18.64200019836425,-5.492000102996826,8.706999778747559
19.274999618530277,-6.027999877929688,7.836999893188477
19.41600036621093,7.903999805450439,6.2290000915527335
18.71199989318848,7.97100019454956,6.36299991607666
17.375999450683597,10.180999755859377,4.287000179290772
16.601999282836914,12.1899995803833,4.421000003814697
16.391000747680664,13.932000160217283,5.692999839782715
16.25,13.060999870300291,5.090000152587892
15.968999862670898,12.659000396728516,5.357999801635742
15.54699993133545,12.1899995803833,5.492000102996826
15.053999900817873,13.79800033569336,6.296000003814697
14.77299976348877,12.994000434875488,6.764999866485598
14.631999969482422,12.927000045776367,6.36299991607666
14.35099983215332,11.31999969482422,6.2290000915527335
14.279999732971191,11.788000106811523,5.692999839782715
13.99899959564209,12.859999656677244,6.89900016784668
13.718000411987305,11.98900032043457,5.492000102996826
13.99899959564209,9.175999641418455,6.36299991607666
14.562000274658203,6.764999866485598,5.1570000648498535
14.984000205993652,1.2730000019073486,5.827000141143799
15.758000373840332,-3.750999927520752,6.831999778747559
15.89799976348877,-8.505999565124513,8.640000343322754
16.531999588012695,-10.04699993133545,8.505999565124513
16.672000885009766,-9.376999855041504,8.572999954223633
17.937999725341797,-7.636000156402588,8.640000343322754
18.500999450683597,-4.421000003814697,7.368000030517577
19.41600036621093,0.1340000033378601,5.425000190734863
19.06399917602539,5.625999927520752,4.2199997901916495
17.79800033569336,10.180999755859377,4.622000217437744
17.093999862670902,12.659000396728516,5.223999977111816
16.812999725341793,17.14699935913086,5.492000102996826
16.601999282836914,15.739999771118164,4.822999954223633
16.391000747680664,16.40999984741211,5.894000053405763
16.25,17.214000701904293,6.831999778747559
16.108999252319336,17.548999786376953,7.568999767303468
16.320999145507812,18.88800048828125,8.371999740600586
16.038999557495114,17.415000915527347,7.166999816894531
16.180000305175778,14.199999809265137,6.63100004196167
15.687000274658203,16.075000762939453,7.568999767303468
15.54699993133545,16.476999282836914,6.966000080108643
15.47599983215332,14.60200023651123,5.960999965667725
16.601999282836914,11.654999732971191,6.697999954223633
17.305000305175778,4.152999877929688,6.89900016784668
17.235000610351562,-3.95199990272522,6.09499979019165
18.009000778198242,-7.234000205993652,7.234000205993652
18.43099975585937,-8.439000129699707,8.439000129699707
18.64200019836425,-9.243000030517578,7.769999980926514
19.34499931335449,-7.501999855041504,8.505999565124513
20.89299964904785,-5.625999927520752,7.836999893188477
21.03400039672852,-2.9470000267028813,6.497000217437744
22.229999542236328,-0.4690000116825104,5.492000102996826
21.66699981689453,5.0229997634887695,4.622000217437744
20.11899948120117,9.57800006866455,4.3540000915527335
18.36100006103516,13.26200008392334,4.0859999656677255
17.868000030517578,18.35300064086914,5.357999801635742
18.009000778198242,19.691999435424805,7.301000118255615
18.07900047302246,18.48600006103516,6.497000217437744
18.009000778198242,17.816999435424805,7.099999904632568
17.868000030517578,18.285999298095703,6.966000080108643
18.21999931335449,17.816999435424805,6.89900016784668
17.937999725341797,16.40999984741211,6.966000080108643
18.149999618530277,16.745000839233402,6.497000217437744
17.726999282836914,15.06999969482422,6.429999828338622
18.009000778198242,13.932000160217283,6.027999877929688
17.656999588012695,15.404999732971191,7.0329999923706055
19.06399917602539,11.654999732971191,6.764999866485598
19.20499992370605,4.689000129699707,6.89900016784668
18.21999931335449,0.6029999852180481,6.296000003814697
18.36100006103516,-5.357999801635742,7.836999893188477
18.009000778198242,-4.822999954223633,7.368000030517577
18.43099975585937,-9.913000106811523,8.038000106811522
18.500999450683597,-7.903999805450439,8.77400016784668
19.69700050354004,-6.831999778747559,8.104999542236326
20.11899948120117,-2.2100000381469727,6.429999828338622
20.11899948120117,3.41599988937378,4.889999866485597
21.03400039672852,6.89900016784668,4.889999866485597
19.76799964904785,10.784000396728516,3.95199990272522
19.06399917602539,13.463000297546388,4.2199997901916495
18.92300033569336,18.285999298095703,5.090000152587892
18.85300064086914,17.415000915527347,5.559000015258789
18.500999450683597,19.1560001373291,7.099999904632568
18.009000778198242,19.959999084472656,7.636000156402588
18.71199989318848,20.89800071716309,8.975000381469727
19.06399917602539,17.482000350952152,7.099999904632568
18.92300033569336,15.807000160217283,5.692999839782715
18.07900047302246,16.745000839233402,6.09499979019165
17.445999145507812,16.611000061035153,6.89900016784668
17.726999282836914,15.404999732971191,6.497000217437744
17.093999862670902,14.401000022888184,6.296000003814697
18.71199989318848,11.520999908447266,7.368000030517577
19.06399917602539,4.3540000915527335,6.831999778747559
19.62700080871582,-1.1390000581741333,6.966000080108643
20.32999992370605,-3.549999952316284,8.171999931335451
19.90800094604492,-7.166999816894531,8.505999565124513
19.48600006103516,-8.907999992370605,7.97100019454956
17.726999282836914,3.4830000400543213,5.357999801635742
18.64200019836425,-7.501999855041504,8.305999755859375
18.21999931335449,-4.287000179290772,6.36299991607666
13.29599952697754,9.913000106811523,4.019000053405762
16.038999557495114,9.711999893188477,3.818000078201294
14.140000343322756,8.706999778747559,3.549999952316284
13.647000312805176,9.3100004196167,3.0810000896453857
13.857999801635742,9.444000244140623,2.9470000267028813
14.631999969482422,8.572999954223633,2.075999975204468
14.984000205993652,9.175999641418455,2.880000114440918
13.928999900817873,11.588000297546388,4.287000179290772
14.069000244140623,11.788000106811523,5.625999927520752
13.647000312805176,11.654999732971191,5.559000015258789
13.366000175476074,10.381999969482422,4.019000053405762
13.366000175476074,11.119000434875488,4.822999954223633
13.154999732971191,10.784000396728516,4.889999866485597
12.944000244140623,10.784000396728516,4.889999866485597
12.944000244140623,10.180999755859377,4.287000179290772
12.87399959564209,9.645000457763672,4.889999866485597
12.732999801635742,7.568999767303468,3.884999990463257
12.732999801635742,4.019000053405762,3.818000078201294
13.085000038146973,1.875,5.0229997634887695
13.718000411987305,4.554999828338623,4.48799991607666
13.366000175476074,2.746000051498413,2.9470000267028813
13.29599952697754,2.009000062942505,3.3489999771118164
13.99899959564209,1.5410000085830688,4.554999828338623
14.140000343322756,1.9420000314712524,4.019000053405762
13.928999900817873,0.8040000200271606,3.617000102996826
13.506999969482422,3.818000078201294,2.5450000762939453
13.225000381469728,5.960999965667725,2.9470000267028813
12.944000244140623,8.104999542236326,2.611999988555908
12.661999702453612,8.907999992370605,2.812999963760376
12.380999565124512,9.711999893188477,3.549999952316284
12.170000076293944,9.51099967956543,3.750999927520752
12.170000076293944,11.588000297546388,4.48799991607666
11.817999839782717,13.19499969482422,5.960999965667725
12.029000282287598,11.854999542236328,4.956999778747559
12.029000282287598,11.92199993133545,5.760000228881836
11.888999938964846,12.055999755859377,5.223999977111816
11.888999938964846,10.180999755859377,4.3540000915527335
11.958999633789062,12.256999969482422,4.889999866485597
11.748000144958494,11.854999542236328,4.0859999656677255
12.732999801635742,8.572999954223633,5.425000190734863
13.154999732971191,2.5450000762939453,5.960999965667725
14.35099983215332,-2.880000114440918,6.09499979019165
15.125,-7.301000118255615,6.966000080108643
15.687000274658203,-10.449000358581545,6.764999866485598
16.461000442504886,-11.45400047302246,6.296000003814697
17.093999862670902,-10.717000007629396,6.697999954223633
18.85300064086914,-8.640000343322754,6.497000217437744
19.83799934387207,-5.357999801635742,5.425000190734863
20.048999786376957,-1.0720000267028809,4.822999954223633
19.97900009155273,4.48799991607666,3.750999927520752
18.149999618530277,8.038000106811522,2.746000051498413
17.305000305175778,10.85099983215332,2.4110000133514404
16.25,15.003999710083008,3.818000078201294
16.108999252319336,14.468000411987305,3.549999952316284
15.968999862670898,15.538999557495115,5.492000102996826
15.89799976348877,16.67799949645996,6.89900016784668
15.758000373840332,15.739999771118164,6.027999877929688
15.89799976348877,15.270999908447266,7.703000068664551
16.180000305175778,14.53499984741211,6.36299991607666
16.108999252319336,13.79800033569336,6.027999877929688
16.320999145507812,12.927000045776367,5.692999839782715
16.320999145507812,13.128000259399414,5.692999839782715
16.25,12.1899995803833,4.689000129699707
17.093999862670902,9.109000205993652,5.894000053405763
18.149999618530277,3.818000078201294,6.564000129699707
19.06399917602539,-1.741000056266785,6.764999866485598
19.41600036621093,-5.625999927520752,7.568999767303468
18.290000915527344,-8.305999755859375,7.636000156402588
18.71199989318848,-8.907999992370605,7.703000068664551
19.274999618530277,-8.305999755859375,8.038000106811522
20.11899948120117,-2.880000114440918,6.2290000915527335
20.54100036621093,-3.2149999141693115,6.966000080108643
21.597000122070312,0.0,5.0229997634887695
22.229999542236328,5.357999801635742,3.818000078201294
19.41600036621093,9.3100004196167,2.880000114440918
17.656999588012695,13.32900047302246,3.884999990463257
17.516000747680664,17.214000701904293,4.3540000915527335
16.882999420166016,15.940999984741213,4.0859999656677255
17.516000747680664,15.807000160217283,5.290999889373778
17.093999862670902,16.208999633789062,6.63100004196167
16.180000305175778,16.878999710083008,7.434999942779541
15.265000343322756,14.199999809265137,1.3400000333786009
14.984000205993652,12.123000144958494,0.1340000033378601
14.35099983215332,12.859999656677244,1.2730000019073486
14.562000274658203,11.854999542236328,0.4690000116825104
14.140000343322756,11.119000434875488,-0.2010000050067901
14.35099983215332,11.788000106811523,0.06700000166893
13.99899959564209,10.784000396728516,0.6700000166893005
13.788000106811523,8.640000343322754,0.6700000166893005
13.506999969482422,8.171999931335451,0.06700000166893
13.366000175476074,8.23900032043457,0.06700000166893
13.085000038146973,3.0810000896453857,-0.06700000166893
14.35099983215332,3.884999990463257,-0.8040000200271606
13.647000312805176,4.48799991607666,-0.5360000133514404
14.069000244140623,4.287000179290772,0.0
13.647000312805176,4.75600004196167,-0.7369999885559082
12.944000244140623,6.429999828338622,-1.4739999771118164
12.451000213623049,8.038000106811522,-1.0720000267028809
12.380999565124512,7.234000205993652,-2.880000114440918
12.170000076293944,7.636000156402588,-2.2100000381469727
12.100000381469728,8.439000129699707,-1.741000056266785
11.817999839782717,9.3100004196167,-1.875
11.536999702453612,8.975000381469727,-0.6029999852180481
11.395999908447266,11.31999969482422,-1.9420000314712524
11.607000350952148,12.390999794006348,-2.2100000381469727
11.1850004196167,11.854999542236328,-1.6740000247955322
11.1850004196167,11.788000106811523,-1.6080000400543213
10.973999977111816,10.649999618530272,-2.9470000267028813
11.043999671936035,12.1899995803833,-1.1390000581741333
11.043999671936035,12.055999755859377,-2.344000101089477
10.833000183105469,11.98900032043457,-2.880000114440918
11.1850004196167,10.3149995803833,-2.075999975204468
11.395999908447266,9.175999641418455,-2.2769999504089355
11.395999908447266,5.760000228881836,-4.0859999656677255
11.043999671936035,6.2290000915527335,-3.884999990463257
11.1850004196167,3.884999990463257,-3.4830000400543213
11.326000213623049,1.6080000400543213,-4.0859999656677255
11.255999565124512,1.6740000247955322,-3.884999990463257
11.536999702453612,2.477999925613404,-3.1480000019073486
11.1850004196167,3.95199990272522,-3.013999938964844
11.114999771118164,4.0859999656677255,-4.152999877929688
10.762999534606934,6.429999828338622,-4.0859999656677255
10.692999839782717,6.764999866485598,-4.75600004196167
10.904000282287598,7.368000030517577,-4.75600004196167
11.114999771118164,7.97100019454956,-4.421000003814697
10.130000114440918,6.966000080108643,-4.554999828338623
10.41100025177002,6.296000003814697,-4.554999828338623
10.130000114440918,8.305999755859375,-3.013999938964844
10.0600004196167,9.57800006866455,-2.477999925613404
10.0600004196167,9.57800006866455,-2.477999925613404
10.0600004196167,9.57800006866455,-2.477999925613404
10.0600004196167,9.57800006866455,-2.477999925613404
10.0600004196167,9.57800006866455,-2.477999925613404
10.0600004196167,9.57800006866455,-2.477999925613404
10.0600004196167,9.57800006866455,-2.477999925613404
10.0600004196167,9.57800006866455,-2.477999925613404
10.0600004196167,9.57800006866455,-2.477999925613404
10.0600004196167,9.57800006866455,-2.477999925613404
10.0600004196167,9.57800006866455,-2.477999925613404
10.0600004196167,9.57800006866455,-2.477999925613404
10.0600004196167,9.57800006866455,-2.477999925613404
10.0600004196167,9.57800006866455,-2.477999925613404
10.0600004196167,9.57800006866455,-2.477999925613404
10.0600004196167,9.57800006866455,-2.477999925613404
10.0600004196167,9.57800006866455,-2.477999925613404
10.0600004196167,9.57800006866455,-2.477999925613404
10.0600004196167,9.57800006866455,-2.477999925613404
10.0600004196167,9.57800006866455,-2.477999925613404
10.0600004196167,9.57800006866455,-2.477999925613404
10.0600004196167,9.57800006866455,-2.477999925613404
10.0600004196167,9.57800006866455,-2.477999925613404
10.0600004196167,9.57800006866455,-2.477999925613404
6.050000190734862,11.92199993133545,0.9380000233650208
7.809000015258789,12.592000007629396,1.6080000400543213
8.230999946594237,12.458000183105469,1.6740000247955322
7.668000221252441,11.45400047302246,0.2010000050067901
7.879000186920166,11.588000297546388,1.0720000267028809
8.159999847412111,12.458000183105469,1.2730000019073486
8.371000289916992,13.128000259399414,0.2680000066757202
8.371000289916992,10.717000007629396,0.9380000233650208
8.793000221252441,8.505999565124513,-0.06700000166893
9.56700038909912,7.903999805450439,-0.06700000166893
10.270999908447266,5.894000053405763,0.6029999852180481
10.41100025177002,3.282000064849853,-2.2769999504089355
11.114999771118164,-1.6080000400543213,-1.807999968528748
11.255999565124512,-0.9380000233650208,-1.4739999771118164
11.536999702453612,-1.4739999771118164,-1.0049999952316284
12.100000381469728,-13.26200008392334,1.3400000333786009
12.451000213623049,0.9380000233650208,-0.6700000166893005
12.592000007629396,6.027999877929688,-1.1390000581741333
12.944000244140623,7.166999816894531,-1.406999945640564
12.592000007629396,7.636000156402588,-1.3400000333786009
11.678000450134276,7.368000030517577,-1.406999945640564
11.536999702453612,6.697999954223633,-2.2100000381469727
10.833000183105469,6.966000080108643,-1.2730000019073486
10.833000183105469,8.505999565124513,-0.06700000166893
10.692999839782717,10.717000007629396,1.2059999704360962
10.482000350952148,10.381999969482422,1.1390000581741333
10.130000114440918,9.51099967956543,0.8709999918937683
9.637999534606934,8.371999740600586,-0.1340000033378601
9.777999877929688,9.57800006866455,0.6029999852180481
9.777999877929688,8.907999992370605,0.4020000100135803
9.637999534606934,10.381999969482422,0.2010000050067901
9.637999534606934,7.234000205993652,0.06700000166893
10.0600004196167,6.429999828338622,0.06700000166893
10.130000114440918,4.3540000915527335,-0.4690000116825104
10.762999534606934,4.152999877929688,-0.4690000116825104
10.482000350952148,4.554999828338623,-1.2059999704360962
10.482000350952148,1.3400000333786009,-1.2059999704360962
10.904000282287598,3.95199990272522,-0.8709999918937683
11.043999671936035,1.4739999771118164,-0.4690000116825104
11.326000213623049,0.6029999852180481,-0.4020000100135803
10.833000183105469,5.425000190734863,-1.406999945640564
10.692999839782717,6.497000217437744,-1.6740000247955322
10.621999740600586,6.564000129699707,-2.1429998874664307
10.552000045776367,7.234000205993652,-2.1429998874664307
10.482000350952148,7.368000030517577,-1.9420000314712524
10.340999603271484,6.497000217437744,-2.009000062942505
10.270999908447266,6.429999828338622,-1.0720000267028809
10.0600004196167,7.434999942779541,-0.2010000050067901
10.130000114440918,10.248000144958496,1.0049999952316284
9.708000183105469,8.840999603271484,-0.06700000166893
9.918999671936035,7.636000156402588,0.0
9.708000183105469,8.706999778747559,0.4020000100135803
8.86400032043457,9.444000244140623,0.9380000233650208
9.777999877929688,7.97100019454956,-0.06700000166893
9.777999877929688,9.3100004196167,-0.9380000233650208
9.918999671936035,7.501999855041504,0.2010000050067901
10.130000114440918,4.287000179290772,-0.2010000050067901
8.442000389099121,3.818000078201294,-0.3350000083446503
10.199999809265137,4.48799991607666,-0.2680000066757202
7.809000015258789,4.287000179290772,-0.3350000083446503
9.98900032043457,3.1480000019073486,-1.1390000581741333
7.668000221252441,1.875,-0.7369999885559082
10.340999603271484,3.013999938964844,-0.4690000116825104
10.41100025177002,2.075999975204468,-0.6029999852180481
10.692999839782717,2.746000051498413,-1.6080000400543213
10.482000350952148,7.301000118255615,-1.807999968528748
9.918999671936035,6.2290000915527335,-2.344000101089477
9.145000457763672,6.89900016784668,-2.344000101089477
8.793000221252441,6.36299991607666,-2.2100000381469727
8.371000289916992,7.099999904632568,-2.075999975204468
6.894000053405763,8.104999542236326,-1.2059999704360962
6.119999885559082,10.649999618530272,0.1340000033378601
8.934000015258789,11.253000259399414,1.0720000267028809
9.21500015258789,10.984999656677246,0.6029999852180481
9.637999534606934,10.449000358581545,0.8709999918937683
10.270999908447266,10.85099983215332,0.4690000116825104
10.621999740600586,11.052000045776367,0.8040000200271606
10.692999839782717,10.984999656677246,-0.06700000166893
11.536999702453612,12.859999656677244,-0.06700000166893
12.170000076293944,10.449000358581545,0.5360000133514404
11.607000350952148,7.636000156402588,0.6029999852180481
12.029000282287598,6.497000217437744,0.0
12.522000312805176,4.622000217437744,0.1340000033378601
13.647000312805176,4.554999828338623,-0.06700000166893
14.210000038146973,2.5450000762939453,-1.4739999771118164
15.54699993133545,-6.497000217437744,-0.06700000166893
15.687000274658203,-1.2730000019073486,0.2680000066757202
14.843000411987305,0.9380000233650208,-0.06700000166893
15.336000442504885,2.075999975204468,-1.2059999704360962
15.687000274658203,6.564000129699707,-1.6740000247955322
15.47599983215332,6.429999828338622,-2.2100000381469727
15.406000137329102,7.434999942779541,-2.477999925613404
15.265000343322756,7.568999767303468,-2.2100000381469727
14.77299976348877,6.429999828338622,-2.2769999504089355
14.42099952697754,6.764999866485598,-1.5410000085830688
15.053999900817873,9.243000030517578,-0.2680000066757202
15.758000373840332,10.04699993133545,0.4690000116825104
14.279999732971191,9.913000106811523,0.1340000033378601
12.87399959564209,9.444000244140623,0.06700000166893
13.647000312805176,9.3100004196167,0.0
14.70300006866455,7.703000068664551,-0.2680000066757202
15.406000137329102,9.645000457763672,0.4020000100135803
16.038999557495114,9.243000030517578,-0.4020000100135803
14.562000274658203,8.640000343322754,0.6700000166893005
14.843000411987305,3.6840000152587886,0.2010000050067901
14.210000038146973,3.2149999141693115,0.2010000050067901
15.758000373840332,-0.6029999852180481,0.06700000166893
15.336000442504885,-0.4020000100135803,0.06700000166893
16.531999588012695,-3.1480000019073486,-0.1340000033378601
16.95400047302246,-9.3100004196167,1.3400000333786009
16.95400047302246,-3.0810000896453857,0.4020000100135803
17.445999145507812,-0.9380000233650208,-0.6700000166893005
16.391000747680664,3.6840000152587886,-0.6029999852180481
15.053999900817873,5.1570000648498535,-1.1390000581741333
15.406000137329102,6.831999778747559,-1.6740000247955322
14.562000274658203,7.769999980926514,-1.4739999771118164
13.718000411987305,7.434999942779541,-1.4739999771118164
12.732999801635742,7.301000118255615,-1.2059999704360962
12.944000244140623,9.444000244140623,-0.7369999885559082
13.366000175476074,10.04699993133545,-0.2680000066757202
15.265000343322756,12.123000144958494,1.3400000333786009
14.279999732971191,11.45400047302246,1.1390000581741333
15.89799976348877,9.51099967956543,0.4020000100135803
15.968999862670898,10.85099983215332,0.5360000133514404
15.125,11.052000045776367,0.7369999885559082
16.391000747680664,11.720999717712402,1.0720000267028809
15.47599983215332,12.055999755859377,0.8709999918937683
16.038999557495114,11.31999969482422,1.807999968528748
16.531999588012695,8.104999542236326,0.6700000166893005
16.601999282836914,1.741000056266785,0.2010000050067901
16.320999145507812,3.818000078201294,-0.2010000050067901
15.968999862670898,4.152999877929688,0.1340000033378601
16.391000747680664,4.421000003814697,-0.8709999918937683
13.718000411987305,5.625999927520752,-0.8709999918937683
12.100000381469728,4.287000179290772,-1.0049999952316284
14.843000411987305,4.822999954223633,-0.7369999885559082
14.843000411987305,5.0229997634887695,-1.4739999771118164
14.843000411987305,6.697999954223633,-1.741000056266785
14.913999557495115,6.63100004196167,-1.3400000333786009
16.038999557495114,7.166999816894531,-1.6080000400543213
15.89799976348877,7.099999904632568,-1.5410000085830688
15.47599983215332,8.907999992370605,0.4690000116825104
16.038999557495114,8.840999603271484,-0.1340000033378601
15.406000137329102,10.649999618530272,0.6700000166893005
15.758000373840332,11.854999542236328,1.4739999771118164
14.984000205993652,9.444000244140623,0.6700000166893005
14.843000411987305,10.784000396728516,1.3400000333786009
15.47599983215332,11.052000045776367,1.2059999704360962
14.913999557495115,11.119000434875488,1.2059999704360962
14.069000244140623,10.583000183105469,1.0720000267028809
14.279999732971191,10.3149995803833,-0.4020000100135803
14.70300006866455,9.779000282287598,0.5360000133514404
14.913999557495115,6.89900016784668,0.4690000116825104
14.35099983215332,7.099999904632568,0.3350000083446503
15.616999626159668,2.812999963760376,0.4690000116825104
15.968999862670898,-3.0810000896453857,-0.06700000166893
16.391000747680664,-3.0810000896453857,-1.0049999952316284
17.02400016784668,-9.376999855041504,1.1390000581741333
17.02400016784668,-1.6080000400543213,0.4690000116825104
18.21999931335449,-0.7369999885559082,-0.4020000100135803
16.601999282836914,-4.956999778747559,0.3350000083446503
18.07900047302246,2.5450000762939453,-0.9380000233650208
17.375999450683597,6.63100004196167,-1.1390000581741333
15.82800006866455,7.703000068664551,-1.1390000581741333
15.54699993133545,7.903999805450439,-1.0049999952316284
15.758000373840332,7.099999904632568,-0.9380000233650208
15.336000442504885,6.697999954223633,-1.0049999952316284
15.47599983215332,9.57800006866455,-0.06700000166893
14.984000205993652,10.381999969482422,0.8040000200271606
14.913999557495115,10.180999755859377,0.6700000166893005
14.913999557495115,7.099999904632568,-1.2730000019073486
14.843000411987305,8.305999755859375,-0.4020000100135803
14.631999969482422,7.97100019454956,-0.4020000100135803
13.718000411987305,8.975000381469727,-0.3350000083446503
13.506999969482422,10.91800022125244,-0.2680000066757202
12.87399959564209,7.703000068664551,-0.5360000133514404
13.29599952697754,6.63100004196167,-0.2680000066757202
13.154999732971191,0.6029999852180481,0.2010000050067901
14.35099983215332,-4.3540000915527335,1.2730000019073486
14.631999969482422,-8.171999931335451,2.2100000381469727
15.47599983215332,-7.166999816894531,0.4690000116825104
16.038999557495114,-8.171999931335451,1.9420000314712524
16.461000442504886,-8.171999931335451,1.0049999952316284
16.601999282836914,-8.104999542236326,1.2730000019073486
17.305000305175778,-0.8040000200271606,0.1340000033378601
16.95400047302246,3.41599988937378,-0.8709999918937683
16.882999420166016,6.966000080108643,-1.2730000019073486
15.758000373840332,8.104999542236326,-1.406999945640564
15.54699993133545,8.439000129699707,-0.8040000200271606
14.913999557495115,9.51099967956543,-1.0720000267028809
14.984000205993652,10.717000007629396,-0.1340000033378601
14.140000343322756,10.449000358581545,0.4020000100135803
14.491000175476074,13.26200008392334,2.075999975204468
13.99899959564209,10.11400032043457,0.6029999852180481
13.435999870300291,10.91800022125244,0.9380000233650208
13.788000106811523,11.788000106811523,1.2059999704360962
13.57699966430664,12.055999755859377,1.2730000019073486
13.085000038146973,11.788000106811523,0.1340000033378601
13.788000106811523,12.592000007629396,0.5360000133514404
13.928999900817873,9.376999855041504,1.1390000581741333
14.984000205993652,2.5450000762939453,1.2730000019073486
15.053999900817873,-0.7369999885559082,0.2010000050067901
16.25,-6.09499979019165,1.2059999704360962
15.54699993133545,-3.3489999771118164,0.9380000233650208
16.108999252319336,-5.692999839782715,0.7369999885559082
16.25,-12.324000358581545,2.746000051498413
17.305000305175778,-9.175999641418455,2.009000062942505
17.093999862670902,-4.2199997901916495,0.8040000200271606
17.375999450683597,-2.2769999504089355,0.0
16.95400047302246,4.75600004196167,-1.1390000581741333
15.47599983215332,7.099999904632568,-1.406999945640564
14.279999732971191,7.903999805450439,-1.5410000085830688
14.140000343322756,8.439000129699707,-0.8709999918937683
14.210000038146973,7.568999767303468,-1.1390000581741333
13.647000312805176,8.640000343322754,-0.4690000116825104
13.29599952697754,9.845999717712402,0.4020000100135803
13.085000038146973,10.717000007629396,0.4020000100135803
13.225000381469728,10.717000007629396,1.3400000333786009
12.732999801635742,10.3149995803833,0.6029999852180481
12.944000244140623,8.975000381469727,0.4020000100135803
13.154999732971191,9.109000205993652,0.4020000100135803
13.085000038146973,9.175999641418455,-0.4020000100135803
13.647000312805176,11.520999908447266,-0.06700000166893
13.57699966430664,8.038000106811522,-0.4690000116825104
13.857999801635742,3.95199990272522,-0.3350000083446503
14.491000175476074,1.1390000581741333,0.0
15.406000137329102,5.425000190734863,0.0
15.125,0.0,0.3350000083446503
16.95400047302246,-13.395999908447266,2.5450000762939453
17.656999588012695,-3.013999938964844,0.06700000166893
18.99399948120117,-2.2100000381469727,0.4690000116825104
17.656999588012695,5.1570000648498535,-0.4020000100135803
10.762999534606934,7.166999816894531,-0.6700000166893005
10.199999809265137,4.956999778747559,-1.0720000267028809
12.451000213623049,6.764999866485598,-1.4739999771118164
12.732999801635742,7.568999767303468,-1.1390000581741333
12.239999771118164,7.636000156402588,-1.2730000019073486
11.395999908447266,6.831999778747559,-1.2059999704360962
10.762999534606934,7.099999904632568,-1.2730000019073486
10.833000183105469,10.11400032043457,0.2680000066757202
11.888999938964846,11.788000106811523,1.875
11.678000450134276,11.052000045776367,1.0720000267028809
12.451000213623049,10.515999794006348,1.1390000581741333
12.522000312805176,10.515999794006348,1.1390000581741333
12.522000312805176,10.3149995803833,1.2059999704360962
13.29599952697754,11.654999732971191,1.2059999704360962
13.718000411987305,13.128000259399414,1.406999945640564
13.506999969482422,10.3149995803833,0.2680000066757202
13.225000381469728,9.913000106811523,0.0
13.718000411987305,8.038000106811522,0.3350000083446503
13.928999900817873,6.027999877929688,-0.4020000100135803
14.562000274658203,6.2290000915527335,-0.2680000066757202
14.70300006866455,4.287000179290772,-1.406999945640564
14.42099952697754,2.2769999504089355,-0.9380000233650208
14.140000343322756,1.4739999771118164,-0.4690000116825104
15.19499969482422,3.6840000152587886,-1.1390000581741333
14.069000244140623,4.889999866485597,-1.1390000581741333
14.069000244140623,6.027999877929688,-1.3400000333786009
14.70300006866455,6.296000003814697,-2.075999975204468
14.562000274658203,7.234000205993652,-1.6740000247955322
15.053999900817873,7.501999855041504,-1.406999945640564
15.265000343322756,6.764999866485598,-1.807999968528748
13.29599952697754,7.97100019454956,-0.8040000200271606
13.647000312805176,10.583000183105469,0.6700000166893005
13.366000175476074,9.845999717712402,1.0049999952316284
13.928999900817873,9.109000205993652,0.4690000116825104
13.99899959564209,8.038000106811522,0.6029999852180481
13.647000312805176,9.444000244140623,0.7369999885559082
14.210000038146973,9.376999855041504,0.1340000033378601
14.562000274658203,6.89900016784668,-0.4020000100135803
14.35099983215332,7.301000118255615,-2.2100000381469727
14.491000175476074,3.3489999771118164,-1.2730000019073486
13.788000106811523,-3.617000102996826,0.0
13.57699966430664,-11.38700008392334,1.0049999952316284
14.562000274658203,-13.663999557495115,1.6080000400543213
14.140000343322756,-16.275999069213867,4.152999877929688
14.210000038146973,-18.48600006103516,3.1480000019073486
15.265000343322756,-17.079999923706055,3.617000102996826
16.95400047302246,-14.668999671936035,2.611999988555908
16.743000030517578,-9.51099967956543,0.8709999918937683
17.093999862670902,-4.287000179290772,-1.0720000267028809
17.516000747680664,3.013999938964844,-1.2730000019073486
17.305000305175778,7.099999904632568,-0.7369999885559082
16.601999282836914,7.0329999923706055,-1.6740000247955322
16.180000305175778,8.305999755859375,-0.4020000100135803
16.180000305175778,9.779000282287598,-0.4690000116825104
15.758000373840332,9.109000205993652,0.06700000166893
15.125,11.38700008392334,0.6700000166893005
14.631999969482422,10.583000183105469,0.6700000166893005
14.77299976348877,10.449000358581545,0.1340000033378601
13.928999900817873,11.38700008392334,0.6700000166893005
13.435999870300291,10.91800022125244,0.0
12.944000244140623,10.717000007629396,0.6700000166893005
12.732999801635742,10.717000007629396,0.4020000100135803
12.522000312805176,11.854999542236328,0.2680000066757202
13.013999938964846,9.3100004196167,0.4690000116825104
12.87399959564209,1.9420000314712524,1.2730000019073486
12.732999801635742,-1.0720000267028809,2.344000101089477
13.57699966430664,-9.243000030517578,3.282000064849853
13.435999870300291,-8.505999565124513,1.3400000333786009
13.928999900817873,-11.98900032043457,1.2730000019073486
14.140000343322756,-15.270999908447266,4.2199997901916495
15.053999900817873,-14.133000373840332,3.41599988937378
15.82800006866455,-8.840999603271484,1.6740000247955322
15.758000373840332,-3.1480000019073486,-0.2010000050067901
15.89799976348877,3.884999990463257,-1.2730000019073486
15.758000373840332,6.764999866485598,-1.3400000333786009
15.19499969482422,7.703000068664551,-1.4739999771118164
14.279999732971191,7.769999980926514,-1.2730000019073486
13.29599952697754,7.703000068664551,-2.075999975204468
13.085000038146973,9.913000106811523,0.0
12.451000213623049,11.45400047302246,1.0720000267028809
11.817999839782717,12.994000434875488,2.2100000381469727
11.888999938964846,13.19499969482422,2.075999975204468
11.678000450134276,12.256999969482422,1.3400000333786009
11.748000144958494,12.458000183105469,1.3400000333786009
11.678000450134276,13.32900047302246,2.344000101089477
12.239999771118164,10.784000396728516,0.8040000200271606
12.310999870300291,12.592000007629396,0.8040000200271606
12.592000007629396,7.636000156402588,0.9380000233650208
12.592000007629396,-0.2680000066757202,2.2769999504089355
12.732999801635742,-8.305999755859375,1.4739999771118164
14.35099983215332,-12.324000358581545,3.282000064849853
13.857999801635742,-15.472000122070312,5.223999977111816
13.857999801635742,-18.152000427246094,4.0859999656677255
14.631999969482422,-16.544000625610348,4.889999866485597
16.320999145507812,-14.803000450134276,4.0859999656677255
16.25,-10.04699993133545,2.2769999504089355
16.882999420166016,-4.2199997901916495,0.06700000166893
17.02400016784668,3.884999990463257,-0.6700000166893005
16.672000885009766,6.764999866485598,-1.875
15.336000442504885,7.368000030517577,-1.6740000247955322
14.069000244140623,7.0329999923706055,-1.6080000400543213
13.29599952697754,8.840999603271484,-1.2059999704360962
12.380999565124512,8.907999992370605,-0.5360000133514404
12.239999771118164,10.381999969482422,0.6700000166893005
12.592000007629396,12.324000358581545,1.807999968528748
12.661999702453612,10.984999656677246,1.4739999771118164
12.592000007629396,9.845999717712402,-0.4020000100135803
12.170000076293944,11.253000259399414,1.807999968528748
12.170000076293944,10.3149995803833,0.5360000133514404
11.888999938964846,12.256999969482422,1.2059999704360962
12.239999771118164,12.72599983215332,-0.06700000166893
13.225000381469728,7.368000030517577,0.9380000233650208
12.803000450134276,3.3489999771118164,1.0049999952316284
12.944000244140623,-2.812999963760376,0.2680000066757202
13.788000106811523,-2.746000051498413,0.4690000116825104
14.631999969482422,-3.95199990272522,0.0
15.687000274658203,-8.371999740600586,-0.6029999852180481
16.320999145507812,-11.45400047302246,1.9420000314712524
16.601999282836914,-8.439000129699707,1.2730000019073486
16.812999725341793,-4.822999954223633,1.2730000019073486
16.743000030517578,0.4020000100135803,-1.1390000581741333
16.461000442504886,5.223999977111816,-1.406999945640564
15.265000343322756,6.564000129699707,-2.075999975204468
14.631999969482422,7.636000156402588,-1.9420000314712524
13.366000175476074,8.23900032043457,-1.406999945640564
13.435999870300291,8.104999542236326,-1.807999968528748
13.225000381469728,10.717000007629396,0.5360000133514404
13.154999732971191,13.463000297546388,2.344000101089477
12.87399959564209,14.333999633789062,2.4110000133514404
13.29599952697754,12.927000045776367,2.075999975204468
13.506999969482422,12.390999794006348,1.6080000400543213
14.140000343322756,12.72599983215332,2.2100000381469727
13.435999870300291,14.267000198364258,2.812999963760376
13.506999969482422,14.333999633789062,2.5450000762939453
13.788000106811523,12.458000183105469,1.4739999771118164
14.279999732971191,9.109000205993652,1.741000056266785
14.140000343322756,0.3350000083446503,2.9470000267028813
13.647000312805176,-8.572999954223633,2.812999963760376
15.758000373840332,-10.04699993133545,3.0810000896453857
16.531999588012695,-13.529999732971191,5.223999977111816
16.531999588012695,-16.275999069213867,4.689000129699707
16.882999420166016,-16.343000411987305,5.090000152587892
17.02400016784668,-8.371999740600586,1.4739999771118164
17.79800033569336,-10.91800022125244,1.875
18.149999618530277,-4.421000003814697,0.4690000116825104
17.02400016784668,3.282000064849853,-0.8040000200271606
16.601999282836914,6.697999954223633,-1.2730000019073486
15.406000137329102,7.703000068664551,-0.6700000166893005
14.562000274658203,7.903999805450439,-1.0049999952316284
14.140000343322756,7.568999767303468,-1.807999968528748
14.279999732971191,9.57800006866455,0.4020000100135803
14.35099983215332,13.32900047302246,1.406999945640564
14.70300006866455,14.267000198364258,1.875
13.788000106811523,13.597000122070312,2.611999988555908
14.42099952697754,12.458000183105469,1.6740000247955322
14.210000038146973,12.927000045776367,1.875
14.843000411987305,13.395999908447266,1.807999968528748
14.42099952697754,10.91800022125244,1.0720000267028809
12.944000244140623,12.994000434875488,0.8709999918937683
13.366000175476074,9.175999641418455,1.2059999704360962
16.038999557495114,3.750999927520752,1.4739999771118164
15.89799976348877,-9.109000205993652,1.4739999771118164
16.95400047302246,-12.055999755859377,3.884999990463257
16.672000885009766,-11.119000434875488,3.41599988937378
16.391000747680664,-17.281000137329098,3.6840000152587886
17.516000747680664,-15.605999946594238,3.95199990272522
18.85300064086914,-11.98900032043457,3.41599988937378
18.99399948120117,-8.171999931335451,1.5410000085830688
19.62700080871582,-3.2149999141693115,0.4020000100135803
19.41600036621093,3.750999927520752,-0.7369999885559082
17.516000747680664,7.501999855041504,-1.406999945640564
16.038999557495114,8.907999992370605,-0.9380000233650208
15.616999626159668,8.371999740600586,-0.8709999918937683
15.406000137329102,8.104999542236326,-0.6029999852180481
14.913999557495115,9.041999816894531,-0.4020000100135803
15.82800006866455,9.57800006866455,0.8040000200271606
15.47599983215332,11.253000259399414,1.406999945640564
15.19499969482422,10.784000396728516,0.8709999918937683
15.336000442504885,9.444000244140623,0.6700000166893005
14.70300006866455,9.3100004196167,0.4020000100135803
15.125,9.243000030517578,0.2680000066757202
14.77299976348877,10.649999618530272,0.4690000116825104
14.70300006866455,11.92199993133545,-0.3350000083446503
15.053999900817873,5.827000141143799,-0.1340000033378601
15.265000343322756,-1.0720000267028809,1.2059999704360962
14.562000274658203,-8.706999778747559,2.009000062942505
15.758000373840332,-9.913000106811523,3.41599988937378
15.89799976348877,-11.185999870300291,4.622000217437744
17.165000915527347,-15.003999710083008,3.95199990272522
18.500999450683597,-14.401000022888184,0.9380000233650208
18.57200050354004,-11.98900032043457,0.0
19.06399917602539,-7.97100019454956,0.3350000083446503
19.34499931335449,-2.075999975204468,0.0
19.41600036621093,4.689000129699707,-0.3350000083446503
17.586999893188473,7.568999767303468,-0.7369999885559082
15.687000274658203,8.975000381469727,-0.2680000066757202
15.687000274658203,8.640000343322754,-0.5360000133514404
15.47599983215332,9.3100004196167,-0.6029999852180481
15.758000373840332,11.31999969482422,1.406999945640564
16.25,11.98900032043457,1.741000056266785
16.391000747680664,13.19499969482422,2.678999900817871
16.180000305175778,12.79300022125244,2.880000114440918
16.391000747680664,9.979999542236328,0.1340000033378601
16.108999252319336,11.788000106811523,1.5410000085830688
16.320999145507812,11.720999717712402,1.406999945640564
16.391000747680664,11.45400047302246,1.3400000333786009
15.89799976348877,12.055999755859377,1.2730000019073486
15.89799976348877,10.784000396728516,1.3400000333786009
15.968999862670898,8.77400016784668,1.2730000019073486
17.165000915527347,4.48799991607666,0.0
17.305000305175778,5.1570000648498535,0.1340000033378601
17.165000915527347,5.1570000648498535,0.0
17.868000030517578,4.48799991607666,-0.3350000083446503
18.290000915527344,3.282000064849853,-0.3350000083446503
17.937999725341797,2.678999900817871,0.1340000033378601
17.445999145507812,4.75600004196167,-0.6700000166893005
17.02400016784668,6.027999877929688,-0.3350000083446503
16.108999252319336,7.903999805450439,-0.4690000116825104
14.70300006866455,7.434999942779541,-1.4739999771118164
14.77299976348877,7.568999767303468,-1.0720000267028809
14.140000343322756,7.166999816894531,-1.0720000267028809
13.857999801635742,6.89900016784668,-1.875
14.491000175476074,8.975000381469727,-0.2010000050067901
14.631999969482422,10.449000358581545,0.2010000050067901
13.99899959564209,11.588000297546388,0.8040000200271606
10.692999839782717,11.520999908447266,1.0720000267028809
9.918999671936035,10.515999794006348,0.5360000133514404
11.678000450134276,9.51099967956543,0.4690000116825104
11.1850004196167,9.645000457763672,0.0
12.522000312805176,11.185999870300291,0.06700000166893
11.888999938964846,10.649999618530272,-0.4020000100135803
11.817999839782717,10.04699993133545,0.2010000050067901
12.732999801635742,10.248000144958496,0.4690000116825104
12.803000450134276,8.171999931335451,0.0
13.366000175476074,7.099999904632568,-0.4020000100135803
13.013999938964846,8.23900032043457,-0.4020000100135803
10.552000045776367,4.0859999656677255,-0.8709999918937683
10.692999839782717,3.818000078201294,-0.8040000200271606
11.536999702453612,2.075999975204468,-0.06700000166893
12.170000076293944,3.2149999141693115,-0.2010000050067901
12.029000282287598,4.0859999656677255,-1.1390000581741333
12.100000381469728,6.831999778747559,-1.3400000333786009
11.888999938964846,6.966000080108643,-2.477999925613404
12.592000007629396,6.89900016784668,-2.2100000381469727
12.029000282287598,6.63100004196167,-1.9420000314712524
12.100000381469728,5.760000228881836,-2.477999925613404
11.255999565124512,5.223999977111816,-2.344000101089477
11.678000450134276,8.038000106811522,-0.5360000133514404
11.536999702453612,9.109000205993652,0.1340000033378601
11.607000350952148,8.840999603271484,0.6029999852180481
10.833000183105469,8.706999778747559,-0.4020000100135803
11.255999565124512,9.376999855041504,0.4020000100135803
11.1850004196167,9.109000205993652,0.6700000166893005
10.833000183105469,9.041999816894531,0.5360000133514404
11.1850004196167,9.779000282287598,-0.2680000066757202
11.1850004196167,7.234000205993652,0.2010000050067901
10.973999977111816,7.636000156402588,0.5360000133514404
11.817999839782717,6.63100004196167,0.4020000100135803
11.326000213623049,3.013999938964844,0.2010000050067901
11.607000350952148,-0.6029999852180481,0.2010000050067901
11.817999839782717,3.0810000896453857,-1.2730000019073486
11.958999633789062,-2.611999988555908,0.3350000083446503
12.380999565124512,4.019000053405762,-0.2680000066757202
13.085000038146973,5.425000190734863,-0.5360000133514404
12.522000312805176,5.357999801635742,-1.0720000267028809
11.467000007629396,7.234000205993652,-1.0049999952316284
10.973999977111816,6.697999954223633,-1.9420000314712524
11.817999839782717,6.966000080108643,-1.6740000247955322
11.326000213623049,6.36299991607666,-1.6740000247955322
11.536999702453612,8.439000129699707,0.2010000050067901
11.888999938964846,8.23900032043457,-0.3350000083446503
11.888999938964846,10.717000007629396,0.9380000233650208
12.170000076293944,10.85099983215332,0.9380000233650208
11.888999938964846,9.645000457763672,0.2680000066757202
12.803000450134276,11.052000045776367,1.5410000085830688
12.592000007629396,11.588000297546388,1.406999945640564
12.803000450134276,11.92199993133545,1.9420000314712524
13.225000381469728,11.052000045776367,1.3400000333786009
13.435999870300291,11.31999969482422,0.9380000233650208
13.788000106811523,10.717000007629396,1.2059999704360962
13.99899959564209,8.975000381469727,1.406999945640564
14.984000205993652,5.290999889373778,-0.2010000050067901
15.616999626159668,3.818000078201294,0.0
15.19499969482422,3.41599988937378,0.06700000166893
15.758000373840332,-0.5360000133514404,-0.8709999918937683
16.320999145507812,3.2149999141693115,-0.7369999885559082
16.25,-0.06700000166893,0.5360000133514404
15.406000137329102,-8.706999778747559,0.7369999885559082
15.336000442504885,3.41599988937378,-0.06700000166893
14.913999557495115,6.697999954223633,-0.3350000083446503
14.42099952697754,7.703000068664551,-1.2059999704360962
13.857999801635742,8.371999740600586,-1.2059999704360962
13.435999870300291,7.368000030517577,-1.2059999704360962
13.154999732971191,7.234000205993652,-1.875
13.718000411987305,8.706999778747559,0.06700000166893
13.857999801635742,10.784000396728516,0.5360000133514404
13.647000312805176,11.588000297546388,1.0720000267028809
13.928999900817873,11.520999908447266,1.2730000019073486
11.1850004196167,10.784000396728516,0.2680000066757202
11.536999702453612,10.449000358581545,0.4020000100135803
13.29599952697754,10.984999656677246,0.9380000233650208
11.326000213623049,11.119000434875488,1.0720000267028809
9.56700038909912,11.520999908447266,0.0
12.239999771118164,12.859999656677244,1.0049999952316284
13.013999938964846,10.3149995803833,1.2730000019073486
11.958999633789062,7.97100019454956,0.1340000033378601
12.100000381469728,6.63100004196167,0.2680000066757202
12.239999771118164,5.1570000648498535,-0.3350000083446503
8.371000289916992,1.807999968528748,-0.8040000200271606
10.621999740600586,-5.894000053405763,-0.1340000033378601
11.467000007629396,3.95199990272522,-0.9380000233650208
11.255999565124512,4.019000053405762,-1.0049999952316284
11.1850004196167,5.559000015258789,-1.1390000581741333
10.833000183105469,7.0329999923706055,-1.0049999952316284
11.326000213623049,6.697999954223633,-2.611999988555908
11.467000007629396,6.764999866485598,-1.875
10.973999977111816,6.162000179290772,-1.9420000314712524
7.175000190734862,6.764999866485598,-2.009000062942505
6.964000225067139,8.439000129699707,-0.8709999918937683
6.894000053405763,10.248000144958496,0.2680000066757202
6.261000156402588,11.31999969482422,0.5360000133514404
7.73799991607666,10.717000007629396,0.7369999885559082
7.73799991607666,10.515999794006348,0.6029999852180481
9.003999710083008,9.845999717712402,0.2010000050067901
9.56700038909912,10.85099983215332,1.0720000267028809
10.482000350952148,9.57800006866455,0.1340000033378601
10.621999740600586,10.449000358581545,-0.2010000050067901
9.425999641418455,9.845999717712402,0.1340000033378601
10.552000045776367,9.109000205993652,0.8040000200271606
8.090000152587889,4.956999778747559,-0.4690000116825104
7.668000221252441,7.099999904632568,0.0
7.73799991607666,7.836999893188477,-0.4690000116825104
8.581999778747559,4.0859999656677255,-1.0049999952316284
10.199999809265137,3.3489999771118164,-1.4739999771118164
10.904000282287598,4.3540000915527335,-1.3400000333786009
11.395999908447266,5.0229997634887695,-0.9380000233650208
11.536999702453612,6.36299991607666,-1.2059999704360962
11.1850004196167,7.0329999923706055,-1.5410000085830688
11.114999771118164,6.296000003814697,-2.009000062942505
11.395999908447266,6.564000129699707,-1.875
11.817999839782717,5.960999965667725,-1.9420000314712524
12.239999771118164,6.497000217437744,-2.880000114440918
12.661999702453612,7.97100019454956,-0.7369999885559082
12.732999801635742,9.979999542236328,0.3350000083446503
13.085000038146973,10.91800022125244,0.6700000166893005
12.732999801635742,9.444000244140623,-0.3350000083446503
12.592000007629396,11.45400047302246,0.2010000050067901
12.732999801635742,12.390999794006348,1.6740000247955322
12.451000213623049,10.649999618530272,0.8709999918937683
12.944000244140623,10.984999656677246,0.4020000100135803
12.661999702453612,11.788000106811523,0.5360000133514404
12.451000213623049,10.381999969482422,0.7369999885559082
13.154999732971191,10.649999618530272,1.0049999952316284
13.085000038146973,6.564000129699707,-0.5360000133514404
13.57699966430664,5.894000053405763,-0.3350000083446503
14.491000175476074,2.2769999504089355,0.06700000166893
15.687000274658203,-1.6080000400543213,-0.2680000066757202
16.180000305175778,3.818000078201294,-0.8040000200271606
16.25,2.2769999504089355,-0.6700000166893005
16.180000305175778,4.421000003814697,-0.1340000033378601
16.038999557495114,2.611999988555908,-0.6029999852180481
16.743000030517578,5.0229997634887695,-0.8040000200271606
15.89799976348877,7.703000068664551,-2.2100000381469727
15.758000373840332,7.836999893188477,-1.4739999771118164
16.320999145507812,6.966000080108643,-1.5410000085830688
15.687000274658203,8.305999755859375,-1.4739999771118164
15.125,7.501999855041504,-0.6029999852180481
15.687000274658203,11.588000297546388,0.9380000233650208
14.140000343322756,10.180999755859377,1.0720000267028809
15.89799976348877,10.984999656677246,1.3400000333786009
15.19499969482422,11.31999969482422,1.5410000085830688
15.968999862670898,10.717000007629396,0.1340000033378601
15.687000274658203,10.3149995803833,1.0049999952316284
15.758000373840332,10.180999755859377,0.7369999885559082
15.19499969482422,11.185999870300291,-0.2010000050067901
15.053999900817873,11.052000045776367,1.0049999952316284
15.616999626159668,7.636000156402588,1.2730000019073486
16.25,3.95199990272522,0.0
16.601999282836914,2.9470000267028813,0.2010000050067901
16.601999282836914,1.0720000267028809,0.6700000166893005
16.812999725341793,-11.92199993133545,2.344000101089477
16.391000747680664,1.875,0.0
15.89799976348877,4.622000217437744,-0.2010000050067901
16.812999725341793,-7.0329999923706055,1.5410000085830688
16.601999282836914,0.5360000133514404,0.0
15.336000442504885,7.434999942779541,-0.6700000166893005
14.210000038146973,7.099999904632568,-3.2149999141693115
12.522000312805176,7.703000068664551,-3.282000064849853
12.380999565124512,6.764999866485598,-3.3489999771118164
12.029000282287598,8.038000106811522,-3.1480000019073486
13.647000312805176,9.645000457763672,-1.6080000400543213
12.661999702453612,11.052000045776367,-0.3350000083446503
12.732999801635742,11.052000045776367,-0.06700000166893
12.592000007629396,11.185999870300291,-0.4690000116825104
12.239999771118164,11.052000045776367,-0.3350000083446503
12.100000381469728,9.845999717712402,-0.6029999852180481
13.435999870300291,9.913000106811523,-1.4739999771118164
13.718000411987305,10.984999656677246,-0.7369999885559082
14.35099983215332,11.92199993133545,-0.6700000166893005
14.35099983215332,10.449000358581545,-1.0049999952316284
13.506999969482422,10.04699993133545,-0.5360000133514404
11.1850004196167,8.305999755859375,-0.6700000166893005
11.467000007629396,3.013999938964844,-0.8040000200271606
11.395999908447266,3.95199990272522,-0.5360000133514404
12.380999565124512,5.625999927520752,-2.812999963760376
12.029000282287598,4.822999954223633,-2.344000101089477
11.114999771118164,4.689000129699707,-1.4739999771118164
8.581999778747559,5.692999839782715,-2.2769999504089355
8.090000152587889,5.960999965667725,-3.0810000896453857
8.442000389099121,7.501999855041504,-3.41599988937378
9.848999977111816,6.89900016784668,-3.818000078201294
9.56700038909912,7.368000030517577,-3.884999990463257
9.918999671936035,6.429999828338622,-3.95199990272522
6.261000156402588,8.305999755859375,-2.812999963760376
6.61299991607666,7.636000156402588,-2.477999925613404
8.51200008392334,11.31999969482422,-0.2680000066757202
8.722999572753906,10.381999969482422,-0.2680000066757202
6.190999984741211,11.588000297546388,-0.6029999852180481
5.839000225067139,11.788000106811523,-0.7369999885559082
8.300999641418457,12.458000183105469,0.06700000166893
8.159999847412111,11.720999717712402,-0.3350000083446503
10.904000282287598,12.1899995803833,-0.4020000100135803
11.678000450134276,2.812999963760376,-1.1390000581741333
10.552000045776367,2.4110000133514404,-0.9380000233650208
12.239999771118164,0.7369999885559082,-0.6029999852180481
12.239999771118164,-0.8040000200271606,-0.6700000166893005
13.013999938964846,-3.4830000400543213,-0.3350000083446503
12.87399959564209,-4.287000179290772,-0.2680000066757202
11.607000350952148,-19.290000915527344,3.0810000896453857
13.435999870300291,-18.55299949645996,3.818000078201294
13.366000175476074,-19.625,3.95199990272522
13.928999900817873,-13.32900047302246,1.875
14.77299976348877,-9.243000030517578,0.3350000083446503
15.54699993133545,-0.8040000200271606,-0.8709999918937683
13.506999969482422,2.746000051498413,-1.4739999771118164
13.085000038146973,3.013999938964844,-1.0720000267028809
12.87399959564209,2.812999963760376,-1.0720000267028809
12.732999801635742,2.344000101089477,-1.1390000581741333
13.085000038146973,2.075999975204468,-1.2730000019073486
12.661999702453612,2.075999975204468,-1.1390000581741333
12.029000282287598,2.4110000133514404,-1.0049999952316284
11.817999839782717,2.075999975204468,-1.2059999704360962
10.904000282287598,1.807999968528748,-1.3400000333786009
11.1850004196167,1.807999968528748,-1.3400000333786009
11.395999908447266,1.807999968528748,-1.3400000333786009
11.678000450134276,2.2100000381469727,-1.2730000019073486
11.043999671936035,2.880000114440918,-1.2730000019073486
10.904000282287598,2.009000062942505,-1.0720000267028809
10.692999839782717,0.7369999885559082,-0.9380000233650208
10.270999908447266,-6.966000080108643,-0.4020000100135803
10.692999839782717,-6.429999828338622,-0.1340000033378601
11.607000350952148,-7.836999893188477,0.2680000066757202
11.043999671936035,-8.505999565124513,-0.06700000166893
10.973999977111816,-5.827000141143799,-0.4690000116825104
11.1850004196167,-6.764999866485598,-0.3350000083446503
11.888999938964846,-2.2769999504089355,-0.9380000233650208
12.380999565124512,-0.2010000050067901,-1.2059999704360962
12.732999801635742,2.009000062942505,-1.2059999704360962
12.732999801635742,2.678999900817871,-1.4739999771118164
10.692999839782717,2.611999988555908,-1.406999945640564
11.536999702453612,6.63100004196167,-0.6700000166893005
9.708000183105469,8.171999931335451,-0.2680000066757202
9.98900032043457,8.038000106811522,0.2010000050067901
11.888999938964846,9.913000106811523,1.4739999771118164
12.170000076293944,10.784000396728516,2.009000062942505
11.958999633789062,10.784000396728516,2.075999975204468
11.748000144958494,10.515999794006348,2.075999975204468
10.973999977111816,9.845999717712402,1.6740000247955322
7.668000221252441,10.11400032043457,1.6080000400543213
7.526999950408935,9.243000030517578,1.406999945640564
6.964000225067139,11.38700008392334,1.406999945640564
6.964000225067139,13.060999870300291,2.2100000381469727
7.456999778747559,10.649999618530272,2.1429998874664307
8.020000457763674,9.645000457763672,2.009000062942505
9.003999710083008,7.501999855041504,1.2059999704360962
10.833000183105469,6.497000217437744,0.9380000233650208
9.637999534606934,3.41599988937378,0.06700000166893
9.425999641418455,2.880000114440918,0.6700000166893005
8.51200008392334,4.889999866485597,0.6029999852180481
10.973999977111816,0.6029999852180481,0.6700000166893005
11.536999702453612,3.282000064849853,-0.2680000066757202
11.678000450134276,7.301000118255615,-0.4020000100135803
11.748000144958494,6.63100004196167,-1.6080000400543213
11.678000450134276,6.831999778747559,-0.8709999918937683
11.1850004196167,6.497000217437744,-0.8040000200271606
11.255999565124512,7.501999855041504,-1.1390000581741333
11.1850004196167,8.505999565124513,0.5360000133514404
11.114999771118164,9.57800006866455,1.4739999771118164
11.748000144958494,11.052000045776367,1.9420000314712524
12.310999870300291,11.854999542236328,2.1429998874664307
13.718000411987305,11.253000259399414,2.1429998874664307
13.788000106811523,10.85099983215332,2.746000051498413
14.70300006866455,11.788000106811523,1.6740000247955322
14.42099952697754,11.720999717712402,2.2769999504089355
14.562000274658203,9.243000030517578,0.7369999885559082
14.77299976348877,9.109000205993652,1.2059999704360962
15.82800006866455,-0.7369999885559082,1.5410000085830688
15.19499969482422,-7.368000030517577,1.5410000085830688
15.89799976348877,-9.845999717712402,2.678999900817871
15.54699993133545,-3.549999952316284,1.4739999771118164
15.406000137329102,-16.878999710083008,4.48799991607666
15.336000442504885,-3.1480000019073486,0.9380000233650208
16.391000747680664,-0.4690000116825104,0.6029999852180481
15.89799976348877,2.2769999504089355,0.6029999852180481
14.70300006866455,4.48799991607666,-0.2680000066757202
14.35099983215332,7.636000156402588,0.0
14.843000411987305,7.636000156402588,-0.8040000200271606
13.718000411987305,8.104999542236326,-0.2010000050067901
15.82800006866455,7.703000068664551,-0.2010000050067901
15.406000137329102,9.779000282287598,0.1340000033378601
11.678000450134276,8.171999931335451,0.6700000166893005
13.718000411987305,9.711999893188477,0.8040000200271606
15.19499969482422,9.779000282287598,1.3400000333786009
14.491000175476074,9.845999717712402,1.5410000085830688
15.053999900817873,9.845999717712402,1.406999945640564
12.451000213623049,10.3149995803833,1.741000056266785
11.114999771118164,10.180999755859377,1.5410000085830688
9.918999671936035,10.649999618530272,1.1390000581741333
12.380999565124512,10.91800022125244,1.0720000267028809
12.592000007629396,10.248000144958496,0.6700000166893005
13.013999938964846,9.109000205993652,1.1390000581741333
12.170000076293944,7.434999942779541,0.06700000166893
8.722999572753906,7.368000030517577,0.3350000083446503
9.28600025177002,9.3100004196167,0.7369999885559082
9.777999877929688,3.282000064849853,-0.3350000083446503
11.1850004196167,3.3489999771118164,-0.1340000033378601
10.762999534606934,5.894000053405763,0.1340000033378601
10.482000350952148,6.09499979019165,0.06700000166893
10.482000350952148,6.497000217437744,-0.4690000116825104
8.51200008392334,7.903999805450439,0.0
10.340999603271484,6.966000080108643,-0.5360000133514404
9.98900032043457,7.0329999923706055,-0.6700000166893005
8.230999946594237,6.09499979019165,-0.9380000233650208
9.98900032043457,5.492000102996826,-1.6080000400543213
9.777999877929688,7.568999767303468,-0.5360000133514404
9.918999671936035,7.368000030517577,0.4020000100135803
9.21500015258789,8.572999954223633,0.6700000166893005
9.425999641418455,7.903999805450439,0.9380000233650208
10.270999908447266,7.368000030517577,0.4020000100135803
10.0600004196167,7.636000156402588,0.7369999885559082
10.130000114440918,6.09499979019165,0.2010000050067901
10.130000114440918,8.439000129699707,0.8709999918937683
9.425999641418455,9.979999542236328,0.4020000100135803
9.56700038909912,9.779000282287598,0.8040000200271606
10.199999809265137,7.769999980926514,0.9380000233650208
7.948999881744385,6.429999828338622,0.9380000233650208
9.21500015258789,6.36299991607666,0.7369999885559082
8.581999778747559,5.492000102996826,0.8709999918937683
8.722999572753906,1.6740000247955322,0.4020000100135803
9.28600025177002,4.822999954223633,0.0
7.386000156402588,5.223999977111816,-0.06700000166893
8.371000289916992,4.152999877929688,0.2010000050067901
7.948999881744385,6.162000179290772,-0.06700000166893
7.105000019073486,7.769999980926514,-0.6029999852180481
6.61299991607666,6.966000080108643,-1.1390000581741333
6.752999782562256,7.166999816894531,-1.2730000019073486
6.61299991607666,6.564000129699707,-1.2730000019073486
4.290999889373778,6.296000003814697,-2.2769999504089355
3.236000061035156,7.97100019454956,-0.06700000166893
6.4720001220703125,10.248000144958496,1.2730000019073486
6.894000053405763,9.645000457763672,1.3400000333786009
6.752999782562256,8.572999954223633,1.2059999704360962
7.879000186920166,8.572999954223633,1.3400000333786009
7.879000186920166,8.706999778747559,1.2059999704360962
7.456999778747559,8.23900032043457,0.2010000050067901
7.0349998474121085,9.109000205993652,0.4690000116825104
7.105000019073486,9.109000205993652,0.06700000166893
7.386000156402588,9.711999893188477,0.6029999852180481
7.456999778747559,4.689000129699707,-0.4020000100135803
7.879000186920166,2.5450000762939453,-0.2680000066757202
8.090000152587889,-4.48799991607666,1.2059999704360962
8.51200008392334,-0.4020000100135803,0.5360000133514404
9.355999946594238,-6.764999866485598,1.0049999952316284
9.28600025177002,-0.6029999852180481,0.06700000166893
9.425999641418455,-0.4690000116825104,-0.8709999918937683
9.56700038909912,0.9380000233650208,-0.5360000133514404
8.793000221252441,3.2149999141693115,-1.4739999771118164
8.300999641418457,6.697999954223633,0.0
8.159999847412111,6.497000217437744,-0.2010000050067901
7.879000186920166,6.697999954223633,-0.2680000066757202
7.105000019073486,6.2290000915527335,-0.3350000083446503
6.683000087738037,5.357999801635742,-0.3350000083446503
6.4720001220703125,5.290999889373778,0.5360000133514404
6.261000156402588,4.956999778747559,0.0
5.839000225067139,3.818000078201294,0.5360000133514404
6.050000190734862,3.884999990463257,0.6029999852180481
5.697999954223633,4.019000053405762,0.6029999852180481
5.416999816894531,4.0859999656677255,0.6029999852180481
3.588000059127808,4.152999877929688,-0.06700000166893
3.5169999599456787,4.48799991607666,0.06700000166893
3.588000059127808,5.760000228881836,0.5360000133514404
6.119999885559082,7.568999767303468,0.6700000166893005
5.908999919891357,6.89900016784668,1.1390000581741333
6.050000190734862,6.63100004196167,1.406999945640564
5.627999782562256,5.760000228881836,1.9420000314712524
6.894000053405763,7.0329999923706055,1.5410000085830688
6.541999816894531,4.3540000915527335,1.1390000581741333
5.416999816894531,5.0229997634887695,0.8040000200271606
5.3460001945495605,1.807999968528748,0.7369999885559082
6.683000087738037,4.0859999656677255,0.5360000133514404
7.668000221252441,4.421000003814697,0.6029999852180481
8.442000389099121,6.966000080108643,0.9380000233650208
8.86400032043457,6.564000129699707,0.06700000166893
9.003999710083008,6.63100004196167,0.2680000066757202
9.777999877929688,6.09499979019165,0.1340000033378601
9.496999740600586,6.497000217437744,-0.06700000166893
9.496999740600586,7.769999980926514,1.1390000581741333
10.0600004196167,8.505999565124513,1.9420000314712524
10.199999809265137,8.439000129699707,2.075999975204468
10.270999908447266,7.434999942779541,2.075999975204468
9.98900032043457,6.09499979019165,1.0049999952316284
10.199999809265137,6.966000080108643,2.009000062942505
9.56700038909912,7.434999942779541,1.807999968528748
9.777999877929688,7.0329999923706055,1.1390000581741333
10.270999908447266,9.109000205993652,1.6740000247955322
10.552000045776367,9.779000282287598,2.1429998874664307
9.637999534606934,6.497000217437744,2.746000051498413
10.340999603271484,4.48799991607666,1.406999945640564
10.762999534606934,-5.1570000648498535,4.287000179290772
11.114999771118164,3.41599988937378,1.9420000314712524
10.833000183105469,-5.894000053405763,2.5450000762939453
11.395999908447266,-4.3540000915527335,3.1480000019073486
11.536999702453612,1.2059999704360962,2.075999975204468
11.536999702453612,-1.1390000581741333,2.2769999504089355
11.114999771118164,2.2769999504089355,2.075999975204468
11.678000450134276,7.234000205993652,1.406999945640564
11.467000007629396,6.89900016784668,0.3350000083446503
11.1850004196167,7.903999805450439,1.0049999952316284
11.1850004196167,7.0329999923706055,0.7369999885559082
11.395999908447266,6.296000003814697,0.2010000050067901
11.467000007629396,7.836999893188477,1.807999968528748
11.395999908447266,7.501999855041504,1.875
10.621999740600586,7.568999767303468,1.875
10.130000114440918,7.166999816894531,2.2769999504089355
10.270999908447266,7.0329999923706055,1.807999968528748
10.340999603271484,6.89900016784668,1.6740000247955322
9.98900032043457,7.836999893188477,2.2100000381469727
10.199999809265137,6.2290000915527335,0.8040000200271606
10.482000350952148,8.907999992370605,1.9420000314712524
10.199999809265137,7.501999855041504,3.282000064849853
9.98900032043457,-0.2680000066757202,3.282000064849853
10.130000114440918,-8.640000343322754,4.152999877929688
10.833000183105469,-11.720999717712402,5.425000190734863
10.833000183105469,-13.128000259399414,6.09499979019165
11.748000144958494,-16.67799949645996,6.564000129699707
13.788000106811523,-14.668999671936035,6.296000003814697
13.928999900817873,-12.458000183105469,5.1570000648498535
13.857999801635742,-7.769999980926514,3.6840000152587886
13.647000312805176,-2.611999988555908,2.5450000762939453
13.718000411987305,5.1570000648498535,1.6080000400543213
12.87399959564209,6.89900016784668,0.5360000133514404
12.522000312805176,7.769999980926514,1.3400000333786009
12.100000381469728,7.0329999923706055,1.2730000019073486
11.678000450134276,8.371999740600586,0.9380000233650208
11.536999702453612,8.907999992370605,3.2149999141693115
11.1850004196167,11.654999732971191,3.95199990272522
11.326000213623049,12.123000144958494,4.287000179290772
11.255999565124512,11.588000297546388,3.95199990272522
11.326000213623049,11.119000434875488,3.549999952316284
11.043999671936035,12.659000396728516,4.421000003814697
11.467000007629396,10.984999656677246,4.287000179290772
11.114999771118164,10.717000007629396,3.3489999771118164
11.114999771118164,14.869999885559082,5.357999801635742
11.1850004196167,11.31999969482422,4.421000003814697
11.467000007629396,3.95199990272522,3.95199990272522
12.380999565124512,-6.89900016784668,3.750999927520752
13.154999732971191,-11.654999732971191,5.827000141143799
13.085000038146973,-13.597000122070312,7.501999855041504
13.435999870300291,-16.67799949645996,6.027999877929688
15.47599983215332,-15.87399959564209,6.09499979019165
15.125,-12.123000144958494,5.760000228881836
15.19499969482422,-7.568999767303468,3.884999990463257
14.70300006866455,-2.1429998874664307,2.075999975204468
15.125,5.290999889373778,1.4739999771118164
14.140000343322756,6.429999828338622,0.4690000116825104
13.57699966430664,7.903999805450439,1.4739999771118164
12.87399959564209,6.966000080108643,1.3400000333786009
12.380999565124512,8.371999740600586,3.2149999141693115
12.239999771118164,10.381999969482422,2.880000114440918
11.888999938964846,10.381999969482422,3.617000102996826
11.607000350952148,11.052000045776367,3.282000064849853
11.607000350952148,11.185999870300291,4.287000179290772
11.536999702453612,10.984999656677246,3.0810000896453857
10.904000282287598,10.984999656677246,3.3489999771118164
10.833000183105469,11.052000045776367,3.617000102996826
10.692999839782717,9.376999855041504,2.2100000381469727
10.762999534606934,12.256999969482422,3.282000064849853
11.114999771118164,9.913000106811523,4.019000053405762
11.114999771118164,3.2149999141693115,4.48799991607666
11.467000007629396,-7.836999893188477,4.689000129699707
13.085000038146973,-12.256999969482422,6.09499979019165
13.29599952697754,-14.803000450134276,6.697999954223633
13.647000312805176,-17.683000564575195,6.36299991607666
15.758000373840332,-15.67300033569336,6.2290000915527335
16.391000747680664,-12.994000434875488,5.625999927520752
15.89799976348877,-7.769999980926514,5.090000152587892
16.391000747680664,-2.812999963760376,3.617000102996826
16.180000305175778,4.822999954223633,2.075999975204468
15.687000274658203,8.104999542236326,1.406999945640564
15.968999862670898,8.572999954223633,1.6080000400543213
14.843000411987305,8.038000106811522,1.4739999771118164
14.562000274658203,7.501999855041504,0.7369999885559082
14.491000175476074,9.979999542236328,2.5450000762939453
13.928999900817873,11.720999717712402,3.750999927520752
14.279999732971191,10.717000007629396,4.287000179290772
14.843000411987305,11.854999542236328,4.554999828338623
13.99899959564209,11.788000106811523,4.019000053405762
14.631999969482422,11.45400047302246,3.95199990272522
15.265000343322756,12.72599983215332,4.2199997901916495
15.54699993133545,11.119000434875488,3.0810000896453857
14.843000411987305,12.927000045776367,3.0810000896453857
15.053999900817873,10.649999618530272,3.3489999771118164
15.54699993133545,7.166999816894531,4.152999877929688
15.758000373840332,3.0810000896453857,2.344000101089477
14.562000274658203,-1.9420000314712524,3.2149999141693115
13.928999900817873,-9.845999717712402,4.889999866485597
13.435999870300291,-4.822999954223633,1.875
13.928999900817873,-0.4020000100135803,2.678999900817871
12.380999565124512,2.678999900817871,2.5450000762939453
11.678000450134276,1.2059999704360962,3.013999938964844
10.621999740600586,4.889999866485597,2.2100000381469727
9.56700038909912,6.966000080108643,1.741000056266785
9.355999946594238,7.836999893188477,1.4739999771118164
8.934000015258789,7.501999855041504,1.2730000019073486
8.230999946594237,6.564000129699707,1.2730000019073486
7.73799991607666,6.162000179290772,0.9380000233650208
7.0349998474121085,8.975000381469727,2.1429998874664307
6.752999782562256,10.85099983215332,2.880000114440918
5.557000160217285,10.717000007629396,3.6840000152587886
6.752999782562256,10.649999618530272,3.0810000896453857
6.261000156402588,9.913000106811523,3.617000102996826
6.261000156402588,10.04699993133545,4.152999877929688
7.105000019073486,9.779000282287598,3.41599988937378
6.261000156402588,9.845999717712402,3.2149999141693115
6.541999816894531,9.913000106811523,2.477999925613404
4.501999855041504,10.3149995803833,2.4110000133514404
6.823999881744385,9.109000205993652,3.1480000019073486
7.0349998474121085,6.564000129699707,2.4110000133514404
7.809000015258789,6.831999778747559,2.5450000762939453
8.442000389099121,5.960999965667725,2.075999975204468
8.722999572753906,4.554999828338623,1.6740000247955322
7.879000186920166,4.152999877929688,1.2059999704360962
7.105000019073486,5.492000102996826,2.2769999504089355
7.73799991607666,5.625999927520752,2.009000062942505
6.964000225067139,6.697999954223633,1.875
6.190999984741211,6.966000080108643,1.2059999704360962
4.361999988555908,6.497000217437744,0.8040000200271606
6.4720001220703125,6.09499979019165,0.7369999885559082
6.683000087738037,5.223999977111816,0.4690000116825104
6.61299991607666,4.554999828338623,0.0
6.4720001220703125,5.1570000648498535,0.6700000166893005
6.401999950408936,8.171999931335451,2.009000062942505
6.61299991607666,7.301000118255615,1.875
4.432000160217285,6.36299991607666,1.3400000333786009
5.3460001945495605,6.966000080108643,1.875
3.236000061035156,6.09499979019165,1.875
3.6579999923706055,7.434999942779541,1.9420000314712524
3.025000095367432,7.568999767303468,1.9420000314712524
2.6730000972747803,8.439000129699707,1.6740000247955322
2.74399995803833,9.243000030517578,1.6740000247955322
4.361999988555908,7.636000156402588,2.009000062942505
3.5169999599456787,7.501999855041504,2.2769999504089355
4.501999855041504,7.703000068664551,2.5450000762939453
4.501999855041504,5.1570000648498535,1.807999968528748
4.501999855041504,3.95199990272522,1.0720000267028809
6.823999881744385,4.689000129699707,0.8040000200271606
5.486999988555908,3.1480000019073486,1.741000056266785
5.065000057220459,5.1570000648498535,1.5410000085830688
5.486999988555908,5.894000053405763,1.807999968528748
4.994999885559082,8.706999778747559,1.4739999771118164
5.839000225067139,7.0329999923706055,0.8709999918937683
6.190999984741211,6.63100004196167,0.8040000200271606
6.261000156402588,5.960999965667725,0.7369999885559082
7.105000019073486,5.559000015258789,-0.2680000066757202
7.0349998474121085,9.3100004196167,3.0810000896453857
7.879000186920166,10.04699993133545,2.9470000267028813
7.668000221252441,10.583000183105469,3.1480000019073486
7.73799991607666,11.31999969482422,4.152999877929688
7.315999984741211,10.449000358581545,3.3489999771118164
7.526999950408935,9.243000030517578,2.2100000381469727
7.175000190734862,9.444000244140623,3.549999952316284
7.456999778747559,11.92199993133545,4.152999877929688
7.315999984741211,13.060999870300291,3.549999952316284
6.964000225067139,13.060999870300291,4.3540000915527335
7.315999984741211,7.903999805450439,3.4830000400543213
7.386000156402588,3.884999990463257,3.3489999771118164
7.456999778747559,4.889999866485597,4.019000053405762
8.300999641418457,-2.1429998874664307,2.5450000762939453
8.159999847412111,-1.6080000400543213,2.2100000381469727
8.652999877929688,-5.0229997634887695,2.075999975204468
9.28600025177002,-1.5410000085830688,2.075999975204468
9.637999534606934,-0.2010000050067901,2.2100000381469727
9.637999534606934,2.2769999504089355,1.4739999771118164
10.0600004196167,7.166999816894531,1.3400000333786009
10.0600004196167,7.434999942779541,0.8709999918937683
9.28600025177002,7.099999904632568,0.7369999885559082
9.28600025177002,6.36299991607666,1.0049999952316284
9.074999809265137,6.09499979019165,0.6029999852180481
8.51200008392334,9.913000106811523,2.812999963760376
8.230999946594237,11.92199993133545,4.554999828338623
8.159999847412111,10.784000396728516,4.421000003814697
8.020000457763674,10.583000183105469,4.48799991607666
7.879000186920166,10.515999794006348,4.622000217437744
8.090000152587889,11.38700008392334,3.6840000152587886
4.923999786376953,10.515999794006348,3.750999927520752
6.261000156402588,11.588000297546388,4.287000179290772
6.401999950408936,11.92199993133545,3.0810000896453857
7.245999813079834,14.199999809265137,5.090000152587892
7.809000015258789,10.180999755859377,4.554999828338623
7.668000221252441,4.822999954223633,2.1429998874664307
8.159999847412111,-0.6700000166893005,2.477999925613404
8.300999641418457,-1.741000056266785,3.6840000152587886
8.020000457763674,1.6740000247955322,1.6080000400543213
8.51200008392334,2.9470000267028813,2.1429998874664307
8.581999778747559,3.4830000400543213,2.1429998874664307
8.159999847412111,3.013999938964844,1.406999945640564
7.597000122070312,5.692999839782715,1.6740000247955322
7.245999813079834,7.703000068664551,1.2059999704360962
7.245999813079834,7.434999942779541,1.0049999952316284
6.894000053405763,6.966000080108643,0.8709999918937683
6.894000053405763,6.497000217437744,1.0720000267028809
7.245999813079834,6.09499979019165,-0.06700000166893
7.315999984741211,9.444000244140623,1.5410000085830688
7.105000019073486,11.31999969482422,3.617000102996826
7.456999778747559,10.180999755859377,3.884999990463257
7.526999950408935,10.85099983215332,3.41599988937378
7.386000156402588,9.243000030517578,3.1480000019073486
7.456999778747559,10.449000358581545,3.884999990463257
6.823999881744385,10.984999656677246,4.0859999656677255
6.330999851226808,10.91800022125244,3.3489999771118164
6.541999816894531,11.854999542236328,4.019000053405762
6.541999816894531,12.859999656677244,4.75600004196167
6.4720001220703125,8.907999992370605,3.41599988937378
6.541999816894531,7.836999893188477,3.1480000019073486
6.119999885559082,7.099999904632568,2.477999925613404
7.245999813079834,3.750999927520752,2.1429998874664307
7.315999984741211,3.549999952316284,1.0049999952316284
8.371000289916992,3.4830000400543213,1.741000056266785
8.442000389099121,3.0810000896453857,1.9420000314712524
8.300999641418457,4.956999778747559,1.2059999704360962
7.73799991607666,6.2290000915527335,1.6740000247955322
7.668000221252441,7.368000030517577,1.2059999704360962
6.894000053405763,7.234000205993652,0.9380000233650208
7.597000122070312,7.234000205993652,1.1390000581741333
7.105000019073486,6.564000129699707,1.0720000267028809
6.541999816894531,5.760000228881836,-0.06700000166893
6.119999885559082,10.04699993133545,2.812999963760376
6.330999851226808,10.583000183105469,3.0810000896453857
6.330999851226808,11.854999542236328,4.287000179290772
6.4720001220703125,11.185999870300291,4.0859999656677255
6.261000156402588,11.520999908447266,3.95199990272522
6.190999984741211,10.85099983215332,3.3489999771118164
5.839000225067139,10.11400032043457,3.4830000400543213
4.432000160217285,11.253000259399414,3.95199990272522
6.261000156402588,13.395999908447266,4.956999778747559
6.61299991607666,12.123000144958494,4.3540000915527335
6.541999816894531,9.913000106811523,4.0859999656677255
6.683000087738037,4.822999954223633,2.009000062942505
6.61299991607666,3.750999927520752,2.678999900817871
6.752999782562256,4.822999954223633,1.9420000314712524
6.050000190734862,3.884999990463257,1.1390000581741333
4.994999885559082,2.075999975204468,2.2100000381469727
6.190999984741211,6.63100004196167,2.477999925613404
4.361999988555908,5.960999965667725,2.2100000381469727
3.3059999942779537,6.564000129699707,2.2769999504089355
4.7839999198913565,8.439000129699707,1.807999968528748
3.86899995803833,7.903999805450439,1.1390000581741333
4.501999855041504,7.166999816894531,1.0049999952316284
5.908999919891357,6.296000003814697,0.8709999918937683
5.697999954223633,5.894000053405763,1.0049999952316284
6.190999984741211,7.903999805450439,3.3489999771118164
5.3460001945495605,10.449000358581545,4.48799991607666
4.64300012588501,10.984999656677246,4.75600004196167
5.908999919891357,12.123000144958494,4.822999954223633
4.7129998207092285,11.253000259399414,5.625999927520752
6.050000190734862,11.654999732971191,5.425000190734863
7.105000019073486,9.243000030517578,4.554999828338623
7.105000019073486,11.92199993133545,5.425000190734863
6.4720001220703125,12.324000358581545,5.357999801635742
6.964000225067139,13.730999946594238,4.3540000915527335
7.597000122070312,8.77400016784668,3.549999952316284
7.668000221252441,3.549999952316284,2.746000051498413
8.020000457763674,2.2769999504089355,2.2100000381469727
8.51200008392334,-1.5410000085830688,3.3489999771118164
8.442000389099121,1.0720000267028809,1.807999968528748
8.652999877929688,2.075999975204468,1.875
8.722999572753906,-1.807999968528748,2.678999900817871
9.074999809265137,2.2100000381469727,2.2100000381469727
8.86400032043457,3.0810000896453857,0.7369999885559082
8.581999778747559,7.769999980926514,1.2059999704360962
9.355999946594238,7.0329999923706055,0.6700000166893005
9.496999740600586,6.966000080108643,0.7369999885559082
9.355999946594238,6.296000003814697,0.7369999885559082
9.21500015258789,5.223999977111816,0.6700000166893005
8.371000289916992,5.692999839782715,1.2059999704360962
7.879000186920166,8.171999931335451,2.344000101089477
8.020000457763674,8.706999778747559,2.2769999504089355
7.668000221252441,6.497000217437744,2.075999975204468
7.315999984741211,8.038000106811522,3.2149999141693115
7.105000019073486,8.371999740600586,2.075999975204468
7.175000190734862,8.171999931335451,2.880000114440918
7.105000019073486,7.703000068664551,1.741000056266785
7.105000019073486,9.645000457763672,2.4110000133514404
6.752999782562256,10.583000183105469,3.2149999141693115
6.894000053405763,6.564000129699707,2.812999963760376
6.964000225067139,6.2290000915527335,2.9470000267028813
7.315999984741211,4.3540000915527335,2.5450000762939453
8.020000457763674,4.421000003814697,1.6080000400543213
8.722999572753906,-0.7369999885559082,1.4739999771118164
9.56700038909912,0.06700000166893,2.4110000133514404
9.637999534606934,2.812999963760376,2.2100000381469727
9.637999534606934,0.4020000100135803,2.009000062942505
9.56700038909912,4.956999778747559,1.807999968528748
9.21500015258789,8.171999931335451,1.406999945640564
9.425999641418455,7.368000030517577,0.8709999918937683
9.28600025177002,7.903999805450439,1.3400000333786009
9.003999710083008,7.099999904632568,1.0049999952316284
8.020000457763674,8.305999755859375,0.7369999885559082
7.597000122070312,8.77400016784668,2.2100000381469727
7.315999984741211,11.185999870300291,4.019000053405762
9.56700038909912,11.720999717712402,4.48799991607666
9.074999809265137,9.979999542236328,4.0859999656677255
9.003999710083008,9.845999717712402,3.6840000152587886
9.21500015258789,10.449000358581545,4.421000003814697
9.355999946594238,11.052000045776367,4.2199997901916495
7.809000015258789,10.248000144958496,3.750999927520752
7.175000190734862,12.524999618530272,4.3540000915527335
7.73799991607666,12.592000007629396,4.75600004196167
8.230999946594237,8.038000106811522,4.554999828338623
8.159999847412111,3.884999990463257,2.477999925613404
8.300999641418457,2.9470000267028813,2.2100000381469727
8.652999877929688,-4.689000129699707,3.2149999141693115
9.21500015258789,-1.0720000267028809,2.009000062942505
9.637999534606934,-3.4830000400543213,2.344000101089477
10.621999740600586,0.06700000166893,1.875
10.340999603271484,2.009000062942505,2.2769999504089355
11.255999565124512,0.8040000200271606,2.075999975204468
11.043999671936035,8.23900032043457,2.075999975204468
10.762999534606934,8.371999740600586,1.3400000333786009
10.692999839782717,8.038000106811522,1.3400000333786009
10.904000282287598,7.166999816894531,1.0049999952316284
10.199999809265137,6.296000003814697,1.807999968528748
9.98900032043457,8.907999992370605,2.2769999504089355
9.21500015258789,11.588000297546388,3.750999927520752
8.86400032043457,10.449000358581545,3.884999990463257
8.442000389099121,11.119000434875488,3.95199990272522
8.159999847412111,9.51099967956543,2.880000114440918
7.948999881744385,9.645000457763672,2.2100000381469727
7.948999881744385,8.907999992370605,2.1429998874664307
8.581999778747559,10.784000396728516,3.1480000019073486
7.809000015258789,11.92199993133545,3.013999938964844
8.020000457763674,10.91800022125244,3.884999990463257
9.074999809265137,3.617000102996826,3.750999927520752
9.28600025177002,-4.889999866485597,2.9470000267028813
8.86400032043457,-6.162000179290772,3.818000078201294
9.708000183105469,-0.2680000066757202,2.075999975204468
10.482000350952148,-3.2149999141693115,1.6740000247955322
10.621999740600586,-4.019000053405762,2.746000051498413
11.817999839782717,-0.8040000200271606,2.2769999504089355
11.678000450134276,2.9470000267028813,2.477999925613404
11.678000450134276,5.425000190734863,1.6740000247955322
11.395999908447266,7.501999855041504,1.1390000581741333
10.833000183105469,7.368000030517577,0.8040000200271606
10.0600004196167,8.171999931335451,1.406999945640564
9.918999671936035,7.368000030517577,1.2730000019073486
9.918999671936035,6.497000217437744,0.7369999885559082
10.0600004196167,7.501999855041504,1.875
10.270999908447266,10.381999969482422,3.4830000400543213
10.270999908447266,8.975000381469727,3.013999938964844
9.777999877929688,9.51099967956543,2.746000051498413
10.270999908447266,7.568999767303468,2.5450000762939453
9.003999710083008,8.171999931335451,2.2769999504089355
9.777999877929688,9.3100004196167,2.9470000267028813
10.130000114440918,9.645000457763672,2.611999988555908
10.130000114440918,9.779000282287598,2.477999925613404
10.130000114440918,9.243000030517578,3.617000102996826
11.255999565124512,1.807999968528748,2.746000051498413
11.395999908447266,-6.162000179290772,4.152999877929688
11.748000144958494,-10.180999755859377,5.223999977111816
11.888999938964846,-11.98900032043457,5.827000141143799
11.678000450134276,-14.333999633789062,5.223999977111816
11.114999771118164,-13.864999771118164,5.559000015258789
11.888999938964846,-10.3149995803833,4.689000129699707
12.029000282287598,-2.746000051498413,2.5450000762939453
11.817999839782717,2.678999900817871,1.406999945640564
12.029000282287598,7.301000118255615,1.0049999952316284
11.748000144958494,7.769999980926514,0.3350000083446503
10.621999740600586,7.903999805450439,1.0720000267028809
10.552000045776367,7.301000118255615,1.1390000581741333
10.0600004196167,8.572999954223633,1.2730000019073486
10.199999809265137,9.645000457763672,2.880000114440918
9.56700038909912,11.92199993133545,4.2199997901916495
9.777999877929688,12.659000396728516,4.554999828338623
9.777999877929688,11.98900032043457,4.3540000915527335
9.708000183105469,10.984999656677246,3.617000102996826
9.918999671936035,11.788000106811523,4.48799991607666
9.425999641418455,11.92199993133545,4.956999778747559
8.934000015258789,12.055999755859377,3.6840000152587886
9.637999534606934,11.720999717712402,3.0810000896453857
8.090000152587889,11.520999908447266,4.689000129699707
8.581999778747559,2.9470000267028813,3.884999990463257
9.637999534606934,-5.223999977111816,3.013999938964844
10.904000282287598,-9.711999893188477,4.956999778747559
10.973999977111816,-12.324000358581545,6.564000129699707
11.395999908447266,-16.275999069213867,5.894000053405763
12.522000312805176,-14.333999633789062,5.894000053405763
12.87399959564209,-9.041999816894531,4.421000003814697
12.380999565124512,-5.0229997634887695,3.2149999141693115
13.647000312805176,1.406999945640564,1.406999945640564
13.435999870300291,6.764999866485598,1.3400000333786009
12.100000381469728,7.434999942779541,1.1390000581741333
11.958999633789062,7.903999805450439,1.406999945640564
12.029000282287598,6.966000080108643,1.2059999704360962
11.536999702453612,9.376999855041504,1.807999968528748
11.536999702453612,9.913000106811523,3.1480000019073486
10.904000282287598,12.859999656677244,4.822999954223633
10.762999534606934,14.065999984741213,5.425000190734863
11.255999565124512,12.659000396728516,5.0229997634887695
11.888999938964846,10.784000396728516,4.75600004196167
12.380999565124512,12.256999969482422,4.689000129699707
11.326000213623049,10.85099983215332,4.3540000915527335
10.621999740600586,11.45400047302246,3.750999927520752
9.496999740600586,11.31999969482422,2.678999900817871
9.21500015258789,11.38700008392334,3.6840000152587886
9.425999641418455,7.301000118255615,3.884999990463257
9.355999946594238,3.750999927520752,1.875
10.762999534606934,0.1340000033378601,3.2149999141693115
11.043999671936035,-3.41599988937378,3.6840000152587886
11.255999565124512,-6.296000003814697,2.344000101089477
11.255999565124512,-5.960999965667725,2.344000101089477
11.395999908447266,-5.357999801635742,2.880000114440918
11.1850004196167,1.2059999704360962,2.009000062942505
11.326000213623049,0.5360000133514404,1.807999968528748
11.467000007629396,6.966000080108643,0.9380000233650208
10.552000045776367,6.89900016784668,0.06700000166893
10.270999908447266,8.706999778747559,1.0049999952316284
9.708000183105469,8.104999542236326,0.9380000233650208
8.722999572753906,7.166999816894531,1.2059999704360962
8.86400032043457,7.099999904632568,1.3400000333786009
9.003999710083008,9.175999641418455,2.746000051498413
9.21500015258789,9.979999542236328,3.4830000400543213
9.145000457763672,8.305999755859375,2.1429998874664307
9.496999740600586,8.77400016784668,2.2100000381469727
9.074999809265137,8.104999542236326,2.746000051498413
8.722999572753906,8.439000129699707,1.9420000314712524
8.934000015258789,8.439000129699707,2.075999975204468
8.86400032043457,9.645000457763672,2.075999975204468
8.86400032043457,7.301000118255615,1.9420000314712524
9.425999641418455,-0.8709999918937683,2.9470000267028813
9.425999641418455,-8.505999565124513,4.152999877929688
9.708000183105469,-12.123000144958494,5.625999927520752
9.848999977111816,-13.26200008392334,6.429999828338622
10.0600004196167,-12.927000045776367,4.622000217437744
11.678000450134276,-10.583000183105469,4.152999877929688
12.170000076293944,-11.654999732971191,6.027999877929688
11.1850004196167,-7.234000205993652,3.549999952316284
11.043999671936035,0.3350000083446503,2.678999900817871
11.607000350952148,7.568999767303468,1.6740000247955322
10.973999977111816,7.903999805450439,1.2059999704360962
11.395999908447266,8.23900032043457,1.1390000581741333
10.833000183105469,8.038000106811522,1.2730000019073486
10.833000183105469,6.831999778747559,1.406999945640564
10.340999603271484,8.640000343322754,2.1429998874664307
9.28600025177002,11.253000259399414,3.818000078201294
9.145000457763672,10.3149995803833,2.880000114440918
8.371000289916992,11.92199993133545,4.3540000915527335
8.581999778747559,11.788000106811523,3.95199990272522
8.090000152587889,11.854999542236328,4.822999954223633
7.73799991607666,12.055999755859377,4.0859999656677255
7.809000015258789,11.185999870300291,4.287000179290772
7.456999778747559,13.128000259399414,3.750999927520752
7.315999984741211,11.588000297546388,3.884999990463257
7.456999778747559,1.6080000400543213,4.554999828338623
7.668000221252441,-6.564000129699707,5.223999977111816
9.21500015258789,-11.98900032043457,5.357999801635742
8.934000015258789,-15.270999908447266,7.501999855041504
9.21500015258789,-18.152000427246094,7.166999816894531
10.621999740600586,-18.55299949645996,7.434999942779541
11.1850004196167,-3.750999927520752,3.0810000896453857
11.255999565124512,-9.645000457763672,3.549999952316284
11.326000213623049,4.2199997901916495,1.3400000333786009
11.888999938964846,6.89900016784668,1.6080000400543213
11.1850004196167,7.568999767303468,1.1390000581741333
10.621999740600586,7.568999767303468,1.0720000267028809
10.340999603271484,7.301000118255615,1.2730000019073486
9.777999877929688,6.497000217437744,0.6029999852180481
9.708000183105469,5.894000053405763,1.1390000581741333
9.777999877929688,9.175999641418455,2.678999900817871
9.56700038909912,8.572999954223633,3.2149999141693115
9.425999641418455,9.645000457763672,3.0810000896453857
9.56700038909912,8.840999603271484,3.6840000152587886
8.793000221252441,8.706999778747559,3.617000102996826
9.425999641418455,8.77400016784668,3.1480000019073486
10.0600004196167,8.171999931335451,2.5450000762939453
10.762999534606934,8.439000129699707,1.875
10.41100025177002,8.840999603271484,2.1429998874664307
10.904000282287598,4.822999954223633,2.678999900817871
11.678000450134276,3.750999927520752,2.9470000267028813
11.536999702453612,-3.4830000400543213,3.549999952316284
11.467000007629396,-1.3400000333786009,3.617000102996826
12.522000312805176,-14.60200023651123,5.090000152587892
13.366000175476074,-8.907999992370605,4.48799991607666
13.718000411987305,-9.3100004196167,4.3540000915527335
12.592000007629396,-5.223999977111816,2.812999963760376
13.29599952697754,0.9380000233650208,2.2769999504089355
12.87399959564209,7.703000068664551,1.6080000400543213
11.748000144958494,8.371999740600586,1.3400000333786009
11.607000350952148,8.038000106811522,1.3400000333786009
10.482000350952148,7.166999816894531,1.406999945640564
10.0600004196167,7.301000118255615,0.5360000133514404
9.777999877929688,8.505999565124513,2.477999925613404
9.777999877929688,11.788000106811523,4.622000217437744
9.56700038909912,11.854999542236328,5.0229997634887695
10.0600004196167,11.92199993133545,4.287000179290772
9.848999977111816,10.449000358581545,4.421000003814697
11.114999771118164,9.779000282287598,3.750999927520752
11.395999908447266,9.913000106811523,4.421000003814697
10.973999977111816,10.3149995803833,3.013999938964844
10.904000282287598,10.583000183105469,3.1480000019073486
10.973999977111816,10.449000358581545,2.9470000267028813
11.958999633789062,3.549999952316284,3.6840000152587886
12.592000007629396,-3.95199990272522,3.1480000019073486
12.803000450134276,-7.703000068664551,4.3540000915527335
12.451000213623049,-10.180999755859377,5.425000190734863
12.87399959564209,-8.907999992370605,3.617000102996826
14.35099983215332,-11.588000297546388,4.48799991607666
14.77299976348877,-0.2010000050067901,2.2769999504089355
13.647000312805176,-2.746000051498413,2.5450000762939453
13.085000038146973,1.0720000267028809,2.1429998874664307
12.239999771118164,7.368000030517577,1.6740000247955322
11.888999938964846,7.568999767303468,1.1390000581741333
11.817999839782717,8.104999542236326,1.406999945640564
11.678000450134276,7.166999816894531,1.2730000019073486
11.888999938964846,8.305999755859375,1.2059999704360962
11.326000213623049,8.640000343322754,1.807999968528748
10.973999977111816,10.91800022125244,3.0810000896453857
10.692999839782717,12.256999969482422,4.75600004196167
10.270999908447266,11.45400047302246,3.3489999771118164
10.0600004196167,10.85099983215332,3.282000064849853
9.98900032043457,10.3149995803833,3.282000064849853
10.0600004196167,11.588000297546388,3.41599988937378
10.0600004196167,9.645000457763672,2.5450000762939453
10.130000114440918,11.45400047302246,3.549999952316284
10.692999839782717,10.180999755859377,2.477999925613404
10.833000183105469,2.1429998874664307,4.2199997901916495
10.482000350952148,-7.568999767303468,4.2199997901916495
10.621999740600586,-11.854999542236328,5.827000141143799
10.762999534606934,-13.864999771118164,6.027999877929688
11.467000007629396,-18.35300064086914,6.564000129699707
13.013999938964846,-15.605999946594238,7.368000030517577
13.647000312805176,-11.253000259399414,5.960999965667725
12.732999801635742,-6.89900016784668,3.282000064849853
13.435999870300291,0.8040000200271606,1.807999968528748
12.803000450134276,7.703000068664551,1.807999968528748
12.592000007629396,8.038000106811522,1.6080000400543213
12.100000381469728,7.769999980926514,1.406999945640564
11.817999839782717,7.368000030517577,1.4739999771118164
11.114999771118164,8.104999542236326,1.0049999952316284
9.918999671936035,10.449000358581545,3.1480000019073486
10.199999809265137,11.45400047302246,3.617000102996826
9.98900032043457,12.79300022125244,4.689000129699707
10.340999603271484,12.1899995803833,4.2199997901916495
10.130000114440918,11.253000259399414,4.2199997901916495
10.482000350952148,11.788000106811523,4.48799991607666
9.637999534606934,12.994000434875488,4.287000179290772
9.708000183105469,11.520999908447266,3.3489999771118164
8.090000152587889,11.854999542236328,3.0810000896453857
9.074999809265137,12.256999969482422,4.0859999656677255
7.597000122070312,6.2290000915527335,4.421000003814697
7.809000015258789,2.009000062942505,3.549999952316284
7.73799991607666,4.622000217437744,3.3489999771118164
8.581999778747559,5.827000141143799,2.344000101089477
9.425999641418455,-5.0229997634887695,2.611999988555908
9.918999671936035,-6.63100004196167,3.818000078201294
9.777999877929688,-7.368000030517577,3.41599988937378
10.552000045776367,-8.171999931335451,2.5450000762939453
10.41100025177002,-0.2010000050067901,1.9420000314712524
10.621999740600586,6.89900016784668,1.3400000333786009
10.482000350952148,7.501999855041504,1.0720000267028809
9.708000183105469,6.966000080108643,0.6700000166893005
9.21500015258789,6.296000003814697,0.6700000166893005
8.090000152587889,6.296000003814697,0.4020000100135803
7.456999778747559,6.36299991607666,1.741000056266785
6.683000087738037,7.903999805450439,2.009000062942505
5.908999919891357,8.77400016784668,2.880000114440918
6.401999950408936,8.640000343322754,2.812999963760376
5.697999954223633,9.041999816894531,3.6840000152587886
5.205999851226807,8.572999954223633,2.5450000762939453
7.597000122070312,8.171999931335451,2.075999975204468
7.105000019073486,9.3100004196167,3.1480000019073486
5.697999954223633,9.645000457763672,2.477999925613404
5.9790000915527335,10.649999618530272,3.3489999771118164
5.697999954223633,2.812999963760376,4.0859999656677255
6.401999950408936,-7.568999767303468,4.287000179290772
6.61299991607666,-10.583000183105469,5.357999801635742
8.230999946594237,-7.166999816894531,4.689000129699707
9.074999809265137,-14.60200023651123,6.09499979019165
10.762999534606934,-14.267000198364258,7.166999816894531
11.326000213623049,-12.524999618530272,5.960999965667725
10.621999740600586,-6.429999828338622,3.0810000896453857
11.326000213623049,0.0,2.2100000381469727
11.255999565124512,7.703000068664551,1.807999968528748
9.145000457763672,7.836999893188477,1.406999945640564
8.86400032043457,7.434999942779541,1.2059999704360962
8.86400032043457,6.497000217437744,1.1390000581741333
8.86400032043457,9.243000030517578,1.0720000267028809
8.652999877929688,9.3100004196167,2.5450000762939453
8.442000389099121,11.119000434875488,3.282000064849853
7.948999881744385,11.119000434875488,3.95199990272522
7.948999881744385,11.119000434875488,3.95199990272522
7.948999881744385,11.119000434875488,3.95199990272522
7.948999881744385,11.119000434875488,3.95199990272522
7.948999881744385,11.119000434875488,3.95199990272522
7.948999881744385,11.119000434875488,3.95199990272522
7.948999881744385,11.119000434875488,3.95199990272522
7.948999881744385,11.119000434875488,3.95199990272522
7.948999881744385,11.119000434875488,3.95199990272522
7.948999881744385,11.119000434875488,3.95199990272522
7.948999881744385,11.119000434875488,3.95199990272522
7.948999881744385,11.119000434875488,3.95199990272522
7.948999881744385,11.119000434875488,3.95199990272522
7.948999881744385,11.119000434875488,3.95199990272522
7.948999881744385,11.119000434875488,3.95199990272522
7.948999881744385,11.119000434875488,3.95199990272522
7.948999881744385,11.119000434875488,3.95199990272522
7.948999881744385,11.119000434875488,3.95199990272522
7.948999881744385,11.119000434875488,3.95199990272522
7.948999881744385,11.119000434875488,3.95199990272522
7.948999881744385,11.119000434875488,3.95199990272522
7.948999881744385,11.119000434875488,3.95199990272522
7.948999881744385,11.119000434875488,3.95199990272522
7.948999881744385,11.119000434875488,3.95199990272522
9.56700038909912,11.98900032043457,4.622000217437744
9.708000183105469,11.98900032043457,4.019000053405762
9.425999641418455,10.649999618530272,3.549999952316284
9.425999641418455,10.515999794006348,3.549999952316284
9.56700038909912,10.515999794006348,2.9470000267028813
9.145000457763672,10.11400032043457,3.282000064849853
9.074999809265137,11.98900032043457,3.6840000152587886
9.28600025177002,10.3149995803833,2.746000051498413
10.199999809265137,2.477999925613404,3.95199990272522
10.340999603271484,-7.301000118255615,3.818000078201294
10.621999740600586,-11.052000045776367,5.0229997634887695
11.1850004196167,-13.529999732971191,5.894000053405763
10.833000183105469,-15.538999557495115,6.2290000915527335
13.788000106811523,-14.53499984741211,5.827000141143799
14.279999732971191,-10.91800022125244,4.287000179290772
13.225000381469728,-6.63100004196167,3.549999952316284
14.35099983215332,-0.1340000033378601,2.2100000381469727
13.225000381469728,7.234000205993652,1.2730000019073486
11.888999938964846,8.104999542236326,1.3400000333786009
11.326000213623049,7.769999980926514,1.0720000267028809
11.467000007629396,7.166999816894531,1.1390000581741333
11.536999702453612,7.0329999923706055,1.6740000247955322
11.043999671936035,7.568999767303468,2.2100000381469727
11.043999671936035,7.368000030517577,1.6740000247955322
10.904000282287598,9.041999816894531,3.41599988937378
10.130000114440918,8.840999603271484,3.2149999141693115
10.199999809265137,9.57800006866455,3.013999938964844
9.777999877929688,8.371999740600586,2.746000051498413
9.708000183105469,8.371999740600586,3.013999938964844
9.918999671936035,8.104999542236326,2.5450000762939453
10.199999809265137,8.77400016784668,1.6080000400543213
9.848999977111816,8.439000129699707,3.0810000896453857
9.918999671936035,0.8040000200271606,3.013999938964844
10.0600004196167,-7.234000205993652,4.421000003814697
10.130000114440918,-12.927000045776367,6.831999778747559
10.621999740600586,-14.736000061035154,6.966000080108643
11.255999565124512,-14.53499984741211,6.89900016784668
12.522000312805176,-14.199999809265137,6.966000080108643
14.279999732971191,-11.98900032043457,5.0229997634887695
13.435999870300291,-7.099999904632568,3.0810000896453857
13.506999969482422,0.2010000050067901,1.741000056266785
12.170000076293944,7.836999893188477,2.075999975204468
12.239999771118164,8.439000129699707,1.6740000247955322
12.380999565124512,7.301000118255615,1.2730000019073486
12.380999565124512,6.89900016784668,1.2730000019073486
12.029000282287598,6.966000080108643,0.4020000100135803
11.467000007629396,9.645000457763672,2.746000051498413
11.748000144958494,10.717000007629396,3.4830000400543213
11.536999702453612,10.91800022125244,3.6840000152587886
11.467000007629396,11.788000106811523,4.75600004196167
11.043999671936035,9.979999542236328,3.41599988937378
11.678000450134276,10.984999656677246,3.6840000152587886
11.114999771118164,11.052000045776367,3.818000078201294
10.482000350952148,9.3100004196167,2.075999975204468
10.621999740600586,11.654999732971191,3.282000064849853
10.973999977111816,11.31999969482422,3.2149999141693115
11.043999671936035,5.425000190734863,3.617000102996826
10.973999977111816,-2.2100000381469727,3.2149999141693115
10.270999908447266,-5.894000053405763,2.880000114440918
10.762999534606934,-7.234000205993652,2.678999900817871
10.973999977111816,-8.305999755859375,2.746000051498413
11.958999633789062,-7.234000205993652,2.880000114440918
11.326000213623049,-3.013999938964844,2.678999900817871
10.270999908447266,0.2680000066757202,2.4110000133514404
10.130000114440918,4.956999778747559,1.807999968528748
10.340999603271484,9.109000205993652,2.477999925613404
9.21500015258789,8.371999740600586,1.6080000400543213
8.793000221252441,7.501999855041504,1.2730000019073486
8.51200008392334,7.234000205993652,1.406999945640564
7.879000186920166,7.0329999923706055,1.875
7.668000221252441,6.764999866485598,1.3400000333786009
7.73799991607666,8.840999603271484,3.0810000896453857
7.597000122070312,8.975000381469727,2.746000051498413
7.0349998474121085,9.57800006866455,3.41599988937378
7.315999984741211,7.636000156402588,2.812999963760376
6.61299991607666,7.769999980926514,2.746000051498413
6.61299991607666,8.706999778747559,2.611999988555908
6.4720001220703125,8.439000129699707,2.611999988555908
6.119999885559082,8.305999755859375,1.4739999771118164
5.627999782562256,10.04699993133545,3.1480000019073486
5.627999782562256,-0.1340000033378601,3.4830000400543213
5.627999782562256,-7.636000156402588,2.4110000133514404
6.261000156402588,-11.92199993133545,3.41599988937378
6.752999782562256,-13.663999557495115,3.750999927520752
6.823999881744385,-16.67799949645996,3.4830000400543213
9.56700038909912,-15.87399959564209,3.41599988937378
9.56700038909912,-12.458000183105469,3.0810000896453857
8.652999877929688,-8.171999931335451,1.9420000314712524
9.355999946594238,-0.6700000166893005,1.741000056266785
9.637999534606934,7.836999893188477,2.5450000762939453
8.230999946594237,8.171999931335451,1.4739999771118164
8.300999641418457,7.636000156402588,1.0720000267028809
8.722999572753906,6.966000080108643,1.0720000267028809
9.003999710083008,8.640000343322754,2.880000114440918
7.948999881744385,9.645000457763672,3.282000064849853
7.456999778747559,9.444000244140623,3.3489999771118164
7.315999984741211,11.588000297546388,4.2199997901916495
6.541999816894531,10.984999656677246,4.48799991607666
6.401999950408936,9.243000030517578,2.812999963760376
5.908999919891357,9.57800006866455,2.678999900817871
5.627999782562256,10.784000396728516,3.549999952316284
5.3460001945495605,10.180999755859377,3.549999952316284
5.697999954223633,10.984999656677246,3.0810000896453857
5.3460001945495605,10.85099983215332,3.617000102996826
5.486999988555908,1.0049999952316284,4.822999954223633
6.050000190734862,-7.0329999923706055,5.1570000648498535
5.839000225067139,-12.859999656677244,6.764999866485598
6.401999950408936,-14.869999885559082,7.568999767303468
6.683000087738037,-17.615999221801758,7.301000118255615
9.425999641418455,-15.87399959564209,7.301000118255615
8.86400032043457,-12.524999618530272,6.296000003814697
8.442000389099121,-7.501999855041504,3.818000078201294
8.793000221252441,0.2010000050067901,2.344000101089477
8.934000015258789,8.305999755859375,1.4739999771118164
8.652999877929688,8.505999565124513,1.5410000085830688
8.300999641418457,8.23900032043457,1.5410000085830688
8.090000152587889,7.903999805450439,1.6080000400543213
7.456999778747559,9.444000244140623,2.1429998874664307
7.105000019073486,9.444000244140623,2.477999925613404
7.0349998474121085,10.515999794006348,3.617000102996826
7.105000019073486,10.515999794006348,3.1480000019073486
7.315999984741211,11.92199993133545,4.152999877929688
7.879000186920166,11.92199993133545,3.41599988937378
8.159999847412111,10.91800022125244,3.1480000019073486
7.668000221252441,12.659000396728516,4.48799991607666
7.809000015258789,12.324000358581545,4.287000179290772
8.159999847412111,11.788000106811523,3.2149999141693115
8.230999946594237,13.463000297546388,3.617000102996826
8.300999641418457,2.344000101089477,3.750999927520752
8.581999778747559,-7.166999816894531,3.750999927520752
10.199999809265137,-6.162000179290772,4.2199997901916495
10.692999839782717,-12.859999656677244,6.764999866485598
10.552000045776367,-16.007999420166016,6.2290000915527335
12.029000282287598,-10.515999794006348,5.1570000648498535
12.944000244140623,-11.052000045776367,5.357999801635742
12.803000450134276,-0.6029999852180481,2.880000114440918
13.085000038146973,4.822999954223633,1.6080000400543213
12.310999870300291,8.171999931335451,1.2059999704360962
11.395999908447266,8.439000129699707,0.8040000200271606
10.973999977111816,8.038000106811522,0.7369999885559082
11.326000213623049,7.368000030517577,0.7369999885559082
10.692999839782717,7.769999980926514,0.5360000133514404
10.762999534606934,9.979999542236328,2.4110000133514404
10.621999740600586,10.180999755859377,2.9470000267028813
10.482000350952148,11.654999732971191,3.750999927520752
10.270999908447266,11.92199993133545,3.2149999141693115
10.130000114440918,10.248000144958496,3.549999952316284
9.98900032043457,10.85099983215332,3.0810000896453857
9.708000183105469,11.654999732971191,3.884999990463257
9.56700038909912,11.31999969482422,3.3489999771118164
9.425999641418455,11.92199993133545,3.2149999141693115
9.28600025177002,11.92199993133545,3.2149999141693115
10.340999603271484,0.06700000166893,5.357999801635742
9.708000183105469,6.764999866485598,3.95199990272522
9.98900032043457,9.3100004196167,3.617000102996826
9.918999671936035,6.2290000915527335,3.013999938964844
9.355999946594238,2.9470000267028813,2.611999988555908
9.777999877929688,-0.9380000233650208,2.678999900817871
10.904000282287598,-1.0049999952316284,3.013999938964844
10.692999839782717,-6.09499979019165,1.875
11.678000450134276,4.822999954223633,1.4739999771118164
11.1850004196167,8.371999740600586,1.406999945640564
11.1850004196167,8.640000343322754,1.3400000333786009
10.973999977111816,8.572999954223633,1.3400000333786009
10.973999977111816,8.104999542236326,1.406999945640564
11.326000213623049,8.038000106811522,1.5410000085830688
11.114999771118164,8.305999755859375,2.2769999504089355
10.904000282287598,10.180999755859377,3.95199990272522
10.552000045776367,10.04699993133545,3.2149999141693115
10.482000350952148,10.180999755859377,3.617000102996826
9.708000183105469,9.175999641418455,3.1480000019073486
10.130000114440918,9.243000030517578,2.812999963760376
10.130000114440918,9.57800006866455,2.9470000267028813
9.425999641418455,8.706999778747559,1.9420000314712524
9.637999534606934,8.305999755859375,1.9420000314712524
9.708000183105469,10.583000183105469,3.282000064849853
10.270999908447266,5.1570000648498535,3.282000064849853
9.28600025177002,-2.1429998874664307,2.746000051498413
9.074999809265137,-6.764999866485598,1.6080000400543213
9.145000457763672,-8.706999778747559,1.3400000333786009
10.130000114440918,-10.515999794006348,1.406999945640564
11.114999771118164,-12.055999755859377,2.4110000133514404
10.833000183105469,-8.104999542236326,1.807999968528748
10.762999534606934,-1.1390000581741333,2.075999975204468
10.833000183105469,2.075999975204468,1.5410000085830688
10.833000183105469,7.636000156402588,1.6080000400543213
9.918999671936035,8.104999542236326,1.5410000085830688
9.355999946594238,8.171999931335451,1.6740000247955322
9.003999710083008,7.166999816894531,1.406999945640564
8.86400032043457,8.505999565124513,1.3400000333786009
8.442000389099121,10.784000396728516,3.0810000896453857
7.809000015258789,11.588000297546388,4.689000129699707
7.809000015258789,11.92199993133545,3.95199990272522
7.0349998474121085,11.854999542236328,4.48799991607666
7.0349998474121085,11.38700008392334,4.554999828338623
6.752999782562256,9.645000457763672,3.617000102996826
6.61299991607666,10.04699993133545,3.818000078201294
6.541999816894531,10.984999656677246,3.41599988937378
6.119999885559082,10.649999618530272,2.880000114440918
6.050000190734862,11.654999732971191,3.3489999771118164
6.190999984741211,0.3350000083446503,3.282000064849853
6.894000053405763,-8.23900032043457,1.6740000247955322
7.809000015258789,-12.79300022125244,3.41599988937378
8.371000289916992,-15.13700008392334,3.4830000400543213
8.581999778747559,-16.40999984741211,2.678999900817871
10.973999977111816,-15.605999946594238,2.678999900817871
11.1850004196167,-12.256999969482422,2.477999925613404
10.692999839782717,-7.099999904632568,1.9420000314712524
10.973999977111816,2.1429998874664307,1.875
11.326000213623049,8.038000106811522,2.075999975204468
10.482000350952148,8.77400016784668,1.807999968528748
9.425999641418455,7.903999805450439,1.406999945640564
9.425999641418455,7.501999855041504,1.5410000085830688
8.934000015258789,9.51099967956543,0.9380000233650208
8.442000389099121,9.845999717712402,2.880000114440918
8.090000152587889,10.91800022125244,4.0859999656677255
8.371000289916992,11.854999542236328,4.152999877929688
8.722999572753906,10.91800022125244,4.48799991607666
8.442000389099121,9.779000282287598,3.282000064849853
9.637999534606934,9.444000244140623,3.6840000152587886
9.848999977111816,9.376999855041504,3.1480000019073486
9.496999740600586,9.376999855041504,3.41599988937378
9.98900032043457,10.248000144958496,2.2769999504089355
9.425999641418455,10.984999656677246,3.0810000896453857
7.597000122070312,6.564000129699707,2.746000051498413
6.964000225067139,6.2290000915527335,1.807999968528748
7.809000015258789,2.5450000762939453,1.807999968528748
8.159999847412111,-1.0720000267028809,1.5410000085830688
9.848999977111816,-13.864999771118164,0.9380000233650208
9.145000457763672,-1.1390000581741333,1.5410000085830688
8.86400032043457,1.875,2.1429998874664307
8.86400032043457,4.822999954223633,1.6740000247955322
9.074999809265137,5.760000228881836,2.2100000381469727
9.28600025177002,8.171999931335451,2.2100000381469727
9.425999641418455,8.572999954223633,1.875
8.371000289916992,8.038000106811522,1.875
7.879000186920166,8.038000106811522,2.1429998874664307
7.668000221252441,7.703000068664551,1.0049999952316284
8.300999641418457,10.180999755859377,2.678999900817871
8.371000289916992,12.458000183105469,3.750999927520752
8.230999946594237,11.31999969482422,4.48799991607666
7.879000186920166,10.449000358581545,3.95199990272522
7.315999984741211,10.85099983215332,4.2199997901916495
6.752999782562256,9.845999717712402,3.013999938964844
6.61299991607666,10.248000144958496,3.750999927520752
5.9790000915527335,11.588000297546388,4.48799991607666
5.627999782562256,10.717000007629396,4.3540000915527335
5.627999782562256,12.1899995803833,3.617000102996826
6.050000190734862,5.894000053405763,3.617000102996826
6.261000156402588,0.4020000100135803,3.1480000019073486
7.0349998474121085,-8.371999740600586,3.549999952316284
7.105000019073486,-10.180999755859377,2.344000101089477
7.73799991607666,-4.75600004196167,1.741000056266785
9.496999740600586,-7.368000030517577,1.4739999771118164
8.722999572753906,2.075999975204468,2.344000101089477
8.86400032043457,3.95199990272522,1.5410000085830688
9.21500015258789,6.36299991607666,1.5410000085830688
8.86400032043457,8.439000129699707,1.406999945640564
9.21500015258789,8.171999931335451,2.611999988555908
8.300999641418457,8.171999931335451,1.875
7.948999881744385,7.703000068664551,1.6740000247955322
7.668000221252441,10.11400032043457,2.1429998874664307
8.090000152587889,10.649999618530272,3.41599988937378
7.879000186920166,10.784000396728516,3.1480000019073486
7.597000122070312,11.588000297546388,3.818000078201294
7.245999813079834,10.784000396728516,3.95199990272522
7.315999984741211,11.854999542236328,4.554999828338623
7.245999813079834,10.04699993133545,3.95199990272522
7.386000156402588,9.243000030517578,3.617000102996826
7.526999950408935,9.845999717712402,3.3489999771118164
7.105000019073486,9.979999542236328,2.880000114440918
6.894000053405763,11.185999870300291,3.013999938964844
7.315999984741211,7.636000156402588,3.750999927520752
7.809000015258789,5.559000015258789,3.6840000152587886
7.809000015258789,-0.2010000050067901,2.611999988555908
8.371000289916992,-1.0049999952316284,2.678999900817871
8.86400032043457,-2.678999900817871,1.9420000314712524
10.199999809265137,-0.4020000100135803,2.2100000381469727
10.973999977111816,-0.3350000083446503,2.1429998874664307
10.621999740600586,4.48799991607666,1.807999968528748
10.692999839782717,6.831999778747559,2.678999900817871
10.130000114440918,8.975000381469727,2.1429998874664307
10.41100025177002,8.505999565124513,1.875
10.692999839782717,8.305999755859375,1.875
11.043999671936035,7.636000156402588,1.9420000314712524
10.762999534606934,8.305999755859375,1.741000056266785
10.692999839782717,8.77400016784668,2.880000114440918
9.918999671936035,9.57800006866455,3.6840000152587886
9.637999534606934,11.185999870300291,4.554999828338623
10.340999603271484,11.45400047302246,4.554999828338623
9.918999671936035,11.253000259399414,4.421000003814697
8.090000152587889,10.248000144958496,4.2199997901916495
7.456999778747559,8.572999954223633,2.746000051498413
6.964000225067139,9.51099967956543,2.5450000762939453
10.130000114440918,9.444000244140623,2.477999925613404
10.199999809265137,11.520999908447266,2.678999900817871
9.777999877929688,9.376999855041504,3.282000064849853
10.833000183105469,7.903999805450439,3.750999927520752
10.482000350952148,8.371999740600586,3.013999938964844
10.692999839782717,5.223999977111816,2.9470000267028813
10.621999740600586,6.027999877929688,2.075999975204468
10.270999908447266,6.2290000915527335,2.075999975204468
10.340999603271484,6.09499979019165,2.009000062942505
10.270999908447266,7.501999855041504,2.1429998874664307
8.581999778747559,7.703000068664551,2.2769999504089355
9.918999671936035,8.706999778747559,1.875
10.199999809265137,8.640000343322754,1.741000056266785
10.482000350952148,9.109000205993652,2.2100000381469727
10.552000045776367,9.041999816894531,2.344000101089477
10.621999740600586,10.717000007629396,2.880000114440918
10.482000350952148,10.717000007629396,3.6840000152587886
9.074999809265137,11.654999732971191,4.152999877929688
8.51200008392334,12.79300022125244,5.425000190734863
8.581999778747559,12.659000396728516,4.287000179290772
8.581999778747559,12.390999794006348,4.554999828338623
8.51200008392334,11.520999908447266,4.019000053405762
8.442000389099121,12.458000183105469,4.622000217437744
7.809000015258789,9.979999542236328,3.013999938964844
9.003999710083008,11.98900032043457,3.818000078201294
7.597000122070312,14.333999633789062,4.75600004196167
9.496999740600586,7.97100019454956,3.2149999141693115
9.848999977111816,2.477999925613404,2.4110000133514404
10.482000350952148,5.559000015258789,3.1480000019073486
10.0600004196167,1.406999945640564,2.2100000381469727
9.777999877929688,-0.6029999852180481,1.2730000019073486
9.98900032043457,0.2010000050067901,1.6740000247955322
10.270999908447266,0.2010000050067901,2.5450000762939453
10.340999603271484,3.41599988937378,2.477999925613404
10.270999908447266,5.827000141143799,1.6080000400543213
9.708000183105469,8.907999992370605,1.5410000085830688
9.637999534606934,8.907999992370605,1.2059999704360962
9.425999641418455,8.975000381469727,2.344000101089477
10.199999809265137,9.57800006866455,2.009000062942505
10.552000045776367,9.109000205993652,1.6740000247955322
9.637999534606934,10.649999618530272,3.2149999141693115
10.199999809265137,11.654999732971191,4.956999778747559
10.270999908447266,12.524999618530272,4.75600004196167
9.355999946594238,9.913000106811523,3.1480000019073486
10.340999603271484,10.04699993133545,3.95199990272522
10.199999809265137,10.248000144958496,3.3489999771118164
10.340999603271484,10.449000358581545,3.2149999141693115
10.130000114440918,10.984999656677246,3.617000102996826
9.918999671936035,9.57800006866455,2.1429998874664307
9.777999877929688,11.854999542236328,3.4830000400543213
9.708000183105469,8.171999931335451,3.3489999771118164
9.21500015258789,0.1340000033378601,2.2100000381469727
9.777999877929688,-5.425000190734863,1.807999968528748
9.848999977111816,-6.89900016784668,2.2769999504089355
9.496999740600586,-11.720999717712402,2.009000062942505
10.199999809265137,-9.109000205993652,3.1480000019073486
9.918999671936035,-4.75600004196167,1.9420000314712524
10.199999809265137,-2.611999988555908,1.807999968528748
9.918999671936035,4.554999828338623,1.3400000333786009
10.199999809265137,8.505999565124513,1.875
10.130000114440918,8.505999565124513,1.5410000085830688
9.56700038909912,8.23900032043457,1.4739999771118164
9.496999740600586,7.434999942779541,1.3400000333786009
8.86400032043457,9.175999641418455,2.075999975204468
8.442000389099121,8.975000381469727,2.075999975204468
8.020000457763674,10.04699993133545,2.812999963760376
7.597000122070312,9.845999717712402,3.617000102996826
7.315999984741211,11.654999732971191,4.152999877929688
7.315999984741211,10.784000396728516,3.1480000019073486
7.0349998474121085,12.1899995803833,3.6840000152587886
7.105000019073486,11.31999969482422,3.95199990272522
6.541999816894531,12.256999969482422,3.4830000400543213
6.330999851226808,12.524999618530272,4.019000053405762
6.330999851226808,13.663999557495115,4.019000053405762
6.61299991607666,9.779000282287598,4.019000053405762
6.823999881744385,4.822999954223633,2.009000062942505
6.894000053405763,3.4830000400543213,2.344000101089477
6.964000225067139,6.2290000915527335,1.6740000247955322
6.894000053405763,5.223999977111816,1.6080000400543213
6.894000053405763,5.625999927520752,1.3400000333786009
6.964000225067139,3.41599988937378,1.6740000247955322
6.894000053405763,6.09499979019165,2.5450000762939453
6.752999782562256,7.636000156402588,1.5410000085830688
6.964000225067139,8.975000381469727,1.807999968528748
6.894000053405763,8.371999740600586,1.6740000247955322
6.752999782562256,8.840999603271484,2.1429998874664307
6.964000225067139,8.640000343322754,1.807999968528748
6.61299991607666,6.697999954223633,1.4739999771118164
6.964000225067139,6.966000080108643,1.807999968528748
6.61299991607666,9.845999717712402,3.2149999141693115
6.752999782562256,10.717000007629396,3.818000078201294
6.401999950408936,10.180999755859377,3.3489999771118164
6.683000087738037,10.180999755859377,3.884999990463257
6.541999816894531,8.840999603271484,2.746000051498413
6.683000087738037,9.444000244140623,3.282000064849853
7.105000019073486,10.248000144958496,3.1480000019073486
6.894000053405763,10.180999755859377,3.0810000896453857
6.964000225067139,9.779000282287598,2.812999963760376
5.557000160217285,8.706999778747559,2.4110000133514404
7.315999984741211,6.764999866485598,2.2769999504089355
7.879000186920166,8.572999954223633,2.477999925613404
7.597000122070312,7.836999893188477,2.344000101089477
5.839000225067139,2.746000051498413,1.2730000019073486
7.73799991607666,5.290999889373778,1.9420000314712524
6.964000225067139,3.3489999771118164,2.075999975204468
7.597000122070312,6.764999866485598,2.4110000133514404
7.105000019073486,8.305999755859375,1.4739999771118164
5.9790000915527335,8.640000343322754,1.0049999952316284
6.261000156402588,8.439000129699707,0.9380000233650208
6.401999950408936,7.568999767303468,0.8709999918937683
7.597000122070312,6.764999866485598,0.5360000133514404
6.683000087738037,6.764999866485598,0.3350000083446503
2.250999927520752,8.907999992370605,2.2769999504089355
0.915000021457672,10.449000358581545,2.812999963760376
0.0,10.248000144958496,2.678999900817871
0.0,11.788000106811523,4.152999877929688
2.321000099182129,9.645000457763672,3.549999952316284
2.039999961853028,10.784000396728516,3.41599988937378
2.461999893188477,9.376999855041504,2.812999963760376
2.532000064849853,10.248000144958496,2.477999925613404
2.602999925613404,11.253000259399414,2.812999963760376
3.16599988937378,13.26200008392334,3.013999938964844
2.884000062942505,10.381999969482422,3.013999938964844
3.236000061035156,6.429999828338622,2.678999900817871
3.236000061035156,0.6029999852180481,2.2769999504089355
3.4470000267028813,-1.807999968528748,1.875
4.2210001945495605,-0.8040000200271606,0.7369999885559082
4.572999954223633,-4.956999778747559,1.807999968528748
4.7839999198913565,-3.818000078201294,1.6080000400543213
4.501999855041504,-1.6740000247955322,2.1429998874664307
4.432000160217285,4.3540000915527335,1.2059999704360962
4.290999889373778,8.640000343322754,0.6700000166893005
4.432000160217285,8.907999992370605,0.6029999852180481
3.7279999256134033,8.23900032043457,0.5360000133514404
3.3059999942779537,7.636000156402588,0.6029999852180481
2.532000064849853,7.301000118255615,1.2730000019073486
2.250999927520752,7.0329999923706055,1.2059999704360962
2.9549999237060547,8.305999755859375,2.5450000762939453
2.74399995803833,9.444000244140623,3.282000064849853
2.74399995803833,8.77400016784668,2.812999963760376
3.3059999942779537,8.439000129699707,2.9470000267028813
2.884000062942505,7.703000068664551,3.0810000896453857
3.236000061035156,7.97100019454956,3.617000102996826
3.236000061035156,8.706999778747559,3.818000078201294
2.813999891281128,9.645000457763672,2.746000051498413
2.884000062942505,12.123000144958494,3.282000064849853
2.9549999237060547,9.3100004196167,4.0859999656677255
2.9549999237060547,5.425000190734863,3.549999952316284
2.813999891281128,-0.8040000200271606,3.4830000400543213
3.16599988937378,4.822999954223633,2.746000051498413
3.5169999599456787,-1.6740000247955322,1.6080000400543213
3.799000024795532,-2.746000051498413,2.746000051498413
3.3059999942779537,2.611999988555908,2.4110000133514404
3.4470000267028813,3.884999990463257,2.075999975204468
3.799000024795532,6.764999866485598,2.5450000762939453
3.86899995803833,9.376999855041504,1.875
3.799000024795532,9.376999855041504,2.1429998874664307
3.7279999256134033,8.907999992370605,2.1429998874664307
3.86899995803833,8.23900032043457,1.875
3.799000024795532,9.175999641418455,2.477999925613404
4.010000228881837,10.3149995803833,3.6840000152587886
4.2210001945495605,10.984999656677246,4.48799991607666
3.799000024795532,12.1899995803833,4.2199997901916495
3.7279999256134033,11.654999732971191,4.2199997901916495
4.290999889373778,11.654999732971191,4.889999866485597
3.7279999256134033,11.654999732971191,4.421000003814697
3.025000095367432,10.583000183105469,4.152999877929688
2.813999891281128,11.38700008392334,3.41599988937378
3.095000028610228,11.45400047302246,3.0810000896453857
2.602999925613404,14.60200023651123,4.75600004196167
3.377000093460083,11.720999717712402,4.622000217437744
4.079999923706056,5.223999977111816,2.2769999504089355
3.799000024795532,1.9420000314712524,3.1480000019073486
4.8540000915527335,3.013999938964844,2.880000114440918
5.627999782562256,-10.449000358581545,2.1429998874664307
5.416999816894531,2.812999963760376,2.678999900817871
5.839000225067139,2.2100000381469727,2.2769999504089355
5.205999851226807,2.075999975204468,3.0810000896453857
5.416999816894531,8.104999542236326,2.1429998874664307
5.627999782562256,8.975000381469727,2.2769999504089355
5.205999851226807,10.11400032043457,2.5450000762939453
4.8540000915527335,9.645000457763672,2.2769999504089355
4.7129998207092285,8.439000129699707,2.880000114440918
5.135000228881836,9.711999893188477,2.2769999504089355
4.923999786376953,9.175999641418455,2.5450000762939453
5.065000057220459,11.588000297546388,4.0859999656677255
4.8540000915527335,13.463000297546388,4.75600004196167
4.994999885559082,13.395999908447266,5.894000053405763
4.7129998207092285,12.994000434875488,4.889999866485597
4.8540000915527335,11.92199993133545,4.554999828338623
4.501999855041504,11.45400047302246,4.3540000915527335
4.64300012588501,13.128000259399414,5.492000102996826
4.501999855041504,12.859999656677244,3.750999927520752
4.150000095367432,14.736000061035154,5.492000102996826
4.361999988555908,8.907999992370605,4.622000217437744
4.290999889373778,6.564000129699707,3.617000102996826
4.361999988555908,5.223999977111816,2.477999925613404
4.290999889373778,4.0859999656677255,2.5450000762939453
4.572999954223633,0.0,1.807999968528748
4.8540000915527335,-4.689000129699707,2.5450000762939453
4.7129998207092285,3.1480000019073486,2.2100000381469727
4.7129998207092285,5.223999977111816,2.812999963760376
4.994999885559082,7.636000156402588,2.812999963760376
5.065000057220459,9.444000244140623,2.2100000381469727
4.994999885559082,10.180999755859377,2.611999988555908
5.135000228881836,9.779000282287598,2.477999925613404
5.276000022888184,8.907999992370605,2.678999900817871
5.9790000915527335,7.568999767303468,2.344000101089477
6.050000190734862,8.104999542236326,2.344000101089477
6.050000190734862,8.706999778747559,3.4830000400543213
5.9790000915527335,11.253000259399414,3.818000078201294
5.627999782562256,10.717000007629396,4.622000217437744
5.627999782562256,10.583000183105469,4.152999877929688
5.839000225067139,10.91800022125244,4.48799991607666
5.697999954223633,11.052000045776367,4.287000179290772
5.486999988555908,10.649999618530272,3.884999990463257
5.3460001945495605,10.3149995803833,2.009000062942505
5.276000022888184,10.515999794006348,3.1480000019073486
5.205999851226807,6.497000217437744,3.617000102996826
5.416999816894531,-3.0810000896453857,2.746000051498413
5.276000022888184,-7.636000156402588,3.617000102996826
5.697999954223633,-8.505999565124513,2.1429998874664307
5.697999954223633,-12.859999656677244,1.5410000085830688
7.315999984741211,-12.524999618530272,1.807999968528748
6.752999782562256,-2.075999975204468,1.5410000085830688
6.752999782562256,0.8040000200271606,1.406999945640564
6.752999782562256,3.41599988937378,1.0049999952316284
6.683000087738037,8.640000343322754,1.0720000267028809
7.315999984741211,9.041999816894531,1.2730000019073486
6.964000225067139,8.77400016784668,1.2730000019073486
6.330999851226808,8.505999565124513,1.4739999771118164
6.190999984741211,7.568999767303468,1.3400000333786009
6.119999885559082,7.166999816894531,2.746000051498413
6.190999984741211,9.845999717712402,3.0810000896453857
5.3460001945495605,10.381999969482422,3.95199990272522
5.3460001945495605,10.91800022125244,4.2199997901916495
5.627999782562256,10.180999755859377,3.884999990463257
5.065000057220459,8.77400016784668,3.3489999771118164
4.923999786376953,9.109000205993652,3.0810000896453857
5.3460001945495605,9.041999816894531,3.013999938964844
4.432000160217285,9.444000244140623,2.5450000762939453
4.501999855041504,10.717000007629396,2.5450000762939453
4.8540000915527335,8.171999931335451,3.0810000896453857
4.7839999198913565,-6.764999866485598,2.009000062942505
4.994999885559082,-9.51099967956543,3.0810000896453857
5.697999954223633,-12.123000144958494,4.0859999656677255
5.557000160217285,-15.67300033569336,3.0810000896453857
6.894000053405763,-12.859999656677244,3.0810000896453857
7.245999813079834,-10.91800022125244,3.4830000400543213
6.61299991607666,-4.75600004196167,3.013999938964844
7.0349998474121085,5.827000141143799,2.4110000133514404
7.315999984741211,9.041999816894531,2.2100000381469727
6.894000053405763,9.376999855041504,2.1429998874664307
6.190999984741211,8.907999992370605,2.2769999504089355
6.261000156402588,8.640000343322754,2.5450000762939453
6.261000156402588,7.769999980926514,1.0049999952316284
5.908999919891357,9.779000282287598,3.6840000152587886
5.908999919891357,11.052000045776367,4.822999954223633
5.839000225067139,12.994000434875488,5.1570000648498535
5.3460001945495605,14.333999633789062,6.162000179290772
5.908999919891357,14.199999809265137,5.625999927520752
5.9790000915527335,13.128000259399414,5.827000141143799
5.3460001945495605,12.524999618530272,4.956999778747559
5.276000022888184,13.79800033569336,5.492000102996826
4.994999885559082,13.99899959564209,4.622000217437744
5.908999919891357,14.869999885559082,4.48799991607666
5.908999919891357,8.975000381469727,4.421000003814697
5.3460001945495605,-5.760000228881836,2.4110000133514404
6.050000190734862,-9.645000457763672,3.818000078201294
6.261000156402588,-12.1899995803833,3.750999927520752
7.175000190734862,-11.654999732971191,2.9470000267028813
7.809000015258789,-14.468000411987305,2.9470000267028813
8.020000457763674,-2.678999900817871,2.009000062942505
8.51200008392334,-0.4020000100135803,1.9420000314712524
8.51200008392334,5.290999889373778,3.2149999141693115
7.879000186920166,8.975000381469727,2.344000101089477
7.456999778747559,9.175999641418455,1.9420000314712524
7.668000221252441,8.640000343322754,2.009000062942505
7.315999984741211,9.376999855041504,2.344000101089477
6.964000225067139,9.175999641418455,2.477999925613404
6.964000225067139,10.3149995803833,3.41599988937378
6.964000225067139,12.592000007629396,4.622000217437744
6.894000053405763,14.60200023651123,6.966000080108643
6.752999782562256,14.401000022888184,6.497000217437744
6.752999782562256,13.128000259399414,6.09499979019165
6.61299991607666,13.128000259399414,4.956999778747559
6.4720001220703125,14.199999809265137,5.559000015258789
6.541999816894531,12.324000358581545,4.956999778747559
6.050000190734862,11.720999717712402,3.0810000896453857
6.4720001220703125,13.864999771118164,4.956999778747559
6.894000053405763,9.645000457763672,4.287000179290772
7.0349998474121085,-1.875,2.9470000267028813
6.752999782562256,-3.95199990272522,2.746000051498413
6.964000225067139,-9.979999542236328,3.0810000896453857
7.105000019073486,-7.836999893188477,1.807999968528748
7.526999950408935,-7.636000156402588,2.1429998874664307
7.668000221252441,-7.166999816894531,2.812999963760376
8.159999847412111,2.746000051498413,2.075999975204468
8.159999847412111,7.301000118255615,2.4110000133514404
7.809000015258789,8.975000381469727,2.678999900817871
7.597000122070312,9.041999816894531,2.2769999504089355
7.315999984741211,8.572999954223633,2.075999975204468
7.456999778747559,8.104999542236326,2.1429998874664307
7.105000019073486,9.3100004196167,3.0810000896453857
7.456999778747559,10.11400032043457,3.2149999141693115
7.456999778747559,12.927000045776367,4.3540000915527335
7.245999813079834,12.324000358581545,4.889999866485597
7.105000019073486,12.055999755859377,5.290999889373778
7.526999950408935,11.654999732971191,4.48799991607666
6.401999950408936,12.524999618530272,4.889999866485597
7.668000221252441,11.654999732971191,4.889999866485597
6.964000225067139,13.060999870300291,5.1570000648498535
6.61299991607666,11.788000106811523,4.019000053405762
6.894000053405763,13.060999870300291,4.3540000915527335
7.526999950408935,10.180999755859377,4.822999954223633
6.964000225067139,-4.421000003814697,2.812999963760376
7.668000221252441,-8.907999992370605,3.549999952316284
6.894000053405763,-11.788000106811523,3.282000064849853
7.809000015258789,-15.605999946594238,2.477999925613404
9.777999877929688,-13.99899959564209,3.2149999141693115
9.98900032043457,-9.109000205993652,3.282000064849853
9.777999877929688,-3.884999990463257,1.9420000314712524
9.425999641418455,6.89900016784668,2.009000062942505
8.442000389099121,9.041999816894531,2.344000101089477
7.105000019073486,8.706999778747559,2.1429998874664307
6.330999851226808,8.104999542236326,1.741000056266785
5.697999954223633,7.568999767303468,1.741000056266785
5.276000022888184,7.368000030517577,0.9380000233650208
4.923999786376953,8.907999992370605,3.282000064849853
4.64300012588501,10.91800022125244,4.287000179290772
4.2210001945495605,10.85099983215332,4.019000053405762
4.079999923706056,10.449000358581545,4.287000179290772
3.7279999256134033,9.376999855041504,3.3489999771118164
3.7279999256134033,11.185999870300291,4.152999877929688
3.5169999599456787,11.052000045776367,4.3540000915527335
3.3059999942779537,10.85099983215332,4.152999877929688
3.4470000267028813,11.788000106811523,3.750999927520752
3.377000093460083,11.854999542236328,3.0810000896453857
3.7279999256134033,7.903999805450439,4.152999877929688
4.010000228881837,-2.2100000381469727,2.4110000133514404
4.2210001945495605,-7.301000118255615,2.880000114440918
4.8540000915527335,-11.31999969482422,3.3489999771118164
5.065000057220459,-14.133000373840332,6.497000217437744
6.61299991607666,-12.458000183105469,2.477999925613404
6.541999816894531,-9.3100004196167,3.549999952316284
6.4720001220703125,-4.2199997901916495,2.477999925613404
6.541999816894531,5.760000228881836,2.2100000381469727
7.456999778747559,8.77400016784668,1.875
6.964000225067139,8.572999954223633,1.6080000400543213
6.683000087738037,8.305999755859375,1.406999945640564
6.4720001220703125,7.501999855041504,1.2730000019073486
6.261000156402588,9.041999816894531,2.2100000381469727
6.401999950408936,9.109000205993652,2.678999900817871
6.4720001220703125,10.381999969482422,3.750999927520752
6.823999881744385,11.854999542236328,4.2199997901916495
7.386000156402588,11.38700008392334,4.689000129699707
7.597000122070312,11.45400047302246,4.287000179290772
7.809000015258789,10.180999755859377,3.2149999141693115
7.948999881744385,10.91800022125244,4.019000053405762
7.668000221252441,11.45400047302246,4.48799991607666
7.948999881744385,12.72599983215332,4.019000053405762
8.230999946594237,14.065999984741213,4.622000217437744
7.948999881744385,10.381999969482422,3.818000078201294
7.315999984741211,8.038000106811522,2.4110000133514404
7.0349998474121085,6.564000129699707,3.013999938964844
7.526999950408935,4.956999778747559,2.344000101089477
7.456999778747559,2.9470000267028813,2.2769999504089355
7.456999778747559,3.750999927520752,2.4110000133514404
8.020000457763674,2.477999925613404,2.2100000381469727
8.581999778747559,-0.4690000116825104,2.477999925613404
9.21500015258789,5.1570000648498535,2.009000062942505
9.21500015258789,8.505999565124513,1.5410000085830688
8.51200008392334,8.171999931335451,1.0049999952316284
8.230999946594237,7.836999893188477,0.8040000200271606
7.809000015258789,7.368000030517577,0.9380000233650208
7.73799991607666,7.166999816894531,1.1390000581741333
8.090000152587889,8.975000381469727,2.812999963760376
7.879000186920166,10.784000396728516,3.6840000152587886
8.090000152587889,10.180999755859377,3.6840000152587886
7.456999778747559,10.248000144958496,3.750999927520752
8.230999946594237,10.449000358581545,3.95199990272522
7.809000015258789,10.381999969482422,4.287000179290772
5.135000228881836,11.788000106811523,4.019000053405762
5.205999851226807,11.588000297546388,4.75600004196167
4.923999786376953,12.055999755859377,3.884999990463257
4.64300012588501,13.597000122070312,3.95199990272522
4.8540000915527335,11.119000434875488,3.750999927520752
4.64300012588501,10.649999618530272,4.622000217437744
4.8540000915527335,4.554999828338623,2.812999963760376
4.501999855041504,3.41599988937378,2.9470000267028813
4.8540000915527335,1.1390000581741333,1.406999945640564
4.572999954223633,-1.807999968528748,2.344000101089477
4.994999885559082,6.09499979019165,2.2769999504089355
4.7129998207092285,6.36299991607666,2.2100000381469727
4.923999786376953,8.505999565124513,2.075999975204468
4.361999988555908,9.376999855041504,1.6080000400543213
4.150000095367432,8.706999778747559,1.2730000019073486
4.150000095367432,8.77400016784668,1.6080000400543213
4.079999923706056,8.371999740600586,1.4739999771118164
4.361999988555908,7.97100019454956,0.9380000233650208
3.938999891281128,9.779000282287598,3.3489999771118164
3.5169999599456787,11.854999542236328,4.48799991607666
3.799000024795532,12.324000358581545,4.822999954223633
3.588000059127808,11.654999732971191,4.889999866485597
3.4470000267028813,12.324000358581545,4.554999828338623
1.758999943733215,11.654999732971191,4.48799991607666
1.618000030517578,11.520999908447266,3.95199990272522
2.532000064849853,11.654999732971191,3.95199990272522
2.74399995803833,10.3149995803833,3.1480000019073486
2.74399995803833,11.185999870300291,2.678999900817871
2.813999891281128,12.055999755859377,4.48799991607666
2.74399995803833,8.305999755859375,3.013999938964844
2.884000062942505,8.975000381469727,3.3489999771118164
2.9549999237060547,8.305999755859375,2.880000114440918
2.884000062942505,6.027999877929688,1.406999945640564
3.16599988937378,4.822999954223633,2.746000051498413
3.377000093460083,6.63100004196167,2.9470000267028813
3.5169999599456787,6.2290000915527335,2.344000101089477
3.4470000267028813,8.907999992370605,2.812999963760376
3.7279999256134033,11.520999908447266,2.2769999504089355
4.2210001945495605,9.913000106811523,2.009000062942505
3.588000059127808,9.57800006866455,2.009000062942505
3.236000061035156,8.975000381469727,2.477999925613404
3.377000093460083,9.3100004196167,3.013999938964844
3.5169999599456787,9.444000244140623,2.746000051498413
3.86899995803833,11.45400047302246,4.287000179290772
3.5169999599456787,11.854999542236328,4.554999828338623
3.095000028610228,11.253000259399414,4.287000179290772
3.236000061035156,11.854999542236328,4.48799991607666
2.74399995803833,12.524999618530272,5.223999977111816
3.16599988937378,11.45400047302246,3.884999990463257
3.025000095367432,10.583000183105469,3.0810000896453857
3.588000059127808,10.583000183105469,2.880000114440918
3.3059999942779537,13.730999946594238,4.287000179290772
3.3059999942779537,10.180999755859377,3.617000102996826
3.095000028610228,0.8040000200271606,3.2149999141693115
3.095000028610228,4.889999866485597,1.9420000314712524
3.095000028610228,1.4739999771118164,2.4110000133514404
3.799000024795532,-13.730999946594238,3.0810000896453857
4.079999923706056,-4.622000217437744,3.282000064849853
4.290999889373778,-2.2769999504089355,2.678999900817871
4.150000095367432,3.1480000019073486,2.9470000267028813
4.290999889373778,12.324000358581545,3.95199990272522
4.923999786376953,15.270999908447266,3.617000102996826
4.7129998207092285,15.67300033569336,2.746000051498413
4.923999786376953,16.544000625610348,3.282000064849853
4.994999885559082,15.338000297546388,3.3489999771118164
4.150000095367432,13.730999946594238,2.2100000381469727
3.799000024795532,15.87399959564209,4.689000129699707
4.2210001945495605,17.683000564575195,5.894000053405763
3.799000024795532,17.816999435424805,6.36299991607666
3.799000024795532,17.347999572753903,6.831999778747559
3.6579999923706055,17.079999923706055,6.764999866485598
3.6579999923706055,15.538999557495115,5.492000102996826
3.938999891281128,15.538999557495115,5.223999977111816
4.432000160217285,16.343000411987305,4.822999954223633
4.290999889373778,15.270999908447266,3.750999927520752
4.432000160217285,17.01300048828125,4.421000003814697
4.290999889373778,14.803000450134276,4.421000003814697
4.290999889373778,12.859999656677244,4.689000129699707
4.501999855041504,9.779000282287598,3.95199990272522
4.923999786376953,6.497000217437744,4.2199997901916495
5.908999919891357,2.477999925613404,2.4110000133514404
6.683000087738037,2.477999925613404,4.822999954223633
7.245999813079834,-0.5360000133514404,5.492000102996826
7.0349998474121085,3.013999938964844,4.75600004196167
7.245999813079834,12.1899995803833,3.549999952316284
6.894000053405763,15.003999710083008,2.880000114440918
6.330999851226808,9.711999893188477,1.875
6.050000190734862,9.779000282287598,2.344000101089477
5.557000160217285,9.041999816894531,1.875
5.416999816894531,8.305999755859375,1.0049999952316284
5.486999988555908,10.583000183105469,3.1480000019073486
5.557000160217285,10.85099983215332,4.2199997901916495
5.3460001945495605,11.588000297546388,4.554999828338623
5.486999988555908,10.180999755859377,3.95199990272522
5.416999816894531,11.052000045776367,4.75600004196167
5.276000022888184,10.11400032043457,3.818000078201294
5.135000228881836,9.845999717712402,3.2149999141693115
4.923999786376953,9.57800006866455,3.2149999141693115
4.290999889373778,11.052000045776367,3.818000078201294
4.923999786376953,12.927000045776367,3.750999927520752
4.8540000915527335,11.253000259399414,4.019000053405762
4.501999855041504,6.2290000915527335,2.4110000133514404
5.135000228881836,3.013999938964844,2.5450000762939453
6.894000053405763,-8.439000129699707,3.1480000019073486
6.261000156402588,-12.1899995803833,2.075999975204468
6.894000053405763,-1.0049999952316284,2.2769999504089355
7.386000156402588,6.564000129699707,2.5450000762939453
7.456999778747559,6.36299991607666,2.009000062942505
7.668000221252441,3.884999990463257,2.009000062942505
7.105000019073486,10.04699993133545,2.1429998874664307
6.401999950408936,9.51099967956543,1.3400000333786009
6.330999851226808,9.376999855041504,1.4739999771118164
6.330999851226808,8.907999992370605,1.4739999771118164
6.61299991607666,7.97100019454956,1.3400000333786009
6.752999782562256,10.85099983215332,3.549999952316284
5.205999851226807,12.994000434875488,5.290999889373778
4.8540000915527335,12.927000045776367,5.0229997634887695
5.557000160217285,11.185999870300291,3.95199990272522
5.839000225067139,10.381999969482422,3.884999990463257
5.627999782562256,10.784000396728516,3.884999990463257
5.3460001945495605,11.253000259399414,3.750999927520752
5.627999782562256,12.123000144958494,4.421000003814697
6.261000156402588,11.052000045776367,3.549999952316284
5.276000022888184,13.864999771118164,3.95199990272522
4.432000160217285,11.185999870300291,4.0859999656677255
4.010000228881837,4.75600004196167,4.152999877929688
4.64300012588501,-0.6029999852180481,2.678999900817871
4.994999885559082,2.611999988555908,2.9470000267028813
5.416999816894531,-1.1390000581741333,1.5410000085830688
6.119999885559082,-4.152999877929688,2.2769999504089355
6.050000190734862,-1.6740000247955322,2.746000051498413
6.190999984741211,1.2730000019073486,1.9420000314712524
5.839000225067139,6.162000179290772,2.477999925613404
5.839000225067139,9.51099967956543,2.2769999504089355
5.276000022888184,10.248000144958496,2.477999925613404
4.923999786376953,9.979999542236328,2.2100000381469727
5.627999782562256,9.109000205993652,2.2769999504089355
3.5169999599456787,7.501999855041504,1.3400000333786009
3.025000095367432,8.171999931335451,1.5410000085830688
2.6730000972747803,10.04699993133545,2.746000051498413
2.602999925613404,11.720999717712402,3.818000078201294
3.095000028610228,10.180999755859377,4.0859999656677255
3.095000028610228,9.711999893188477,3.617000102996826
3.7279999256134033,10.449000358581545,4.0859999656677255
3.5169999599456787,10.717000007629396,3.0810000896453857
3.5169999599456787,10.784000396728516,3.818000078201294
2.884000062942505,10.449000358581545,3.013999938964844
3.095000028610228,12.256999969482422,3.3489999771118164
3.4470000267028813,8.439000129699707,3.6840000152587886
2.532000064849853,-2.812999963760376,2.746000051498413
3.236000061035156,-7.568999767303468,3.1480000019073486
4.7839999198913565,-9.51099967956543,3.1480000019073486
4.432000160217285,-12.659000396728516,2.2769999504089355
4.994999885559082,-10.85099983215332,2.746000051498413
4.8540000915527335,-5.357999801635742,2.9470000267028813
5.065000057220459,-2.812999963760376,2.611999988555908
5.205999851226807,5.559000015258789,1.5410000085830688
3.799000024795532,9.51099967956543,1.9420000314712524
4.7129998207092285,10.180999755859377,1.807999968528748
4.501999855041504,10.3149995803833,2.1429998874664307
4.010000228881837,8.907999992370605,1.807999968528748
3.799000024795532,9.175999641418455,3.2149999141693115
3.6579999923706055,10.717000007629396,2.9470000267028813
3.5169999599456787,11.38700008392334,3.617000102996826
3.377000093460083,11.520999908447266,4.152999877929688
2.884000062942505,12.859999656677244,4.956999778747559
3.7279999256134033,12.324000358581545,4.0859999656677255
3.377000093460083,13.26200008392334,4.622000217437744
3.236000061035156,12.1899995803833,4.152999877929688
3.095000028610228,12.79300022125244,3.884999990463257
3.16599988937378,12.524999618530272,3.1480000019073486
3.236000061035156,13.597000122070312,4.0859999656677255
3.588000059127808,10.515999794006348,3.884999990463257
3.236000061035156,-0.6029999852180481,3.1480000019073486
3.377000093460083,-7.301000118255615,2.746000051498413
4.290999889373778,3.549999952316284,2.4110000133514404
4.501999855041504,1.5410000085830688,1.4739999771118164
5.065000057220459,-1.1390000581741333,3.2149999141693115
5.697999954223633,-6.429999828338622,2.9470000267028813
5.908999919891357,1.875,2.2769999504089355
5.697999954223633,6.564000129699707,2.5450000762939453
5.76800012588501,10.515999794006348,2.9470000267028813
5.486999988555908,10.85099983215332,2.2769999504089355
5.205999851226807,10.515999794006348,2.1429998874664307
5.065000057220459,9.109000205993652,1.6080000400543213
5.065000057220459,10.449000358581545,3.3489999771118164
4.994999885559082,10.381999969482422,3.617000102996826
5.065000057220459,11.185999870300291,4.622000217437744
4.994999885559082,12.1899995803833,3.818000078201294
4.7839999198913565,9.913000106811523,2.344000101089477
4.994999885559082,11.588000297546388,3.3489999771118164
4.994999885559082,10.449000358581545,3.617000102996826
4.923999786376953,12.123000144958494,4.019000053405762
4.7129998207092285,11.38700008392334,4.019000053405762
4.64300012588501,11.788000106811523,3.1480000019073486
4.8540000915527335,13.663999557495115,3.750999927520752
5.135000228881836,12.592000007629396,4.48799991607666
5.627999782562256,9.57800006866455,3.4830000400543213
5.76800012588501,6.966000080108643,2.611999988555908
5.697999954223633,8.038000106811522,3.2149999141693115
5.908999919891357,7.166999816894531,2.1429998874664307
5.276000022888184,7.903999805450439,3.2149999141693115
5.627999782562256,6.09499979019165,3.282000064849853
5.697999954223633,4.822999954223633,2.344000101089477
5.697999954223633,7.703000068664551,2.2100000381469727
5.065000057220459,11.38700008392334,2.880000114440918
4.923999786376953,10.248000144958496,1.9420000314712524
4.923999786376953,10.381999969482422,2.1429998874664307
4.8540000915527335,9.779000282287598,2.2100000381469727
5.065000057220459,8.77400016784668,2.611999988555908
4.7839999198913565,10.3149995803833,2.880000114440918
4.361999988555908,12.123000144958494,4.152999877929688
4.079999923706056,12.79300022125244,4.152999877929688
4.150000095367432,12.927000045776367,4.75600004196167
3.799000024795532,10.85099983215332,3.750999927520752
3.236000061035156,11.98900032043457,3.617000102996826
2.180999994277954,11.854999542236328,3.884999990463257
1.0549999475479126,11.185999870300291,3.549999952316284
1.1260000467300415,11.185999870300291,3.1480000019073486
1.758999943733215,12.592000007629396,2.9470000267028813
1.1260000467300415,10.180999755859377,3.2149999141693115
1.8289999961853027,-5.492000102996826,1.875
3.16599988937378,-12.123000144958494,2.678999900817871
3.5169999599456787,-13.19499969482422,2.880000114440918
3.095000028610228,-9.376999855041504,1.875
4.994999885559082,-6.89900016784668,1.807999968528748
4.290999889373778,-4.287000179290772,3.750999927520752
4.2210001945495605,1.9420000314712524,2.678999900817871
4.079999923706056,9.376999855041504,3.013999938964844
4.290999889373778,9.711999893188477,1.807999968528748
3.86899995803833,9.913000106811523,1.741000056266785
3.86899995803833,10.3149995803833,2.2100000381469727
4.079999923706056,9.444000244140623,1.9420000314712524
3.7279999256134033,8.572999954223633,1.0049999952316284
3.7279999256134033,10.784000396728516,2.075999975204468
3.236000061035156,10.3149995803833,2.880000114440918
3.377000093460083,13.463000297546388,3.617000102996826
2.9549999237060547,12.927000045776367,4.019000053405762
3.236000061035156,13.060999870300291,4.019000053405762
2.813999891281128,13.864999771118164,3.95199990272522
2.6730000972747803,12.592000007629396,4.152999877929688
2.9549999237060547,12.1899995803833,3.41599988937378
3.095000028610228,12.123000144958494,2.812999963760376
2.813999891281128,16.007999420166016,4.48799991607666
2.813999891281128,9.711999893188477,4.152999877929688
3.799000024795532,0.8709999918937683,2.2769999504089355
4.150000095367432,-4.956999778747559,2.5450000762939453
4.994999885559082,-12.524999618530272,3.818000078201294
5.3460001945495605,-3.4830000400543213,1.6080000400543213
5.9790000915527335,-15.003999710083008,4.152999877929688
6.964000225067139,-10.180999755859377,3.282000064849853
6.190999984741211,-4.48799991607666,2.1429998874664307
6.401999950408936,8.171999931335451,3.1480000019073486
6.752999782562256,9.444000244140623,2.344000101089477
5.908999919891357,10.248000144958496,2.1429998874664307
5.908999919891357,10.3149995803833,2.009000062942505
5.205999851226807,9.51099967956543,2.009000062942505
5.839000225067139,8.840999603271484,1.5410000085830688
5.557000160217285,8.038000106811522,1.9420000314712524
5.065000057220459,9.645000457763672,3.013999938964844
4.501999855041504,12.324000358581545,3.95199990272522
4.501999855041504,11.720999717712402,4.48799991607666
3.938999891281128,11.520999908447266,4.152999877929688
4.361999988555908,12.123000144958494,4.822999954223633
4.2210001945495605,10.515999794006348,3.818000078201294
3.4470000267028813,11.854999542236328,4.019000053405762
3.938999891281128,11.92199993133545,3.750999927520752
3.095000028610228,11.92199993133545,3.013999938964844
4.501999855041504,9.779000282287598,3.1480000019073486
4.923999786376953,-2.1429998874664307,3.0810000896453857
4.7839999198913565,-2.075999975204468,2.611999988555908
4.8540000915527335,-7.234000205993652,2.477999925613404
5.135000228881836,-12.927000045776367,2.611999988555908
6.261000156402588,-11.38700008392334,3.41599988937378
5.9790000915527335,-6.09499979019165,3.617000102996826
4.994999885559082,-1.6740000247955322,3.2149999141693115
4.7839999198913565,7.368000030517577,3.0810000896453857
5.486999988555908,10.248000144958496,2.611999988555908
5.76800012588501,10.04699993133545,1.9420000314712524
5.486999988555908,10.381999969482422,2.2100000381469727
5.486999988555908,9.51099967956543,2.075999975204468
4.7839999198913565,9.109000205993652,1.1390000581741333
4.994999885559082,11.052000045776367,2.9470000267028813
4.8540000915527335,13.128000259399414,3.884999990463257
4.994999885559082,16.40999984741211,6.497000217437744
4.994999885559082,15.807000160217283,6.497000217437744
4.8540000915527335,15.807000160217283,5.223999977111816
4.994999885559082,16.67799949645996,6.296000003814697
5.3460001945495605,16.075000762939453,6.429999828338622
5.839000225067139,16.878999710083008,6.2290000915527335
5.3460001945495605,18.41900062561035,5.625999927520752
4.994999885559082,18.2189998626709,4.822999954223633
5.76800012588501,12.390999794006348,5.760000228881836
6.823999881744385,-0.5360000133514404,2.880000114440918
7.0349998474121085,-6.63100004196167,3.617000102996826
7.456999778747559,-9.041999816894531,2.880000114440918
7.105000019073486,-12.859999656677244,2.746000051498413
8.300999641418457,-9.243000030517578,3.1480000019073486
8.442000389099121,-7.434999942779541,2.477999925613404
7.73799991607666,-2.009000062942505,2.009000062942505
7.315999984741211,6.831999778747559,1.6740000247955322
7.0349998474121085,9.645000457763672,1.2730000019073486
6.330999851226808,9.979999542236328,1.4739999771118164
6.330999851226808,9.779000282287598,1.3400000333786009
5.908999919891357,8.706999778747559,1.875
5.486999988555908,8.23900032043457,2.2100000381469727
5.627999782562256,9.779000282287598,2.880000114440918
5.276000022888184,10.85099983215332,3.4830000400543213
4.8540000915527335,13.99899959564209,4.0859999656677255
4.150000095367432,13.730999946594238,4.622000217437744
2.884000062942505,13.32900047302246,4.75600004196167
2.180999994277954,12.72599983215332,4.0859999656677255
1.758999943733215,12.927000045776367,4.554999828338623
1.618000030517578,13.730999946594238,3.884999990463257
1.406999945640564,13.32900047302246,3.41599988937378
1.406999945640564,20.429000854492188,4.3540000915527335
1.2660000324249268,16.208999633789062,5.760000228881836
1.8289999961853027,5.090000152587892,4.019000053405762
2.3919999599456787,-1.5410000085830688,2.9470000267028813
2.884000062942505,-3.282000064849853,4.019000053405762
2.6730000972747803,-9.109000205993652,2.344000101089477
3.86899995803833,-7.368000030517577,2.812999963760376
3.799000024795532,4.822999954223633,3.750999927520752
3.377000093460083,2.075999975204468,2.611999988555908
3.3059999942779537,11.98900032043457,2.9470000267028813
3.588000059127808,16.142000198364258,2.9470000267028813
3.5169999599456787,10.3149995803833,1.0049999952316284
2.884000062942505,10.11400032043457,1.3400000333786009
2.461999893188477,8.975000381469727,1.2730000019073486
2.180999994277954,9.645000457763672,1.6080000400543213
2.180999994277954,10.449000358581545,3.2149999141693115
1.89900004863739,12.123000144958494,4.48799991607666
2.039999961853028,13.26200008392334,5.559000015258789
1.687999963760376,13.128000259399414,4.622000217437744
1.758999943733215,11.854999542236328,3.818000078201294
1.337000012397766,12.927000045776367,5.090000152587892
1.758999943733215,12.927000045776367,4.889999866485597
1.758999943733215,13.19499969482422,4.622000217437744
1.337000012397766,14.065999984741213,4.689000129699707
1.406999945640564,14.60200023651123,4.75600004196167
1.337000012397766,12.256999969482422,4.0859999656677255
1.687999963760376,7.568999767303468,4.152999877929688
2.039999961853028,8.640000343322754,3.95199990272522
1.8289999961853027,9.57800006866455,3.41599988937378
2.039999961853028,3.4830000400543213,1.6740000247955322
2.250999927520752,6.429999828338622,3.41599988937378
2.180999994277954,6.497000217437744,2.880000114440918
2.3919999599456787,7.0329999923706055,2.1429998874664307
2.039999961853028,8.572999954223633,2.075999975204468
2.250999927520752,10.449000358581545,1.3400000333786009
2.321000099182129,10.85099983215332,1.5410000085830688
2.74399995803833,10.381999969482422,1.6740000247955322
2.74399995803833,9.51099967956543,1.5410000085830688
2.180999994277954,9.845999717712402,1.807999968528748
0.0,9.913000106811523,2.746000051498413
0.421999990940094,9.57800006866455,2.746000051498413
0.0,14.333999633789062,3.818000078201294
-0.5630000233650208,15.003999710083008,5.290999889373778
0.0,13.663999557495115,3.617000102996826
0.0,14.53499984741211,4.956999778747559
-0.7739999890327454,14.468000411987305,4.3540000915527335
-0.5630000233650208,15.404999732971191,5.0229997634887695
0.0,15.06999969482422,4.0859999656677255
0.0,16.343000411987305,4.3540000915527335
1.1260000467300415,14.736000061035154,4.554999828338623
1.406999945640564,11.654999732971191,3.818000078201294
1.2660000324249268,11.854999542236328,3.3489999771118164
1.5479999780654907,12.72599983215332,2.9470000267028813
1.8289999961853027,10.85099983215332,2.1429998874664307
1.8289999961853027,9.645000457763672,3.3489999771118164
1.8289999961853027,9.041999816894531,2.611999988555908
1.5479999780654907,9.444000244140623,2.678999900817871
1.0549999475479126,10.3149995803833,3.013999938964844
1.5479999780654907,11.588000297546388,2.678999900817871
1.89900004863739,10.381999969482422,1.6740000247955322
1.4769999980926514,9.444000244140623,1.3400000333786009
2.461999893188477,8.505999565124513,1.406999945640564
2.6730000972747803,8.038000106811522,0.2680000066757202
3.025000095367432,9.979999542236328,2.5450000762939453
2.532000064849853,11.654999732971191,3.818000078201294
2.9549999237060547,12.324000358581545,3.95199990272522
2.884000062942505,13.128000259399414,4.152999877929688
3.4470000267028813,12.390999794006348,4.152999877929688
3.025000095367432,12.524999618530272,4.3540000915527335
3.095000028610228,12.324000358581545,4.822999954223633
2.321000099182129,13.597000122070312,4.0859999656677255
2.6730000972747803,12.994000434875488,4.3540000915527335
4.079999923706056,14.53499984741211,3.41599988937378
4.079999923706056,12.927000045776367,3.617000102996826
4.361999988555908,10.583000183105469,3.2149999141693115
4.2210001945495605,9.444000244140623,3.41599988937378
3.938999891281128,11.119000434875488,3.2149999141693115
2.884000062942505,9.57800006866455,2.2769999504089355
2.74399995803833,9.243000030517578,3.1480000019073486
2.884000062942505,9.57800006866455,3.013999938964844
2.3919999599456787,9.444000244140623,2.1429998874664307
2.9549999237060547,9.645000457763672,2.5450000762939453
2.180999994277954,10.91800022125244,1.741000056266785
2.74399995803833,10.91800022125244,1.3400000333786009
3.236000061035156,10.11400032043457,1.0720000267028809
2.602999925613404,9.041999816894531,1.0720000267028809
2.602999925613404,8.706999778747559,0.2680000066757202
2.461999893188477,10.381999969482422,2.5450000762939453
2.532000064849853,10.85099983215332,3.549999952316284
2.74399995803833,11.720999717712402,3.95199990272522
2.461999893188477,11.38700008392334,3.818000078201294
3.588000059127808,12.256999969482422,3.818000078201294
3.236000061035156,11.788000106811523,3.3489999771118164
3.4470000267028813,13.864999771118164,4.822999954223633
3.095000028610228,13.26200008392334,4.421000003814697
4.010000228881837,13.463000297546388,3.549999952316284
3.16599988937378,14.133000373840332,4.421000003814697
3.799000024795532,13.730999946594238,4.622000217437744
4.150000095367432,9.845999717712402,3.1480000019073486
3.5169999599456787,8.975000381469727,3.549999952316284
4.290999889373778,8.975000381469727,2.344000101089477
3.86899995803833,5.625999927520752,2.075999975204468
3.6579999923706055,2.9470000267028813,1.875
3.3059999942779537,8.038000106811522,3.549999952316284
3.7279999256134033,8.907999992370605,4.2199997901916495
3.5169999599456787,9.913000106811523,3.013999938964844
4.150000095367432,11.185999870300291,2.880000114440918
3.6579999923706055,11.45400047302246,2.812999963760376
3.4470000267028813,11.31999969482422,2.746000051498413
3.7279999256134033,10.248000144958496,2.1429998874664307
3.799000024795532,9.376999855041504,2.4110000133514404
3.4470000267028813,9.109000205993652,3.282000064849853
3.236000061035156,11.31999969482422,3.41599988937378
2.602999925613404,13.79800033569336,4.554999828338623
3.095000028610228,13.26200008392334,4.75600004196167
2.74399995803833,11.98900032043457,4.0859999656677255
3.025000095367432,10.717000007629396,3.4830000400543213
2.6730000972747803,13.730999946594238,4.554999828338623
2.3919999599456787,12.79300022125244,3.95199990272522
2.532000064849853,13.395999908447266,3.41599988937378
2.3919999599456787,15.270999908447266,4.019000053405762
2.3919999599456787,11.119000434875488,3.3489999771118164
2.74399995803833,-3.013999938964844,3.617000102996826
3.799000024795532,-8.907999992370605,3.1480000019073486
5.205999851226807,-11.788000106811523,3.1480000019073486
3.799000024795532,-15.605999946594238,2.880000114440918
5.557000160217285,-11.588000297546388,3.95199990272522
6.050000190734862,-9.444000244140623,4.287000179290772
5.135000228881836,-4.689000129699707,2.5450000762939453
5.065000057220459,7.434999942779541,2.611999988555908
4.572999954223633,10.85099983215332,2.678999900817871
4.361999988555908,11.92199993133545,2.1429998874664307
3.799000024795532,11.92199993133545,2.611999988555908
3.86899995803833,11.185999870300291,2.344000101089477
3.5169999599456787,10.717000007629396,1.3400000333786009
3.7279999256134033,11.92199993133545,2.9470000267028813
3.6579999923706055,14.803000450134276,4.287000179290772
3.7279999256134033,15.20400047302246,5.894000053405763
3.4470000267028813,13.932000160217283,5.559000015258789
3.095000028610228,13.32900047302246,5.625999927520752
2.884000062942505,12.859999656677244,4.2199997901916495
3.588000059127808,12.592000007629396,4.3540000915527335
3.3059999942779537,14.668999671936035,4.689000129699707
3.588000059127808,12.524999618530272,3.4830000400543213
3.6579999923706055,15.807000160217283,4.3540000915527335
3.799000024795532,13.864999771118164,5.0229997634887695
3.6579999923706055,-0.1340000033378601,3.41599988937378
3.4470000267028813,-8.439000129699707,3.1480000019073486
4.8540000915527335,-10.180999755859377,4.48799991607666
3.4470000267028813,-13.864999771118164,3.1480000019073486
4.501999855041504,-12.79300022125244,3.818000078201294
6.190999984741211,-9.51099967956543,3.013999938964844
5.76800012588501,-4.956999778747559,2.880000114440918
5.416999816894531,7.368000030517577,2.880000114440918
5.697999954223633,11.052000045776367,2.477999925613404
4.923999786376953,11.788000106811523,2.2769999504089355
5.276000022888184,11.98900032043457,2.2100000381469727
4.994999885559082,11.45400047302246,2.812999963760376
5.416999816894531,12.256999969482422,2.2100000381469727
5.135000228881836,13.597000122070312,3.750999927520752
4.7129998207092285,14.803000450134276,4.75600004196167
4.361999988555908,16.007999420166016,5.692999839782715
4.432000160217285,14.53499984741211,4.554999828338623
4.501999855041504,14.803000450134276,5.559000015258789
4.8540000915527335,14.53499984741211,5.625999927520752
4.432000160217285,15.472000122070312,5.425000190734863
3.377000093460083,14.803000450134276,5.090000152587892
2.74399995803833,16.67799949645996,5.559000015258789
4.361999988555908,18.152000427246094,5.692999839782715
3.86899995803833,13.663999557495115,4.822999954223633
4.64300012588501,1.5410000085830688,3.0810000896453857
3.7279999256134033,-5.625999927520752,3.750999927520752
4.2210001945495605,-7.434999942779541,3.884999990463257
3.7279999256134033,-11.38700008392334,2.344000101089477
4.64300012588501,-9.845999717712402,2.9470000267028813
5.135000228881836,-7.0329999923706055,2.075999975204468
5.276000022888184,-1.2730000019073486,2.4110000133514404
5.416999816894531,6.2290000915527335,1.6080000400543213
5.697999954223633,10.515999794006348,2.2100000381469727
4.994999885559082,11.38700008392334,2.5450000762939453
4.572999954223633,11.654999732971191,1.9420000314712524
4.572999954223633,10.91800022125244,1.807999968528748
4.8540000915527335,10.180999755859377,1.1390000581741333
4.572999954223633,11.854999542236328,3.884999990463257
4.64300012588501,12.524999618530272,3.1480000019073486
4.501999855041504,16.476999282836914,5.425000190734863
4.150000095367432,16.745000839233402,5.425000190734863
4.079999923706056,14.803000450134276,4.48799991607666
3.86899995803833,15.270999908447266,5.223999977111816
4.361999988555908,14.736000061035154,4.822999954223633
4.572999954223633,17.14699935913086,5.760000228881836
4.501999855041504,15.87399959564209,4.622000217437744
4.923999786376953,15.605999946594238,4.019000053405762
5.3460001945495605,10.583000183105469,2.812999963760376
4.290999889373778,-1.0049999952316284,3.282000064849853
3.938999891281128,-7.301000118255615,3.617000102996826
4.64300012588501,-11.052000045776367,3.1480000019073486
3.799000024795532,-13.730999946594238,2.477999925613404
4.7129998207092285,-14.267000198364258,3.750999927520752
5.557000160217285,-11.31999969482422,2.344000101089477
4.64300012588501,-4.554999828338623,1.6080000400543213
4.7129998207092285,4.822999954223633,1.0720000267028809
5.839000225067139,9.376999855041504,1.9420000314712524
5.3460001945495605,9.779000282287598,1.4739999771118164
5.557000160217285,10.3149995803833,1.6740000247955322
5.416999816894531,10.180999755859377,1.9420000314712524
4.7129998207092285,9.175999641418455,1.406999945640564
4.923999786376953,9.175999641418455,2.009000062942505
4.994999885559082,10.381999969482422,2.9470000267028813
4.572999954223633,12.324000358581545,3.884999990463257
4.923999786376953,11.854999542236328,3.3489999771118164
4.923999786376953,11.31999969482422,4.2199997901916495
4.994999885559082,10.784000396728516,3.41599988937378
4.64300012588501,10.85099983215332,3.1480000019073486
4.8540000915527335,10.11400032043457,3.4830000400543213
4.010000228881837,11.654999732971191,2.611999988555908
4.432000160217285,11.654999732971191,2.746000051498413
4.361999988555908,10.248000144958496,3.0810000896453857
4.7129998207092285,0.2680000066757202,3.3489999771118164
5.3460001945495605,-6.966000080108643,3.617000102996826
5.908999919891357,-9.041999816894531,3.95199990272522
5.135000228881836,-12.592000007629396,3.1480000019073486
7.879000186920166,-11.788000106811523,3.617000102996826
8.51200008392334,-8.104999542236326,2.2100000381469727
7.526999950408935,-3.41599988937378,1.807999968528748
7.879000186920166,6.027999877929688,1.807999968528748
6.894000053405763,9.57800006866455,2.075999975204468
6.401999950408936,10.784000396728516,2.009000062942505
5.3460001945495605,10.784000396728516,1.807999968528748
5.276000022888184,10.649999618530272,2.075999975204468
4.8540000915527335,10.515999794006348,1.807999968528748
4.7839999198913565,11.788000106811523,3.1480000019073486
4.7839999198913565,12.659000396728516,4.0859999656677255
4.8540000915527335,12.659000396728516,4.3540000915527335
4.994999885559082,12.458000183105469,3.884999990463257
5.205999851226807,11.45400047302246,3.41599988937378
4.994999885559082,12.79300022125244,4.554999828338623
4.923999786376953,13.128000259399414,3.95199990272522
4.7129998207092285,11.720999717712402,3.013999938964844
4.8540000915527335,12.659000396728516,3.013999938964844
5.135000228881836,14.333999633789062,4.0859999656677255
5.3460001945495605,10.248000144958496,2.611999988555908
5.276000022888184,-1.0049999952316284,1.6080000400543213
6.119999885559082,-9.109000205993652,2.1429998874664307
7.809000015258789,-11.788000106811523,2.009000062942505
7.456999778747559,-14.333999633789062,2.678999900817871
9.28600025177002,-14.133000373840332,3.617000102996826
9.708000183105469,-12.458000183105469,1.6740000247955322
7.879000186920166,-6.764999866485598,1.5410000085830688
7.809000015258789,5.1570000648498535,1.5410000085830688
7.386000156402588,9.243000030517578,1.6740000247955322
6.61299991607666,9.845999717712402,1.5410000085830688
6.261000156402588,9.51099967956543,1.3400000333786009
6.261000156402588,9.376999855041504,1.4739999771118164
5.9790000915527335,9.376999855041504,1.0049999952316284
5.135000228881836,10.3149995803833,1.6740000247955322
5.486999988555908,10.515999794006348,2.9470000267028813
5.416999816894531,9.376999855041504,2.746000051498413
5.065000057220459,9.645000457763672,2.075999975204468
5.9790000915527335,9.376999855041504,1.9420000314712524
4.994999885559082,8.706999778747559,2.1429998874664307
5.205999851226807,9.109000205993652,2.1429998874664307
5.697999954223633,9.175999641418455,2.678999900817871
5.416999816894531,9.779000282287598,2.880000114440918
4.994999885559082,11.520999908447266,2.344000101089477
5.065000057220459,12.458000183105469,4.2199997901916495
6.401999950408936,9.243000030517578,3.4830000400543213
6.541999816894531,4.421000003814697,2.746000051498413
7.456999778747559,4.2199997901916495,3.1480000019073486
7.597000122070312,2.1429998874664307,1.9420000314712524
7.879000186920166,0.7369999885559082,3.2149999141693115
8.230999946594237,4.2199997901916495,2.075999975204468
6.4720001220703125,4.622000217437744,1.807999968528748
6.190999984741211,6.564000129699707,1.9420000314712524
6.61299991607666,10.3149995803833,2.477999925613404
5.697999954223633,10.515999794006348,2.2769999504089355
5.908999919891357,10.3149995803833,2.009000062942505
5.697999954223633,9.779000282287598,2.344000101089477
4.64300012588501,8.640000343322754,1.2730000019073486
3.6579999923706055,8.439000129699707,2.1429998874664307
3.6579999923706055,10.91800022125244,2.5450000762939453
3.588000059127808,11.788000106811523,3.282000064849853
3.6579999923706055,10.85099983215332,4.019000053405762
4.361999988555908,11.38700008392334,3.95199990272522
4.010000228881837,9.779000282287598,2.746000051498413
4.150000095367432,10.515999794006348,2.9470000267028813
2.9549999237060547,10.248000144958496,3.41599988937378
3.095000028610228,11.45400047302246,3.282000064849853
2.602999925613404,11.854999542236328,2.746000051498413
3.095000028610228,10.180999755859377,3.6840000152587886
2.3919999599456787,2.5450000762939453,2.880000114440918
2.9549999237060547,-5.0229997634887695,3.617000102996826
4.501999855041504,-5.090000152587892,3.750999927520752
2.884000062942505,-4.956999778747559,2.075999975204468
3.86899995803833,-8.975000381469727,3.2149999141693115
4.2210001945495605,-7.568999767303468,2.611999988555908
3.5169999599456787,-4.2199997901916495,2.009000062942505
3.6579999923706055,6.296000003814697,1.5410000085830688
4.64300012588501,9.845999717712402,1.6740000247955322
4.994999885559082,10.11400032043457,2.075999975204468
4.64300012588501,9.845999717712402,1.6080000400543213
4.994999885559082,9.51099967956543,1.6740000247955322
4.7839999198913565,8.439000129699707,0.4020000100135803
4.64300012588501,10.85099983215332,3.549999952316284
4.2210001945495605,13.19499969482422,5.0229997634887695
4.501999855041504,15.472000122070312,5.357999801635742
3.86899995803833,16.812000274658207,6.162000179290772
4.572999954223633,15.67300033569336,5.625999927520752
5.276000022888184,14.736000061035154,4.287000179290772
5.3460001945495605,16.208999633789062,5.0229997634887695
4.994999885559082,16.476999282836914,4.889999866485597
4.923999786376953,16.544000625610348,4.889999866485597
4.7839999198913565,18.285999298095703,5.0229997634887695
5.3460001945495605,11.38700008392334,3.818000078201294
4.8540000915527335,-0.4690000116825104,2.4110000133514404
5.205999851226807,-8.572999954223633,2.678999900817871
5.908999919891357,-11.588000297546388,3.013999938964844
5.486999988555908,-13.395999908447266,2.4110000133514404
7.0349998474121085,-10.784000396728516,3.41599988937378
7.456999778747559,-6.429999828338622,2.880000114440918
6.261000156402588,-3.6840000152587886,2.2100000381469727
5.9790000915527335,6.697999954223633,1.807999968528748
6.050000190734862,9.845999717712402,1.6080000400543213
5.205999851226807,9.845999717712402,1.1390000581741333
4.7129998207092285,10.180999755859377,1.2730000019073486
4.572999954223633,9.444000244140623,1.2059999704360962
4.8540000915527335,10.381999969482422,2.009000062942505
4.7839999198913565,10.717000007629396,3.0810000896453857
4.432000160217285,12.123000144958494,3.6840000152587886
4.290999889373778,11.854999542236328,5.0229997634887695
4.994999885559082,12.72599983215332,4.421000003814697
4.8540000915527335,11.654999732971191,4.019000053405762
4.290999889373778,12.390999794006348,4.0859999656677255
4.079999923706056,13.32900047302246,4.019000053405762
4.290999889373778,13.864999771118164,5.0229997634887695
3.86899995803833,14.736000061035154,4.956999778747559
4.150000095367432,12.994000434875488,3.1480000019073486
4.432000160217285,13.060999870300291,5.492000102996826
4.7129998207092285,4.48799991607666,4.0859999656677255
4.079999923706056,-1.5410000085830688,3.818000078201294
4.8540000915527335,-4.48799991607666,4.622000217437744
5.3460001945495605,-9.913000106811523,3.1480000019073486
5.416999816894531,-9.845999717712402,3.013999938964844
5.486999988555908,-6.764999866485598,3.0810000896453857
5.486999988555908,-1.406999945640564,2.1429998874664307
5.486999988555908,6.63100004196167,2.5450000762939453
5.908999919891357,10.3149995803833,2.344000101089477
5.76800012588501,10.381999969482422,2.075999975204468
5.697999954223633,10.11400032043457,1.9420000314712524
5.135000228881836,9.51099967956543,1.6740000247955322
4.290999889373778,8.706999778747559,0.3350000083446503
3.938999891281128,10.3149995803833,1.9420000314712524
3.7279999256134033,11.119000434875488,3.2149999141693115
3.3059999942779537,15.20400047302246,4.889999866485597
3.236000061035156,12.79300022125244,3.6840000152587886
2.9549999237060547,14.736000061035154,4.889999866485597
2.602999925613404,13.99899959564209,5.1570000648498535
2.602999925613404,13.395999908447266,4.287000179290772
2.180999994277954,16.343000411987305,4.889999866485597
1.89900004863739,16.343000411987305,4.622000217437744
2.321000099182129,16.67799949645996,4.421000003814697
2.180999994277954,13.395999908447266,4.689000129699707
2.180999994277954,5.1570000648498535,4.0859999656677255
2.3919999599456787,1.875,5.0229997634887695
2.461999893188477,-0.2010000050067901,3.41599988937378
2.813999891281128,-1.1390000581741333,1.0049999952316284
3.095000028610228,-1.2730000019073486,1.6740000247955322
2.813999891281128,4.554999828338623,2.4110000133514404
2.884000062942505,5.492000102996826,2.344000101089477
3.025000095367432,8.038000106811522,2.1429998874664307
3.4470000267028813,11.052000045776367,2.344000101089477
3.3059999942779537,10.649999618530272,2.075999975204468
3.3059999942779537,10.515999794006348,2.1429998874664307
3.7279999256134033,9.645000457763672,2.075999975204468
4.079999923706056,10.449000358581545,2.1429998874664307
3.799000024795532,9.57800006866455,2.611999988555908
4.079999923706056,11.119000434875488,3.282000064849853
4.150000095367432,12.859999656677244,4.956999778747559
4.290999889373778,11.854999542236328,3.95199990272522
4.361999988555908,12.524999618530272,4.287000179290772
4.64300012588501,12.324000358581545,4.152999877929688
4.7839999198913565,11.788000106811523,3.750999927520752
5.205999851226807,9.645000457763672,3.013999938964844
5.135000228881836,11.185999870300291,2.812999963760376
5.3460001945495605,11.92199993133545,3.0810000896453857
4.501999855041504,12.927000045776367,4.2199997901916495
5.135000228881836,11.654999732971191,3.818000078201294
4.572999954223633,10.449000358581545,2.4110000133514404
4.994999885559082,10.449000358581545,2.344000101089477
4.8540000915527335,7.836999893188477,1.6080000400543213
5.416999816894531,8.706999778747559,2.812999963760376
5.135000228881836,9.913000106811523,3.282000064849853
6.050000190734862,8.975000381469727,2.4110000133514404
6.4720001220703125,9.779000282287598,2.1429998874664307
6.261000156402588,11.31999969482422,2.477999925613404
5.557000160217285,10.717000007629396,2.1429998874664307
5.3460001945495605,10.649999618530272,2.2769999504089355
5.697999954223633,9.175999641418455,1.875
5.839000225067139,9.376999855041504,1.4739999771118164
6.261000156402588,9.243000030517578,2.2100000381469727
6.190999984741211,10.717000007629396,2.678999900817871
6.541999816894531,11.98900032043457,3.884999990463257
6.61299991607666,12.390999794006348,4.0859999656677255
6.541999816894531,11.052000045776367,2.9470000267028813
6.541999816894531,11.720999717712402,3.617000102996826
6.683000087738037,11.185999870300291,3.013999938964844
7.0349998474121085,12.055999755859377,3.0810000896453857
6.894000053405763,12.859999656677244,3.1480000019073486
6.823999881744385,13.060999870300291,2.746000051498413
7.668000221252441,13.99899959564209,4.622000217437744
7.105000019073486,10.381999969482422,2.678999900817871
8.020000457763674,8.305999755859375,3.2149999141693115
8.020000457763674,9.376999855041504,3.1480000019073486
6.541999816894531,6.162000179290772,1.6740000247955322
6.752999782562256,6.36299991607666,2.2769999504089355
7.105000019073486,8.706999778747559,2.880000114440918
7.175000190734862,9.376999855041504,2.2100000381469727
7.245999813079834,9.979999542236328,2.075999975204468
7.879000186920166,11.588000297546388,1.6080000400543213
6.541999816894531,10.717000007629396,1.2730000019073486
6.61299991607666,10.180999755859377,1.2059999704360962
6.964000225067139,9.645000457763672,1.3400000333786009
6.330999851226808,8.77400016784668,0.5360000133514404
5.839000225067139,9.51099967956543,2.477999925613404
7.245999813079834,11.45400047302246,3.3489999771118164
7.105000019073486,13.128000259399414,4.48799991607666
7.456999778747559,11.98900032043457,4.2199997901916495
6.752999782562256,11.720999717712402,4.2199997901916495
5.065000057220459,11.588000297546388,3.750999927520752
4.572999954223633,12.927000045776367,4.287000179290772
3.236000061035156,12.256999969482422,4.0859999656677255
3.377000093460083,12.659000396728516,3.1480000019073486
4.010000228881837,11.92199993133545,2.880000114440918
4.361999988555908,14.333999633789062,4.019000053405762
3.236000061035156,10.180999755859377,2.344000101089477
3.3059999942779537,9.041999816894531,2.746000051498413
4.010000228881837,10.11400032043457,2.5450000762939453
2.6730000972747803,4.889999866485597,1.0049999952316284
2.532000064849853,7.368000030517577,2.075999975204468
3.7279999256134033,8.305999755859375,2.678999900817871
2.6730000972747803,8.706999778747559,2.075999975204468
3.3059999942779537,9.845999717712402,2.477999925613404
3.938999891281128,10.784000396728516,2.2769999504089355
4.7129998207092285,10.649999618530272,1.6740000247955322
4.150000095367432,10.91800022125244,1.807999968528748
4.2210001945495605,10.04699993133545,1.6740000247955322
4.290999889373778,9.3100004196167,0.4020000100135803
4.290999889373778,10.984999656677246,2.5450000762939453
4.432000160217285,11.45400047302246,3.549999952316284
4.2210001945495605,14.53499984741211,3.95199990272522
4.2210001945495605,14.53499984741211,3.95199990272522
4.2210001945495605,14.53499984741211,3.95199990272522
4.2210001945495605,14.53499984741211,3.95199990272522
4.2210001945495605,14.53499984741211,3.95199990272522
4.2210001945495605,14.53499984741211,3.95199990272522
4.2210001945495605,14.53499984741211,3.95199990272522
4.2210001945495605,14.53499984741211,3.95199990272522
4.2210001945495605,14.53499984741211,3.95199990272522
4.2210001945495605,14.53499984741211,3.95199990272522
4.2210001945495605,14.53499984741211,3.95199990272522
4.2210001945495605,14.53499984741211,3.95199990272522
4.2210001945495605,14.53499984741211,3.95199990272522
4.2210001945495605,14.53499984741211,3.95199990272522
4.2210001945495605,14.53499984741211,3.95199990272522
4.2210001945495605,14.53499984741211,3.95199990272522
4.2210001945495605,14.53499984741211,3.95199990272522
4.2210001945495605,14.53499984741211,3.95199990272522
4.2210001945495605,14.53499984741211,3.95199990272522
4.2210001945495605,14.53499984741211,3.95199990272522
4.2210001945495605,14.53499984741211,3.95199990272522
4.2210001945495605,14.53499984741211,3.95199990272522
4.2210001945495605,14.53499984741211,3.95199990272522
4.2210001945495605,14.53499984741211,3.95199990272522
5.205999851226807,13.730999946594238,3.282000064849853
4.501999855041504,16.007999420166016,4.956999778747559
4.994999885559082,15.003999710083008,4.956999778747559
4.290999889373778,14.401000022888184,4.822999954223633
4.150000095367432,13.99899959564209,4.3540000915527335
4.010000228881837,13.663999557495115,3.6840000152587886
4.010000228881837,11.588000297546388,2.5450000762939453
3.588000059127808,12.859999656677244,2.746000051498413
3.236000061035156,11.788000106811523,3.0810000896453857
3.4470000267028813,3.750999927520752,2.344000101089477
3.377000093460083,-3.1480000019073486,2.1429998874664307
4.432000160217285,-7.166999816894531,2.1429998874664307
3.86899995803833,-7.368000030517577,1.5410000085830688
4.2210001945495605,-9.376999855041504,2.1429998874664307
4.923999786376953,-7.234000205993652,2.2100000381469727
3.938999891281128,-3.0810000896453857,1.875
4.150000095367432,4.689000129699707,1.807999968528748
3.938999891281128,9.779000282287598,1.9420000314712524
3.7279999256134033,10.11400032043457,1.6740000247955322
3.4470000267028813,10.3149995803833,1.6080000400543213
3.236000061035156,9.51099967956543,1.5410000085830688
3.095000028610228,9.779000282287598,2.746000051498413
2.884000062942505,10.717000007629396,2.746000051498413
2.884000062942505,11.45400047302246,3.884999990463257
2.884000062942505,13.79800033569336,4.0859999656677255
3.5169999599456787,13.932000160217283,5.090000152587892
3.799000024795532,16.343000411987305,6.36299991607666
3.86899995803833,16.476999282836914,6.63100004196167
3.86899995803833,13.864999771118164,5.090000152587892
3.86899995803833,13.864999771118164,4.822999954223633
4.64300012588501,14.468000411987305,4.689000129699707
4.8540000915527335,15.807000160217283,5.223999977111816
4.7129998207092285,12.324000358581545,3.549999952316284
4.8540000915527335,9.243000030517578,2.880000114440918
5.065000057220459,9.376999855041504,2.5450000762939453
5.697999954223633,8.706999778747559,3.1480000019073486
5.9790000915527335,5.290999889373778,1.406999945640564
5.486999988555908,7.97100019454956,2.075999975204468
5.908999919891357,7.568999767303468,2.009000062942505
6.894000053405763,8.305999755859375,2.075999975204468
6.190999984741211,9.51099967956543,2.344000101089477
6.61299991607666,10.85099983215332,1.6740000247955322
5.065000057220459,10.3149995803833,1.807999968528748
4.432000160217285,10.248000144958496,1.807999968528748
4.150000095367432,9.645000457763672,1.875
3.86899995803833,9.711999893188477,2.611999988555908
4.361999988555908,10.180999755859377,3.013999938964844
3.5169999599456787,10.248000144958496,2.9470000267028813
3.4470000267028813,12.123000144958494,2.9470000267028813
2.6730000972747803,12.123000144958494,3.95199990272522
1.8289999961853027,10.984999656677246,3.2149999141693115
2.180999994277954,11.119000434875488,3.818000078201294
0.703000009059906,11.052000045776367,2.880000114440918
1.8289999961853027,11.38700008392334,3.013999938964844
2.180999994277954,11.31999969482422,3.013999938964844
1.89900004863739,11.92199993133545,2.812999963760376
0.843999981880188,14.199999809265137,4.019000053405762
0.0,10.717000007629396,1.875
1.618000030517578,11.052000045776367,2.5450000762939453
0.0,10.449000358581545,3.1480000019073486
0.0,7.769999980926514,1.3400000333786009
-0.6330000162124634,9.3100004196167,2.1429998874664307
0.0,10.180999755859377,2.477999925613404
-1.2660000324249268,9.979999542236328,2.344000101089477
-1.1959999799728394,11.253000259399414,2.2100000381469727
-1.89900004863739,12.390999794006348,2.075999975204468
-2.039999961853028,11.654999732971191,1.6740000247955322
-2.1099998950958248,10.984999656677246,1.6080000400543213
-2.250999927520752,9.845999717712402,1.4739999771118164
-2.250999927520752,10.91800022125244,2.812999963760376
-2.321000099182129,10.11400032043457,2.2769999504089355
-2.3919999599456787,12.859999656677244,2.9470000267028813
-2.039999961853028,11.31999969482422,2.5450000762939453
-2.6730000972747803,11.45400047302246,3.1480000019073486
-2.74399995803833,12.324000358581545,3.617000102996826
-2.532000064849853,11.92199993133545,3.549999952316284
-2.6730000972747803,12.524999618530272,3.41599988937378
-2.461999893188477,11.119000434875488,2.880000114440918
-2.602999925613404,11.854999542236328,2.2769999504089355
-2.461999893188477,13.395999908447266,2.9470000267028813
-2.321000099182129,15.20400047302246,3.282000064849853
-2.250999927520752,13.060999870300291,3.95199990272522
-2.250999927520752,12.256999969482422,3.2149999141693115
-2.180999994277954,12.994000434875488,2.812999963760376
-1.9700000286102293,10.3149995803833,2.1429998874664307
-2.1099998950958248,11.31999969482422,2.1429998874664307
-2.039999961853028,11.98900032043457,3.0810000896453857
-2.039999961853028,13.19499969482422,2.812999963760376
-2.1099998950958248,13.128000259399414,2.880000114440918
-2.1099998950958248,13.864999771118164,2.2100000381469727
-2.532000064849853,13.32900047302246,2.344000101089477
-2.180999994277954,12.458000183105469,1.875
-2.1099998950958248,11.185999870300291,1.6080000400543213
-1.5479999780654907,9.711999893188477,1.2730000019073486
-1.406999945640564,9.3100004196167,2.1429998874664307
-1.0549999475479126,10.515999794006348,2.1429998874664307
0.0,11.253000259399414,2.477999925613404
0.0,11.788000106811523,2.812999963760376
0.0,11.45400047302246,2.812999963760376
0.0,11.38700008392334,3.013999938964844
0.0,10.984999656677246,2.678999900817871
0.0,10.381999969482422,2.009000062942505
0.0,10.784000396728516,1.6740000247955322
0.0,9.645000457763672,2.075999975204468
0.0,12.458000183105469,3.2149999141693115
0.6330000162124634,11.92199993133545,3.2149999141693115
0.9850000143051147,10.91800022125244,3.2149999141693115
0.7739999890327454,11.38700008392334,3.41599988937378
1.618000030517578,9.041999816894531,1.875
2.180999994277954,8.371999740600586,2.4110000133514404
3.588000059127808,9.175999641418455,2.9470000267028813
2.884000062942505,9.845999717712402,2.2100000381469727
2.602999925613404,10.717000007629396,2.477999925613404
2.9549999237060547,13.19499969482422,2.2769999504089355
2.9549999237060547,13.26200008392334,2.4110000133514404
3.377000093460083,12.524999618530272,2.009000062942505
3.4470000267028813,11.38700008392334,1.875
2.6730000972747803,10.381999969482422,0.4020000100135803
2.884000062942505,11.654999732971191,2.5450000762939453
2.6730000972747803,13.663999557495115,3.617000102996826
2.74399995803833,12.592000007629396,3.617000102996826
2.6730000972747803,12.055999755859377,3.013999938964844
2.321000099182129,12.72599983215332,3.282000064849853
2.813999891281128,12.524999618530272,3.95199990272522
1.758999943733215,12.524999618530272,3.617000102996826
2.1099998950958248,12.659000396728516,3.282000064849853
0.7739999890327454,12.123000144958494,3.2149999141693115
0.9850000143051147,12.592000007629396,2.678999900817871
0.915000021457672,12.256999969482422,3.818000078201294
0.492000013589859,5.425000190734863,3.818000078201294
1.1959999799728394,0.7369999885559082,3.6840000152587886
1.758999943733215,7.434999942779541,3.750999927520752
1.1260000467300415,3.0810000896453857,2.880000114440918
1.337000012397766,11.98900032043457,3.750999927520752
1.2660000324249268,13.32900047302246,3.750999927520752
1.1959999799728394,12.592000007629396,1.875
1.2660000324249268,13.663999557495115,3.0810000896453857
-0.492000013589859,14.53499984741211,3.1480000019073486
-0.843999981880188,14.065999984741213,2.678999900817871
0.0,13.19499969482422,2.5450000762939453
0.0,11.98900032043457,2.2769999504089355
0.0,10.248000144958496,1.1390000581741333
0.0,9.645000457763672,2.1429998874664307
0.843999981880188,10.984999656677246,2.746000051498413
1.1260000467300415,11.31999969482422,2.812999963760376
1.406999945640564,13.32900047302246,4.019000053405762
1.8289999961853027,12.72599983215332,4.0859999656677255
2.3919999599456787,12.592000007629396,4.287000179290772
2.532000064849853,11.588000297546388,3.4830000400543213
3.236000061035156,12.256999969482422,3.549999952316284
3.588000059127808,11.720999717712402,2.746000051498413
0.0,11.253000259399414,3.1480000019073486
0.843999981880188,13.128000259399414,3.013999938964844
0.6330000162124634,12.524999618530272,3.750999927520752
0.0,11.654999732971191,3.549999952316284
0.0,12.72599983215332,3.750999927520752
0.0,9.711999893188477,1.6080000400543213
0.0,9.376999855041504,2.1429998874664307
0.0,11.45400047302246,3.41599988937378
0.0,12.659000396728516,2.678999900817871
0.7739999890327454,12.927000045776367,2.477999925613404
0.0,14.065999984741213,2.880000114440918
0.0,13.864999771118164,2.4110000133514404
1.4769999980926514,12.994000434875488,2.2100000381469727
0.7739999890327454,12.123000144958494,2.1429998874664307
0.5630000233650208,12.859999656677244,1.875
-0.6330000162124634,12.524999618530272,2.9470000267028813
0.0,12.458000183105469,2.812999963760376
0.0,12.256999969482422,3.617000102996826
0.6330000162124634,13.060999870300291,3.0810000896453857
0.9850000143051147,11.98900032043457,3.549999952316284
1.618000030517578,14.065999984741213,4.287000179290772
0.915000021457672,13.730999946594238,4.622000217437744
0.6330000162124634,13.730999946594238,3.750999927520752
0.6330000162124634,13.32900047302246,3.549999952316284
0.0,14.53499984741211,3.6840000152587886
1.8289999961853027,12.859999656677244,3.818000078201294
0.6330000162124634,6.63100004196167,1.875
0.6330000162124634,3.3489999771118164,2.075999975204468
1.618000030517578,-1.2059999704360962,3.0810000896453857
1.0549999475479126,-8.505999565124513,2.678999900817871
0.6330000162124634,-9.444000244140623,3.41599988937378
0.843999981880188,-8.171999931335451,2.5450000762939453
0.0,-3.549999952316284,2.812999963760376
0.0,8.907999992370605,1.807999968528748
0.0,12.859999656677244,2.2769999504089355
0.0,13.99899959564209,1.6080000400543213
-0.7739999890327454,14.468000411987305,1.875
-0.843999981880188,13.395999908447266,2.344000101089477
0.0,14.401000022888184,2.4110000133514404
0.0,14.267000198364258,2.746000051498413
-0.492000013589859,15.20400047302246,3.884999990463257
0.0,17.214000701904293,4.554999828338623
0.9850000143051147,16.40999984741211,4.2199997901916495
2.321000099182129,16.878999710083008,4.3540000915527335
2.532000064849853,16.611000061035153,4.75600004196167
2.6730000972747803,16.67799949645996,4.287000179290772
2.6730000972747803,17.816999435424805,4.689000129699707
2.884000062942505,17.884000778198242,5.090000152587892
3.025000095367432,17.415000915527347,4.689000129699707
3.588000059127808,15.87399959564209,3.884999990463257
2.74399995803833,0.8040000200271606,5.1570000648498535
2.602999925613404,-8.104999542236326,7.0329999923706055
2.74399995803833,-11.45400047302246,8.77400016784668
2.180999994277954,-15.807000160217283,7.501999855041504
3.16599988937378,-14.869999885559082,8.572999954223633
3.7279999256134033,-11.98900032043457,7.234000205993652
3.236000061035156,-7.97100019454956,5.692999839782715
3.588000059127808,8.23900032043457,1.9420000314712524
4.2210001945495605,11.92199993133545,2.5450000762939453
4.2210001945495605,12.994000434875488,2.075999975204468
3.7279999256134033,13.932000160217283,2.2769999504089355
4.7129998207092285,12.592000007629396,2.075999975204468
3.799000024795532,13.128000259399414,1.741000056266785
4.432000160217285,12.458000183105469,2.009000062942505
3.16599988937378,13.395999908447266,2.746000051498413
2.180999994277954,13.663999557495115,4.2199997901916495
2.039999961853028,14.401000022888184,4.0859999656677255
2.039999961853028,14.401000022888184,4.019000053405762
2.1099998950958248,13.060999870300291,3.750999927520752
2.1099998950958248,13.932000160217283,3.41599988937378
2.602999925613404,13.663999557495115,3.95199990272522
2.532000064849853,13.597000122070312,3.2149999141693115
2.532000064849853,15.940999984741213,4.152999877929688
1.758999943733215,14.53499984741211,4.421000003814697
1.618000030517578,0.3350000083446503,4.3540000915527335
2.884000062942505,-8.104999542236326,6.564000129699707
3.86899995803833,-10.984999656677246,7.501999855041504
2.884000062942505,-14.736000061035154,7.903999805450439
2.602999925613404,-14.736000061035154,4.0859999656677255
2.461999893188477,-12.524999618530272,3.617000102996826
2.884000062942505,-7.234000205993652,2.2769999504089355
2.74399995803833,8.038000106811522,2.009000062942505
2.250999927520752,11.720999717712402,1.807999968528748
3.095000028610228,12.79300022125244,1.6740000247955322
2.74399995803833,13.395999908447266,1.875
3.377000093460083,12.79300022125244,1.875
3.025000095367432,12.659000396728516,2.4110000133514404
3.236000061035156,12.256999969482422,3.3489999771118164
3.588000059127808,14.333999633789062,3.95199990272522
3.16599988937378,15.270999908447266,3.617000102996826
3.16599988937378,16.544000625610348,5.090000152587892
2.6730000972747803,16.476999282836914,5.0229997634887695
3.6579999923706055,17.214000701904293,5.090000152587892
3.236000061035156,16.208999633789062,5.0229997634887695
3.377000093460083,18.35300064086914,5.692999839782715
3.5169999599456787,18.6200008392334,5.492000102996826
2.602999925613404,18.95499992370605,5.223999977111816
3.86899995803833,14.937000274658203,4.554999828338623
4.010000228881837,0.2680000066757202,2.1429998874664307
4.501999855041504,-7.636000156402588,6.162000179290772
5.205999851226807,-9.845999717712402,8.371999740600586
4.079999923706056,-14.065999984741213,7.0329999923706055
4.079999923706056,-12.390999794006348,8.038000106811522
4.501999855041504,-9.711999893188477,7.568999767303468
2.884000062942505,-5.0229997634887695,5.827000141143799
4.150000095367432,8.505999565124513,3.41599988937378
3.377000093460083,13.128000259399414,3.6840000152587886
3.377000093460083,14.065999984741213,3.2149999141693115
2.813999891281128,14.937000274658203,3.3489999771118164
2.813999891281128,14.53499984741211,3.282000064849853
2.532000064849853,14.869999885559082,3.2149999141693115
1.8289999961853027,15.13700008392334,3.6840000152587886
2.180999994277954,14.468000411987305,3.750999927520752
2.6730000972747803,15.472000122070312,4.956999778747559
2.6730000972747803,14.199999809265137,4.421000003814697
2.602999925613404,12.524999618530272,3.750999927520752
3.095000028610228,12.994000434875488,4.421000003814697
2.532000064849853,13.19499969482422,3.549999952316284
2.532000064849853,14.937000274658203,4.889999866485597
2.532000064849853,14.53499984741211,3.818000078201294
2.3919999599456787,15.87399959564209,4.287000179290772
2.6730000972747803,12.123000144958494,3.617000102996826
2.250999927520752,-2.2100000381469727,2.4110000133514404
2.532000064849853,-8.505999565124513,4.0859999656677255
4.7129998207092285,-10.180999755859377,3.884999990463257
4.150000095367432,-15.13700008392334,3.1480000019073486
3.799000024795532,-13.26200008392334,4.019000053405762
4.8540000915527335,-12.123000144958494,3.884999990463257
3.799000024795532,-7.0329999923706055,3.3489999771118164
4.8540000915527335,8.439000129699707,2.1429998874664307
4.010000228881837,8.572999954223633,1.1390000581741333
3.6579999923706055,11.253000259399414,2.344000101089477
3.4470000267028813,12.659000396728516,2.1429998874664307
3.095000028610228,12.592000007629396,2.344000101089477
2.180999994277954,11.98900032043457,1.0049999952316284
2.180999994277954,13.26200008392334,2.344000101089477
2.74399995803833,14.267000198364258,4.019000053405762
2.3919999599456787,13.663999557495115,4.3540000915527335
1.687999963760376,13.19499969482422,3.6840000152587886
2.039999961853028,13.19499969482422,2.9470000267028813
2.250999927520752,11.38700008392334,3.4830000400543213
1.687999963760376,11.92199993133545,2.746000051498413
2.250999927520752,13.19499969482422,3.750999927520752
2.180999994277954,13.32900047302246,3.41599988937378
1.5479999780654907,14.468000411987305,4.019000053405762
1.618000030517578,12.79300022125244,3.2149999141693115
1.9700000286102293,6.89900016784668,1.875
1.758999943733215,1.2730000019073486,1.406999945640564
2.039999961853028,3.282000064849853,1.741000056266785
2.1099998950958248,-1.2730000019073486,1.807999968528748
2.039999961853028,-0.7369999885559082,2.075999975204468
2.532000064849853,1.3400000333786009,1.807999968528748
2.532000064849853,6.89900016784668,2.4110000133514404
2.321000099182129,10.180999755859377,2.1429998874664307
2.532000064849853,12.659000396728516,1.6740000247955322
2.321000099182129,15.20400047302246,3.6840000152587886
2.180999994277954,14.333999633789062,2.5450000762939453
2.602999925613404,13.395999908447266,2.5450000762939453
2.250999927520752,12.1899995803833,1.2730000019073486
2.532000064849853,13.529999732971191,2.880000114440918
2.532000064849853,13.529999732971191,3.282000064849853
2.039999961853028,16.476999282836914,4.889999866485597
2.9549999237060547,16.878999710083008,5.223999977111816
2.602999925613404,15.538999557495115,4.622000217437744
3.16599988937378,15.338000297546388,3.750999927520752
3.095000028610228,14.60200023651123,4.0859999656677255
2.884000062942505,14.267000198364258,3.4830000400543213
3.16599988937378,13.932000160217283,2.611999988555908
2.813999891281128,15.605999946594238,3.617000102996826
3.3059999942779537,13.463000297546388,4.0859999656677255
2.884000062942505,7.903999805450439,2.880000114440918
4.501999855041504,5.357999801635742,3.1480000019073486
5.416999816894531,3.282000064849853,3.1480000019073486
5.557000160217285,1.6080000400543213,2.477999925613404
5.76800012588501,-1.2059999704360962,3.41599988937378
6.683000087738037,-5.0229997634887695,4.152999877929688
6.752999782562256,-4.822999954223633,3.549999952316284
7.105000019073486,9.041999816894531,3.3489999771118164
8.159999847412111,12.458000183105469,3.013999938964844
6.4720001220703125,12.994000434875488,2.880000114440918
6.61299991607666,13.864999771118164,3.3489999771118164
5.697999954223633,12.927000045776367,3.0810000896453857
5.76800012588501,10.85099983215332,2.075999975204468
5.9790000915527335,10.91800022125244,2.9470000267028813
5.76800012588501,12.859999656677244,3.41599988937378
5.908999919891357,12.055999755859377,2.880000114440918
6.050000190734862,10.11400032043457,2.746000051498413
5.9790000915527335,11.788000106811523,3.617000102996826
5.908999919891357,12.123000144958494,4.152999877929688
5.839000225067139,11.98900032043457,3.282000064849853
5.76800012588501,11.98900032043457,3.6840000152587886
4.64300012588501,12.055999755859377,3.1480000019073486
4.010000228881837,12.994000434875488,3.282000064849853
4.361999988555908,12.324000358581545,3.4830000400543213
3.86899995803833,0.0,3.818000078201294
4.8540000915527335,-6.2290000915527335,3.41599988937378
6.119999885559082,-8.439000129699707,4.3540000915527335
5.627999782562256,-13.597000122070312,3.282000064849853
6.190999984741211,-13.395999908447266,3.2149999141693115
7.105000019073486,-10.784000396728516,3.4830000400543213
5.9790000915527335,-6.697999954223633,2.477999925613404
5.9790000915527335,6.429999828338622,1.4739999771118164
6.330999851226808,10.717000007629396,1.875
6.261000156402588,11.654999732971191,2.477999925613404
6.61299991607666,12.524999618530272,2.812999963760376
6.050000190734862,11.92199993133545,2.611999988555908
5.416999816894531,10.984999656677246,1.9420000314712524
6.261000156402588,12.859999656677244,2.611999988555908
5.627999782562256,15.338000297546388,4.554999828338623
6.190999984741211,13.463000297546388,4.622000217437744
6.823999881744385,13.730999946594238,4.889999866485597
7.105000019073486,14.065999984741213,5.492000102996826
7.456999778747559,13.79800033569336,4.689000129699707
7.315999984741211,13.864999771118164,4.622000217437744
7.597000122070312,13.529999732971191,4.622000217437744
5.697999954223633,14.53499984741211,4.689000129699707
5.557000160217285,13.597000122070312,3.41599988937378
5.065000057220459,14.53499984741211,4.2199997901916495
4.923999786376953,9.243000030517578,2.678999900817871
3.7279999256134033,10.515999794006348,3.013999938964844
5.486999988555908,9.444000244140623,2.880000114440918
4.64300012588501,6.36299991607666,2.2769999504089355
2.813999891281128,8.439000129699707,2.9470000267028813
2.3919999599456787,7.903999805450439,2.678999900817871
3.4470000267028813,10.04699993133545,2.678999900817871
4.079999923706056,9.57800006866455,2.009000062942505
3.588000059127808,12.256999969482422,2.678999900817871
3.588000059127808,11.854999542236328,2.2100000381469727
4.501999855041504,11.588000297546388,2.075999975204468
4.7129998207092285,10.784000396728516,2.2100000381469727
4.7839999198913565,11.520999908447266,2.009000062942505
5.416999816894531,11.520999908447266,2.880000114440918
3.5169999599456787,13.463000297546388,4.0859999656677255
2.884000062942505,14.60200023651123,3.95199990272522
3.4470000267028813,15.605999946594238,4.554999828338623
3.6579999923706055,14.468000411987305,3.750999927520752
4.923999786376953,15.06999969482422,4.2199997901916495
5.697999954223633,15.06999969482422,4.0859999656677255
6.050000190734862,15.807000160217283,4.152999877929688
6.61299991607666,15.270999908447266,3.750999927520752
5.9790000915527335,16.544000625610348,4.3540000915527335
5.486999988555908,13.529999732971191,3.884999990463257
6.401999950408936,10.649999618530272,3.884999990463257
6.964000225067139,7.636000156402588,3.818000078201294
7.105000019073486,9.645000457763672,4.152999877929688
6.190999984741211,2.1429998874664307,1.1390000581741333
5.276000022888184,2.344000101089477,2.477999925613404
4.923999786376953,4.622000217437744,2.611999988555908
5.76800012588501,3.41599988937378,2.344000101089477
6.4720001220703125,6.429999828338622,2.5450000762939453
5.839000225067139,12.324000358581545,3.013999938964844
5.065000057220459,11.720999717712402,2.344000101089477
4.8540000915527335,12.458000183105469,1.875
5.205999851226807,11.92199993133545,1.807999968528748
5.627999782562256,10.449000358581545,1.0720000267028809
5.065000057220459,12.123000144958494,3.1480000019073486
4.994999885559082,12.859999656677244,3.750999927520752
4.572999954223633,11.588000297546388,3.013999938964844
4.7129998207092285,12.324000358581545,3.617000102996826
4.572999954223633,11.788000106811523,3.818000078201294
4.361999988555908,10.91800022125244,3.41599988937378
4.079999923706056,11.654999732971191,3.1480000019073486
4.290999889373778,11.588000297546388,3.3489999771118164
3.86899995803833,10.381999969482422,2.344000101089477
4.290999889373778,12.79300022125244,3.41599988937378
4.290999889373778,12.927000045776367,3.549999952316284
4.290999889373778,9.57800006866455,2.9470000267028813
4.150000095367432,6.09499979019165,2.9470000267028813
4.290999889373778,8.171999931335451,3.818000078201294
3.799000024795532,5.0229997634887695,2.1429998874664307
4.290999889373778,-0.2010000050067901,2.678999900817871
4.501999855041504,7.703000068664551,3.2149999141693115
4.2210001945495605,8.439000129699707,2.611999988555908
4.501999855041504,11.185999870300291,2.2100000381469727
4.572999954223633,12.72599983215332,2.477999925613404
4.7129998207092285,12.324000358581545,2.477999925613404
3.799000024795532,12.592000007629396,2.5450000762939453
3.7279999256134033,11.788000106811523,2.477999925613404
3.86899995803833,10.85099983215332,1.2059999704360962
4.432000160217285,12.123000144958494,3.41599988937378
4.64300012588501,14.401000022888184,4.152999877929688
4.994999885559082,15.06999969482422,4.622000217437744
4.572999954223633,14.065999984741213,3.4830000400543213
4.994999885559082,13.597000122070312,3.617000102996826
4.923999786376953,14.267000198364258,3.818000078201294
5.135000228881836,13.864999771118164,3.750999927520752
5.3460001945495605,13.99899959564209,3.95199990272522
5.3460001945495605,14.333999633789062,3.6840000152587886
5.908999919891357,16.40999984741211,3.818000078201294
5.9790000915527335,16.745000839233402,4.622000217437744
4.7839999198913565,12.72599983215332,3.884999990463257
5.205999851226807,13.463000297546388,4.2199997901916495
5.416999816894531,10.11400032043457,2.678999900817871
6.261000156402588,9.444000244140623,1.5410000085830688
6.61299991607666,10.11400032043457,3.41599988937378
5.9790000915527335,5.290999889373778,2.880000114440918
6.261000156402588,7.836999893188477,2.2100000381469727
6.541999816894531,9.109000205993652,2.009000062942505
6.964000225067139,11.654999732971191,2.678999900817871
6.050000190734862,11.654999732971191,2.2100000381469727
6.050000190734862,11.788000106811523,2.2100000381469727
6.119999885559082,10.85099983215332,1.875
5.9790000915527335,9.913000106811523,0.7369999885559082
5.908999919891357,11.854999542236328,2.477999925613404
6.261000156402588,12.927000045776367,3.1480000019073486
5.697999954223633,14.468000411987305,3.549999952316284
6.401999950408936,14.53499984741211,4.0859999656677255
6.119999885559082,13.663999557495115,4.152999877929688
5.908999919891357,13.932000160217283,4.2199997901916495
5.486999988555908,14.468000411987305,4.0859999656677255
6.119999885559082,13.932000160217283,4.2199997901916495
5.908999919891357,14.401000022888184,3.750999927520752
5.416999816894531,14.736000061035154,3.41599988937378
5.205999851226807,14.468000411987305,4.3540000915527335
5.135000228881836,9.109000205993652,2.1429998874664307
4.7129998207092285,5.894000053405763,2.2769999504089355
4.501999855041504,6.2290000915527335,2.812999963760376
4.923999786376953,7.301000118255615,2.2769999504089355
4.923999786376953,8.23900032043457,2.4110000133514404
4.994999885559082,6.831999778747559,3.013999938964844
4.7129998207092285,6.63100004196167,3.2149999141693115
4.994999885559082,10.717000007629396,2.812999963760376
4.8540000915527335,13.128000259399414,2.1429998874664307
5.205999851226807,12.592000007629396,2.746000051498413
5.3460001945495605,13.128000259399414,2.2100000381469727
5.697999954223633,11.253000259399414,2.344000101089477
5.76800012588501,12.055999755859377,2.009000062942505
5.9790000915527335,11.98900032043457,2.4110000133514404
5.627999782562256,13.79800033569336,4.2199997901916495
5.416999816894531,14.333999633789062,4.622000217437744
5.76800012588501,13.864999771118164,4.554999828338623
5.697999954223633,12.72599983215332,4.3540000915527335
5.3460001945495605,11.720999717712402,3.95199990272522
4.923999786376953,13.395999908447266,4.287000179290772
4.7839999198913565,12.659000396728516,4.0859999656677255
4.572999954223633,11.588000297546388,3.013999938964844
4.150000095367432,13.864999771118164,3.617000102996826
4.501999855041504,14.668999671936035,3.6840000152587886
4.8540000915527335,9.109000205993652,2.678999900817871
4.501999855041504,8.505999565124513,2.812999963760376
4.572999954223633,10.248000144958496,3.282000064849853
4.290999889373778,8.706999778747559,2.678999900817871
5.065000057220459,11.185999870300291,3.282000064849853
3.86899995803833,10.717000007629396,3.3489999771118164
4.150000095367432,10.11400032043457,3.013999938964844
3.6579999923706055,11.45400047302246,2.880000114440918
2.180999994277954,12.458000183105469,2.344000101089477
2.602999925613404,12.927000045776367,2.5450000762939453
2.532000064849853,12.123000144958494,2.2769999504089355
3.236000061035156,11.253000259399414,2.075999975204468
4.7129998207092285,11.185999870300291,1.0049999952316284
4.7839999198913565,11.253000259399414,2.1429998874664307
5.276000022888184,13.730999946594238,3.549999952316284
5.839000225067139,13.19499969482422,3.549999952316284
5.76800012588501,12.994000434875488,3.2149999141693115
5.557000160217285,12.123000144958494,3.6840000152587886
4.501999855041504,12.859999656677244,4.0859999656677255
4.7129998207092285,12.592000007629396,4.019000053405762
4.994999885559082,12.324000358581545,3.013999938964844
3.5169999599456787,14.133000373840332,3.95199990272522
3.6579999923706055,15.20400047302246,4.48799991607666
3.588000059127808,14.937000274658203,4.48799991607666
4.994999885559082,8.23900032043457,2.075999975204468
5.486999988555908,6.63100004196167,2.9470000267028813
5.76800012588501,8.439000129699707,2.9470000267028813
6.119999885559082,5.625999927520752,2.344000101089477
5.065000057220459,-2.477999925613404,2.075999975204468
5.065000057220459,-2.812999963760376,3.282000064849853
5.486999988555908,-1.406999945640564,2.4110000133514404
5.3460001945495605,3.6840000152587886,1.6080000400543213
5.697999954223633,9.845999717712402,1.406999945640564
5.486999988555908,11.119000434875488,1.6740000247955322
5.276000022888184,11.92199993133545,1.807999968528748
5.3460001945495605,11.38700008392334,1.741000056266785
4.923999786376953,10.784000396728516,0.6029999852180481
4.7129998207092285,11.052000045776367,1.6080000400543213
4.994999885559082,12.524999618530272,2.477999925613404
5.065000057220459,12.79300022125244,3.1480000019073486
4.7839999198913565,11.92199993133545,3.95199990272522
4.432000160217285,13.060999870300291,4.152999877929688
3.236000061035156,13.060999870300291,3.41599988937378
4.432000160217285,12.79300022125244,3.818000078201294
2.321000099182129,12.256999969482422,3.2149999141693115
1.687999963760376,12.256999969482422,3.6840000152587886
2.039999961853028,15.472000122070312,4.287000179290772
3.7279999256134033,14.803000450134276,5.1570000648498535
2.602999925613404,12.256999969482422,4.2199997901916495
2.6730000972747803,11.654999732971191,4.3540000915527335
2.532000064849853,9.913000106811523,4.019000053405762
2.6730000972747803,6.497000217437744,2.2100000381469727
3.025000095367432,10.248000144958496,3.2149999141693115
3.16599988937378,10.3149995803833,4.0859999656677255
2.3919999599456787,12.524999618530272,3.2149999141693115
2.884000062942505,13.32900047302246,3.013999938964844
2.3919999599456787,16.67799949645996,4.0859999656677255
2.039999961853028,15.270999908447266,3.1480000019073486
2.039999961853028,14.53499984741211,2.477999925613404
2.039999961853028,13.32900047302246,2.4110000133514404
1.8289999961853027,11.98900032043457,1.807999968528748
1.9700000286102293,10.649999618530272,2.2100000381469727
2.039999961853028,11.788000106811523,3.282000064849853
1.618000030517578,13.463000297546388,2.746000051498413
1.4769999980926514,13.597000122070312,3.6840000152587886
1.2660000324249268,13.99899959564209,4.152999877929688
0.915000021457672,13.99899959564209,3.3489999771118164
0.915000021457672,13.730999946594238,2.9470000267028813
1.1260000467300415,12.79300022125244,3.3489999771118164
0.7739999890327454,13.395999908447266,2.678999900817871
0.421999990940094,14.937000274658203,3.4830000400543213
0.0,13.663999557495115,3.41599988937378
0.0,12.859999656677244,3.750999927520752
0.0,11.588000297546388,3.0810000896453857
0.0,13.19499969482422,3.6840000152587886
0.0,12.659000396728516,2.9470000267028813
0.0,11.588000297546388,3.4830000400543213
0.0,11.854999542236328,3.4830000400543213
-0.9850000143051147,13.730999946594238,3.3489999771118164
-1.337000012397766,13.864999771118164,3.2149999141693115
-1.1260000467300415,15.67300033569336,3.2149999141693115
-0.843999981880188,15.87399959564209,3.013999938964844
0.0,16.142000198364258,3.1480000019073486
-0.843999981880188,14.869999885559082,2.880000114440918
-1.618000030517578,13.663999557495115,1.4739999771118164
-2.1099998950958248,14.937000274658203,2.812999963760376
-1.618000030517578,16.007999420166016,4.622000217437744
-1.2660000324249268,16.007999420166016,4.152999877929688
-1.89900004863739,15.605999946594238,4.421000003814697
-2.039999961853028,15.338000297546388,3.617000102996826
-2.321000099182129,16.67799949645996,4.2199997901916495
-1.8289999961853027,17.01300048828125,4.956999778747559
-1.618000030517578,16.343000411987305,4.3540000915527335
-2.461999893188477,16.007999420166016,3.2149999141693115
-2.461999893188477,16.812000274658207,4.019000053405762
-2.180999994277954,15.807000160217283,3.3489999771118164
-2.321000099182129,15.06999969482422,3.2149999141693115
-2.3919999599456787,12.859999656677244,2.746000051498413
-2.813999891281128,15.472000122070312,3.0810000896453857
-2.74399995803833,13.99899959564209,3.282000064849853
-3.025000095367432,15.472000122070312,3.1480000019073486
-2.461999893188477,14.803000450134276,2.9470000267028813
-3.095000028610228,15.338000297546388,3.3489999771118164
-2.884000062942505,16.142000198364258,3.617000102996826
-2.3919999599456787,16.67799949645996,3.549999952316284
-3.095000028610228,16.40999984741211,3.1480000019073486
-3.025000095367432,16.745000839233402,3.1480000019073486
-2.9549999237060547,15.06999969482422,2.5450000762939453
-1.687999963760376,12.72599983215332,2.009000062942505
-1.618000030517578,11.052000045776367,1.3400000333786009
-1.337000012397766,11.92199993133545,2.477999925613404
-1.618000030517578,11.052000045776367,2.4110000133514404
-1.5479999780654907,10.515999794006348,2.477999925613404
-1.89900004863739,11.185999870300291,2.075999975204468
-1.89900004863739,10.91800022125244,2.611999988555908
-1.89900004863739,10.180999755859377,1.807999968528748
-1.618000030517578,10.381999969482422,1.6740000247955322
-0.843999981880188,9.175999641418455,1.2730000019073486
-1.2660000324249268,10.649999618530272,1.875
-1.1260000467300415,13.32900047302246,2.477999925613404
-1.0549999475479126,13.060999870300291,2.477999925613404
0.0,12.324000358581545,2.5450000762939453
-1.337000012397766,13.79800033569336,2.1429998874664307
-0.5630000233650208,11.588000297546388,1.741000056266785
0.0,12.592000007629396,2.746000051498413
0.0,12.458000183105469,3.013999938964844
0.0,10.717000007629396,2.678999900817871
0.0,12.123000144958494,1.9420000314712524
0.0,15.20400047302246,2.477999925613404
0.0,15.605999946594238,2.477999925613404
0.492000013589859,16.40999984741211,2.2100000381469727
0.843999981880188,15.003999710083008,1.875
0.0,15.270999908447266,2.2100000381469727
0.0,14.53499984741211,2.611999988555908
0.0,13.395999908447266,1.875
0.0,12.458000183105469,2.678999900817871
0.0,11.788000106811523,2.678999900817871
0.0,11.45400047302246,1.9420000314712524
-0.6330000162124634,12.055999755859377,3.1480000019073486
-0.6330000162124634,11.253000259399414,2.746000051498413
-0.703000009059906,12.055999755859377,2.812999963760376
-1.2660000324249268,11.38700008392334,1.6740000247955322
-2.039999961853028,13.128000259399414,2.746000051498413
-2.461999893188477,15.338000297546388,3.3489999771118164
-3.7279999256134033,14.803000450134276,2.5450000762939453
-3.377000093460083,14.869999885559082,2.611999988555908
-3.236000061035156,16.67799949645996,3.41599988937378
-3.3059999942779537,15.20400047302246,2.812999963760376
-3.095000028610228,14.53499984741211,2.9470000267028813
-2.6730000972747803,15.13700008392334,3.013999938964844
-1.9700000286102293,14.401000022888184,2.746000051498413
-2.1099998950958248,14.937000274658203,2.611999988555908
-1.1959999799728394,16.275999069213867,2.746000051498413
-1.1260000467300415,16.142000198364258,3.1480000019073486
0.0,15.807000160217283,2.812999963760376
0.0,14.803000450134276,2.5450000762939453
0.0,12.994000434875488,1.5410000085830688
0.0,11.98900032043457,1.875
0.0,11.788000106811523,1.741000056266785
0.0,10.248000144958496,2.344000101089477
-0.7739999890327454,9.845999717712402,2.1429998874664307
-0.7739999890327454,9.845999717712402,2.075999975204468
-0.915000021457672,9.779000282287598,2.009000062942505
-0.843999981880188,8.975000381469727,1.2059999704360962
-1.337000012397766,9.57800006866455,1.741000056266785
-0.915000021457672,9.376999855041504,1.2059999704360962
-0.915000021457672,10.248000144958496,1.5410000085830688
-1.1959999799728394,12.859999656677244,2.009000062942505
-1.337000012397766,13.060999870300291,2.678999900817871
-1.4769999980926514,13.529999732971191,2.880000114440918
-0.915000021457672,14.60200023651123,3.013999938964844
-1.1959999799728394,13.128000259399414,2.075999975204468
0.0,13.932000160217283,2.5450000762939453
-0.9850000143051147,13.529999732971191,2.746000051498413
-0.9850000143051147,13.864999771118164,2.746000051498413
0.0,14.267000198364258,1.9420000314712524
0.6330000162124634,15.404999732971191,2.075999975204468
1.0549999475479126,15.605999946594238,2.009000062942505
0.703000009059906,16.208999633789062,2.075999975204468
0.0,15.13700008392334,1.875
0.0,13.529999732971191,1.6080000400543213
0.0,11.92199993133545,1.6740000247955322
0.0,12.324000358581545,2.746000051498413
0.0,10.984999656677246,2.2100000381469727
0.5630000233650208,11.720999717712402,2.5450000762939453
0.5630000233650208,10.3149995803833,2.009000062942505
1.1260000467300415,10.85099983215332,2.4110000133514404
0.915000021457672,11.119000434875488,2.344000101089477
1.0549999475479126,11.119000434875488,2.344000101089477
1.4769999980926514,9.57800006866455,1.3400000333786009
0.7739999890327454,12.123000144958494,2.2100000381469727
0.7739999890327454,14.468000411987305,2.746000051498413
1.337000012397766,13.730999946594238,2.075999975204468
0.703000009059906,12.994000434875488,2.812999963760376
0.7739999890327454,14.736000061035154,3.3489999771118164
0.492000013589859,11.720999717712402,2.477999925613404
1.1260000467300415,9.57800006866455,1.6740000247955322
1.4769999980926514,8.371999740600586,2.5450000762939453
1.687999963760376,10.11400032043457,2.2769999504089355
1.618000030517578,12.458000183105469,2.2769999504089355
1.9700000286102293,14.468000411987305,2.344000101089477
1.758999943733215,16.075000762939453,2.2769999504089355
1.4769999980926514,17.214000701904293,2.344000101089477
1.5479999780654907,16.40999984741211,2.344000101089477
1.618000030517578,14.401000022888184,2.477999925613404
1.687999963760376,14.401000022888184,2.4110000133514404
1.89900004863739,14.065999984741213,3.0810000896453857
1.8289999961853027,14.267000198364258,3.3489999771118164
1.337000012397766,13.463000297546388,3.013999938964844
1.618000030517578,13.128000259399414,3.013999938964844
1.0549999475479126,12.927000045776367,2.9470000267028813
1.2660000324249268,12.524999618530272,3.3489999771118164
0.9850000143051147,13.663999557495115,2.9470000267028813
1.0549999475479126,11.92199993133545,2.009000062942505
0.9850000143051147,13.663999557495115,3.282000064849853
0.915000021457672,16.40999984741211,3.95199990272522
1.687999963760376,12.72599983215332,1.9420000314712524
2.1099998950958248,10.984999656677246,2.746000051498413
2.3919999599456787,8.77400016784668,1.875
3.025000095367432,3.95199990272522,1.9420000314712524
3.095000028610228,-0.7369999885559082,2.075999975204468
4.150000095367432,-2.009000062942505,2.2769999504089355
3.377000093460083,2.2100000381469727,2.009000062942505
3.4470000267028813,8.907999992370605,1.5410000085830688
2.74399995803833,13.32900047302246,1.9420000314712524
2.3919999599456787,15.87399959564209,2.344000101089477
2.180999994277954,18.55299949645996,3.2149999141693115
2.74399995803833,17.415000915527347,2.746000051498413
2.532000064849853,15.87399959564209,1.875
2.74399995803833,15.338000297546388,3.2149999141693115
3.025000095367432,15.270999908447266,3.549999952316284
1.758999943733215,15.13700008392334,3.95199990272522
1.758999943733215,15.13700008392334,3.95199990272522
1.758999943733215,15.13700008392334,3.95199990272522
1.758999943733215,15.13700008392334,3.95199990272522
1.758999943733215,15.13700008392334,3.95199990272522
1.758999943733215,15.13700008392334,3.95199990272522
1.758999943733215,15.13700008392334,3.95199990272522
1.758999943733215,15.13700008392334,3.95199990272522
1.758999943733215,15.13700008392334,3.95199990272522
1.758999943733215,15.13700008392334,3.95199990272522
1.758999943733215,15.13700008392334,3.95199990272522
1.758999943733215,15.13700008392334,3.95199990272522
1.758999943733215,15.13700008392334,3.95199990272522
1.758999943733215,15.13700008392334,3.95199990272522
1.758999943733215,15.13700008392334,3.95199990272522
1.758999943733215,15.13700008392334,3.95199990272522
1.758999943733215,15.13700008392334,3.95199990272522
1.758999943733215,15.13700008392334,3.95199990272522
1.758999943733215,15.13700008392334,3.95199990272522
1.758999943733215,15.13700008392334,3.95199990272522
1.758999943733215,15.13700008392334,3.95199990272522
1.758999943733215,15.13700008392334,3.95199990272522
1.758999943733215,15.13700008392334,3.95199990272522
1.758999943733215,15.13700008392334,3.95199990272522
2.74399995803833,17.14699935913086,5.0229997634887695
3.025000095367432,16.812000274658207,5.090000152587892
3.025000095367432,15.605999946594238,4.889999866485597
3.236000061035156,14.133000373840332,4.622000217437744
2.884000062942505,14.668999671936035,4.019000053405762
2.74399995803833,11.98900032043457,2.2100000381469727
2.461999893188477,14.199999809265137,3.1480000019073486
2.039999961853028,15.87399959564209,3.884999990463257
2.3919999599456787,15.605999946594238,4.019000053405762
3.16599988937378,7.368000030517577,2.2100000381469727
3.799000024795532,-2.344000101089477,2.812999963760376
4.7129998207092285,5.290999889373778,2.5450000762939453
4.290999889373778,-9.376999855041504,3.0810000896453857
4.290999889373778,1.6080000400543213,2.746000051498413
6.261000156402588,-7.501999855041504,3.0810000896453857
3.938999891281128,5.960999965667725,2.9470000267028813
3.799000024795532,3.6840000152587886,2.2100000381469727
3.588000059127808,13.32900047302246,2.746000051498413
3.799000024795532,15.605999946594238,2.9470000267028813
3.588000059127808,18.687000274658203,3.818000078201294
3.3059999942779537,18.01799964904785,3.549999952316284
3.6579999923706055,16.945999145507812,2.344000101089477
4.290999889373778,16.67799949645996,3.549999952316284
3.938999891281128,16.007999420166016,4.019000053405762
3.799000024795532,15.06999969482422,3.95199990272522
4.361999988555908,14.199999809265137,3.0810000896453857
4.64300012588501,14.267000198364258,3.41599988937378
4.2210001945495605,14.736000061035154,4.421000003814697
4.079999923706056,13.864999771118164,3.617000102996826
3.86899995803833,12.927000045776367,3.3489999771118164
3.938999891281128,12.72599983215332,2.678999900817871
3.7279999256134033,14.803000450134276,3.0810000896453857
3.86899995803833,13.32900047302246,3.884999990463257
4.432000160217285,2.009000062942505,1.875
3.377000093460083,-4.956999778747559,1.807999968528748
4.079999923706056,-5.559000015258789,3.0810000896453857
3.588000059127808,-10.449000358581545,2.2769999504089355
3.4470000267028813,-3.549999952316284,2.1429998874664307
3.3059999942779537,-2.1429998874664307,2.477999925613404
3.86899995803833,1.4739999771118164,2.4110000133514404
3.3059999942779537,6.296000003814697,1.741000056266785
3.5169999599456787,12.994000434875488,1.9420000314712524
2.321000099182129,15.605999946594238,2.5450000762939453
2.039999961853028,17.75,2.746000051498413
1.89900004863739,17.281000137329098,2.678999900817871
2.461999893188477,17.615999221801758,3.2149999141693115
2.532000064849853,15.87399959564209,3.4830000400543213
2.039999961853028,16.878999710083008,4.287000179290772
2.039999961853028,16.343000411987305,4.689000129699707
0.843999981880188,14.468000411987305,4.287000179290772
0.703000009059906,14.937000274658203,4.2199997901916495
0.703000009059906,13.99899959564209,4.152999877929688
1.337000012397766,13.79800033569336,3.6840000152587886
0.7739999890327454,14.199999809265137,4.019000053405762
0.0,13.79800033569336,3.1480000019073486
0.0,16.343000411987305,4.019000053405762
0.0,15.472000122070312,4.622000217437744
0.7739999890327454,4.622000217437744,3.41599988937378
1.406999945640564,-4.622000217437744,3.95199990272522
2.039999961853028,-8.706999778747559,3.6840000152587886
1.2660000324249268,-7.769999980926514,3.1480000019073486
1.9700000286102293,0.4020000100135803,2.4110000133514404
3.4470000267028813,-2.477999925613404,3.1480000019073486
3.4470000267028813,3.013999938964844,2.2100000381469727
3.6579999923706055,7.434999942779541,2.9470000267028813
3.236000061035156,14.60200023651123,3.41599988937378
2.461999893188477,17.281000137329098,3.884999990463257
2.3919999599456787,19.290000915527344,3.750999927520752
1.687999963760376,20.027000427246094,4.152999877929688
1.2660000324249268,17.214000701904293,2.9470000267028813
2.180999994277954,16.007999420166016,3.1480000019073486
0.7739999890327454,15.538999557495115,3.549999952316284
1.89900004863739,14.401000022888184,3.6840000152587886
1.8289999961853027,12.927000045776367,3.3489999771118164
2.250999927520752,12.324000358581545,3.013999938964844
2.039999961853028,13.463000297546388,3.617000102996826
2.180999994277954,12.994000434875488,3.013999938964844
2.3919999599456787,12.123000144958494,2.477999925613404
1.687999963760376,12.055999755859377,1.807999968528748
1.5479999780654907,14.199999809265137,3.2149999141693115
1.89900004863739,13.19499969482422,3.2149999141693115
2.6730000972747803,-0.06700000166893,2.2100000381469727
2.884000062942505,-5.960999965667725,3.282000064849853
3.799000024795532,-7.368000030517577,2.9470000267028813
2.9549999237060547,-9.645000457763672,2.678999900817871
3.377000093460083,-13.529999732971191,5.1570000648498535
4.432000160217285,-9.444000244140623,3.750999927520752
3.86899995803833,1.741000056266785,2.477999925613404
4.150000095367432,4.622000217437744,2.344000101089477
4.150000095367432,13.864999771118164,2.746000051498413
3.236000061035156,16.275999069213867,3.0810000896453857
2.884000062942505,19.089000701904297,3.884999990463257
2.461999893188477,19.35700035095215,4.019000053405762
3.4470000267028813,19.558000564575195,4.0859999656677255
4.079999923706056,18.2189998626709,3.95199990272522
3.588000059127808,18.687000274658203,5.090000152587892
4.290999889373778,17.615999221801758,5.290999889373778
3.799000024795532,16.075000762939453,4.822999954223633
3.16599988937378,16.878999710083008,4.152999877929688
4.079999923706056,15.270999908447266,3.549999952316284
3.095000028610228,15.270999908447266,4.554999828338623
3.588000059127808,14.401000022888184,3.3489999771118164
2.884000062942505,15.20400047302246,3.884999990463257
3.025000095367432,17.14699935913086,3.818000078201294
3.588000059127808,14.736000061035154,3.3489999771118164
3.4470000267028813,1.2730000019073486,3.2149999141693115
2.884000062942505,-8.439000129699707,3.1480000019073486
3.86899995803833,-11.052000045776367,4.019000053405762
2.884000062942505,-15.13700008392334,3.750999927520752
3.3059999942779537,-13.597000122070312,4.287000179290772
4.501999855041504,-11.31999969482422,3.2149999141693115
4.010000228881837,-7.166999816894531,2.678999900817871
4.079999923706056,0.06700000166893,2.880000114440918
5.205999851226807,12.592000007629396,2.880000114440918
4.290999889373778,14.333999633789062,2.812999963760376
4.290999889373778,18.2189998626709,3.617000102996826
3.938999891281128,19.691999435424805,4.2199997901916495
4.2210001945495605,19.02199935913086,3.013999938964844
4.290999889373778,18.48600006103516,4.956999778747559
3.799000024795532,18.41900062561035,5.090000152587892
3.938999891281128,17.079999923706055,5.090000152587892
4.2210001945495605,16.476999282836914,4.287000179290772
3.799000024795532,15.338000297546388,4.152999877929688
3.5169999599456787,14.60200023651123,4.287000179290772
4.290999889373778,13.864999771118164,3.818000078201294
4.010000228881837,12.256999969482422,2.880000114440918
4.010000228881837,13.32900047302246,2.611999988555908
1.5479999780654907,16.275999069213867,4.0859999656677255
1.1959999799728394,14.803000450134276,3.3489999771118164
1.1260000467300415,2.678999900817871,2.477999925613404
1.4769999980926514,-4.889999866485597,2.2769999504089355
1.687999963760376,-8.371999740600586,3.549999952316284
1.758999943733215,-11.38700008392334,3.013999938964844
2.461999893188477,-11.185999870300291,3.013999938964844
4.501999855041504,-10.04699993133545,2.009000062942505
3.799000024795532,-4.287000179290772,2.611999988555908
2.6730000972747803,3.282000064849853,1.406999945640564
2.6730000972747803,11.788000106811523,2.1429998874664307
2.602999925613404,14.803000450134276,2.477999925613404
2.250999927520752,18.48600006103516,3.549999952316284
2.180999994277954,18.95499992370605,3.750999927520752
2.532000064849853,18.285999298095703,2.746000051498413
2.602999925613404,18.687000274658203,4.622000217437744
2.250999927520752,18.152000427246094,5.090000152587892
1.8289999961853027,15.67300033569336,4.3540000915527335
2.039999961853028,15.06999969482422,3.6840000152587886
1.9700000286102293,14.736000061035154,4.2199997901916495
2.461999893188477,12.994000434875488,2.746000051498413
2.250999927520752,13.529999732971191,3.282000064849853
2.321000099182129,13.79800033569336,2.812999963760376
2.461999893188477,12.994000434875488,2.812999963760376
2.602999925613404,14.267000198364258,2.880000114440918
2.884000062942505,13.529999732971191,2.746000051498413
3.588000059127808,4.554999828338623,2.009000062942505
4.150000095367432,3.549999952316284,3.2149999141693115
4.501999855041504,-4.75600004196167,2.746000051498413
4.010000228881837,-12.390999794006348,2.812999963760376
4.290999889373778,-7.636000156402588,2.9470000267028813
4.572999954223633,-3.95199990272522,1.6740000247955322
4.923999786376953,0.06700000166893,2.1429998874664307
4.64300012588501,6.09499979019165,1.6080000400543213
5.065000057220459,11.854999542236328,2.1429998874664307
4.994999885559082,13.19499969482422,2.1429998874664307
5.135000228881836,16.945999145507812,2.880000114440918
5.135000228881836,18.152000427246094,3.282000064849853
4.64300012588501,18.35300064086914,2.477999925613404
4.64300012588501,17.884000778198242,4.2199997901916495
3.588000059127808,15.20400047302246,3.282000064849853
1.89900004863739,14.065999984741213,3.1480000019073486
2.1099998950958248,12.659000396728516,2.678999900817871
4.150000095367432,12.123000144958494,2.009000062942505
4.2210001945495605,11.253000259399414,1.406999945640564
3.7279999256134033,11.31999969482422,2.344000101089477
3.588000059127808,11.119000434875488,2.075999975204468
3.7279999256134033,12.524999618530272,1.807999968528748
3.16599988937378,14.199999809265137,2.678999900817871
3.025000095367432,14.199999809265137,3.41599988937378
2.180999994277954,2.477999925613404,1.9420000314712524
2.532000064849853,-0.6700000166893005,2.2100000381469727
2.884000062942505,-8.640000343322754,2.344000101089477
3.025000095367432,-12.256999969482422,2.678999900817871
2.884000062942505,-12.390999794006348,2.2769999504089355
3.938999891281128,-11.119000434875488,2.9470000267028813
3.588000059127808,-6.09499979019165,1.741000056266785
3.4470000267028813,4.019000053405762,0.9380000233650208
3.86899995803833,10.248000144958496,1.1390000581741333
3.377000093460083,13.463000297546388,1.741000056266785
2.813999891281128,17.079999923706055,2.678999900817871
2.74399995803833,18.41900062561035,5.894000053405763
2.884000062942505,18.285999298095703,3.013999938964844
2.813999891281128,16.476999282836914,3.617000102996826
2.602999925613404,14.333999633789062,2.2769999504089355
2.813999891281128,11.588000297546388,2.4110000133514404
2.602999925613404,10.85099983215332,2.075999975204468
2.9549999237060547,10.11400032043457,1.3400000333786009
2.884000062942505,9.779000282287598,2.075999975204468
3.377000093460083,9.645000457763672,2.075999975204468
3.3059999942779537,9.041999816894531,1.875
3.3059999942779537,9.175999641418455,0.8040000200271606
3.3059999942779537,11.98900032043457,2.2769999504089355
3.377000093460083,13.597000122070312,2.477999925613404
3.588000059127808,11.38700008392334,2.344000101089477
3.7279999256134033,7.903999805450439,1.875
4.64300012588501,-0.1340000033378601,2.344000101089477
5.697999954223633,5.425000190734863,2.009000062942505
5.486999988555908,-0.7369999885559082,1.2730000019073486
5.76800012588501,-0.06700000166893,1.875
5.76800012588501,5.0229997634887695,1.3400000333786009
5.76800012588501,10.649999618530272,1.4739999771118164
5.76800012588501,13.463000297546388,2.4110000133514404
5.627999782562256,14.133000373840332,2.678999900817871
5.3460001945495605,17.14699935913086,3.1480000019073486
5.839000225067139,17.548999786376953,3.1480000019073486
5.697999954223633,16.611000061035153,2.009000062942505
5.416999816894531,16.343000411987305,3.3489999771118164
5.76800012588501,14.065999984741213,3.2149999141693115
5.839000225067139,12.927000045776367,2.880000114440918
5.908999919891357,11.119000434875488,2.4110000133514404
6.190999984741211,10.649999618530272,2.4110000133514404
5.697999954223633,10.180999755859377,2.5450000762939453
4.7129998207092285,9.979999542236328,2.4110000133514404
4.64300012588501,10.717000007629396,1.875
3.095000028610228,11.253000259399414,2.009000062942505
2.813999891281128,13.395999908447266,2.746000051498413
3.4470000267028813,16.67799949645996,3.884999990463257
2.321000099182129,11.45400047302246,2.477999925613404
1.89900004863739,9.845999717712402,2.477999925613404
2.250999927520752,10.180999755859377,1.807999968528748
3.025000095367432,7.636000156402588,2.1429998874664307
3.025000095367432,5.692999839782715,2.1429998874664307
3.938999891281128,4.48799991607666,1.807999968528748
3.236000061035156,4.019000053405762,1.0720000267028809
3.7279999256134033,7.769999980926514,1.6080000400543213
4.150000095367432,12.859999656677244,2.4110000133514404
4.2210001945495605,14.065999984741213,2.2769999504089355
3.7279999256134033,17.01300048828125,2.880000114440918
3.799000024795532,18.687000274658203,3.3489999771118164
3.86899995803833,20.83099937438965,5.357999801635742
3.095000028610228,18.82099914550781,4.554999828338623
1.337000012397766,16.007999420166016,3.0810000896453857
2.532000064849853,14.333999633789062,2.344000101089477
3.095000028610228,13.128000259399414,2.344000101089477
4.290999889373778,11.520999908447266,2.009000062942505
3.938999891281128,10.91800022125244,1.6080000400543213
3.86899995803833,10.984999656677246,1.6740000247955322
3.6579999923706055,11.253000259399414,1.875
2.6730000972747803,10.11400032043457,1.6740000247955322
3.095000028610228,14.199999809265137,2.2769999504089355
4.079999923706056,11.720999717712402,2.009000062942505
3.377000093460083,2.5450000762939453,1.9420000314712524
2.813999891281128,-4.019000053405762,2.2100000381469727
3.377000093460083,-8.505999565124513,2.2100000381469727
2.9549999237060547,-11.854999542236328,1.5410000085830688
2.74399995803833,-13.32900047302246,1.9420000314712524
3.4470000267028813,-11.253000259399414,1.6080000400543213
3.095000028610228,-5.425000190734863,1.2730000019073486
3.095000028610228,0.8040000200271606,0.4020000100135803
2.461999893188477,9.3100004196167,0.8040000200271606
1.9700000286102293,11.854999542236328,1.0049999952316284
3.095000028610228,15.003999710083008,2.2769999504089355
1.89900004863739,16.945999145507812,2.812999963760376
2.74399995803833,17.14699935913086,2.477999925613404
3.6579999923706055,15.404999732971191,2.4110000133514404
3.16599988937378,12.994000434875488,2.1429998874664307
3.095000028610228,10.91800022125244,2.1429998874664307
3.095000028610228,9.51099967956543,1.875
2.74399995803833,8.77400016784668,1.5410000085830688
2.74399995803833,8.975000381469727,1.0049999952316284
2.884000062942505,8.371999740600586,1.1390000581741333
2.884000062942505,8.77400016784668,1.2059999704360962
2.6730000972747803,9.57800006866455,1.3400000333786009
2.532000064849853,12.524999618530272,1.875
1.618000030517578,6.63100004196167,1.6740000247955322
1.758999943733215,-3.4830000400543213,2.1429998874664307
1.0549999475479126,-10.649999618530272,2.2769999504089355
1.618000030517578,-14.199999809265137,2.477999925613404
1.337000012397766,-16.476999282836914,2.9470000267028813
1.89900004863739,-17.079999923706055,3.282000064849853
3.236000061035156,-16.208999633789062,2.880000114440918
2.602999925613404,-11.520999908447266,1.807999968528748
2.532000064849853,-4.822999954223633,1.1390000581741333
2.180999994277954,9.444000244140623,1.2059999704360962
2.532000064849853,12.256999969482422,1.5410000085830688
3.095000028610228,15.404999732971191,2.1429998874664307
3.5169999599456787,17.214000701904293,2.746000051498413
3.799000024795532,17.415000915527347,3.013999938964844
3.799000024795532,15.338000297546388,2.477999925613404
4.150000095367432,12.592000007629396,1.9420000314712524
4.290999889373778,10.381999969482422,1.4739999771118164
4.290999889373778,8.975000381469727,1.2730000019073486
4.079999923706056,8.038000106811522,1.1390000581741333
3.3059999942779537,7.568999767303468,1.0720000267028809
3.799000024795532,7.434999942779541,1.0049999952316284
3.4470000267028813,7.636000156402588,1.0720000267028809
3.588000059127808,8.371999740600586,1.0720000267028809
3.3059999942779537,11.720999717712402,1.4739999771118164
3.588000059127808,6.764999866485598,1.4739999771118164
4.079999923706056,-3.3489999771118164,1.2059999704360962
4.923999786376953,-11.119000434875488,1.6740000247955322
5.697999954223633,-13.663999557495115,2.075999975204468
4.994999885559082,-16.476999282836914,2.746000051498413
4.994999885559082,-17.482000350952152,2.5450000762939453
5.76800012588501,-15.739999771118164,2.1429998874664307
6.190999984741211,-10.04699993133545,1.2059999704360962
6.330999851226808,-2.880000114440918,0.6029999852180481
6.050000190734862,7.903999805450439,0.8709999918937683
6.61299991607666,10.91800022125244,1.2730000019073486
6.050000190734862,13.730999946594238,1.6740000247955322
5.697999954223633,15.404999732971191,2.1429998874664307
6.119999885559082,15.739999771118164,2.4110000133514404
6.050000190734862,13.932000160217283,2.1429998874664307
6.4720001220703125,11.253000259399414,1.6740000247955322
6.401999950408936,9.109000205993652,1.2730000019073486
6.4720001220703125,7.769999980926514,1.1390000581741333
5.557000160217285,6.966000080108643,0.9380000233650208
6.401999950408936,6.697999954223633,0.9380000233650208
6.261000156402588,6.63100004196167,0.9380000233650208
5.557000160217285,6.63100004196167,0.8709999918937683
5.627999782562256,7.368000030517577,0.9380000233650208
4.923999786376953,10.717000007629396,1.2730000019073486
5.908999919891357,10.180999755859377,1.2730000019073486
6.4720001220703125,-1.9420000314712524,0.8709999918937683
6.752999782562256,-8.23900032043457,1.2730000019073486
6.964000225067139,-6.296000003814697,1.0720000267028809
6.752999782562256,-10.11400032043457,1.6740000247955322
7.668000221252441,-4.3540000915527335,0.6029999852180481
7.386000156402588,6.027999877929688,0.8709999918937683
7.456999778747559,6.89900016784668,0.8709999918937683
7.456999778747559,9.645000457763672,1.2059999704360962
7.456999778747559,12.256999969482422,1.5410000085830688
6.401999950408936,12.524999618530272,1.5410000085830688
7.105000019073486,14.803000450134276,2.2100000381469727
7.315999984741211,14.803000450134276,2.009000062942505
7.315999984741211,14.199999809265137,2.2100000381469727
7.175000190734862,12.524999618530272,1.807999968528748
6.683000087738037,10.515999794006348,1.4739999771118164
7.386000156402588,8.572999954223633,1.1390000581741333
5.908999919891357,7.099999904632568,0.9380000233650208
3.799000024795532,6.564000129699707,0.9380000233650208
3.7279999256134033,6.2290000915527335,0.7369999885559082
3.236000061035156,6.027999877929688,0.8040000200271606
3.588000059127808,6.2290000915527335,0.9380000233650208
3.4470000267028813,6.831999778747559,0.8040000200271606
3.236000061035156,10.449000358581545,1.2059999704360962
2.884000062942505,13.26200008392334,1.807999968528748
2.884000062942505,11.31999969482422,1.406999945640564
2.884000062942505,10.3149995803833,1.3400000333786009
2.813999891281128,11.052000045776367,1.4739999771118164
2.813999891281128,9.645000457763672,1.2059999704360962
3.095000028610228,10.85099983215332,1.406999945640564
3.095000028610228,11.654999732971191,1.5410000085830688
3.16599988937378,13.395999908447266,1.807999968528748
3.6579999923706055,14.065999984741213,2.2100000381469727
3.236000061035156,14.668999671936035,2.2769999504089355
2.602999925613404,15.87399959564209,2.344000101089477
2.532000064849853,17.615999221801758,2.746000051498413
3.025000095367432,18.084999084472656,2.9470000267028813
3.236000061035156,17.615999221801758,2.746000051498413
3.4470000267028813,16.275999069213867,2.477999925613404
3.3059999942779537,14.401000022888184,2.1429998874664307
3.025000095367432,12.659000396728516,1.741000056266785
3.4470000267028813,10.11400032043457,1.1390000581741333
3.3059999942779537,8.706999778747559,1.0720000267028809
3.6579999923706055,8.104999542236326,1.0049999952316284
3.4470000267028813,7.836999893188477,1.0049999952316284
3.3059999942779537,7.97100019454956,0.9380000233650208
3.799000024795532,8.840999603271484,1.0049999952316284
4.150000095367432,10.91800022125244,1.1390000581741333
3.095000028610228,12.72599983215332,1.4739999771118164
3.5169999599456787,10.449000358581545,1.2730000019073486
3.377000093460083,7.166999816894531,1.0720000267028809
4.432000160217285,9.175999641418455,1.2059999704360962
5.135000228881836,4.554999828338623,1.0049999952316284
5.416999816894531,4.019000053405762,1.0049999952316284
5.697999954223633,5.492000102996826,1.0049999952316284
5.697999954223633,6.2290000915527335,0.9380000233650208
5.557000160217285,8.371999740600586,1.0049999952316284
5.205999851226807,10.717000007629396,1.2730000019073486
5.416999816894531,13.32900047302246,1.6080000400543213
5.135000228881836,15.807000160217283,2.2100000381469727
4.923999786376953,16.343000411987305,2.2769999504089355
4.994999885559082,15.739999771118164,2.1429998874664307
4.923999786376953,14.53499984741211,2.009000062942505
5.135000228881836,12.324000358581545,1.5410000085830688
4.572999954223633,10.248000144958496,1.2730000019073486
4.010000228881837,8.371999740600586,1.0049999952316284
4.150000095367432,7.501999855041504,1.0049999952316284
4.994999885559082,6.966000080108643,0.8040000200271606
4.361999988555908,6.831999778747559,0.8040000200271606
4.2210001945495605,6.89900016784668,0.8040000200271606
3.377000093460083,7.434999942779541,0.8709999918937683
2.039999961853028,11.588000297546388,1.2730000019073486
2.250999927520752,13.663999557495115,1.6740000247955322
1.8289999961853027,1.5410000085830688,0.6700000166893005
2.180999994277954,-10.180999755859377,1.2730000019073486
2.9549999237060547,-15.003999710083008,1.807999968528748
2.884000062942505,-17.01300048828125,2.4110000133514404
3.377000093460083,-17.079999923706055,2.1429998874664307
4.290999889373778,-13.932000160217283,1.807999968528748
4.2210001945495605,-8.706999778747559,1.2059999704360962
4.150000095367432,-3.1480000019073486,0.5360000133514404
3.236000061035156,4.554999828338623,0.5360000133514404
2.74399995803833,10.515999794006348,1.2059999704360962
2.602999925613404,14.065999984741213,1.6740000247955322
2.602999925613404,15.404999732971191,2.1429998874664307
2.532000064849853,15.06999969482422,2.1429998874664307
2.461999893188477,13.597000122070312,1.9420000314712524
2.3919999599456787,11.720999717712402,1.4739999771118164
2.1099998950958248,9.979999542236328,1.3400000333786009
2.180999994277954,8.171999931335451,1.0049999952316284
2.250999927520752,7.301000118255615,0.8040000200271606
2.532000064849853,6.564000129699707,0.7369999885559082
3.095000028610228,6.429999828338622,0.7369999885559082
3.799000024795532,6.36299991607666,0.7369999885559082
2.250999927520752,6.89900016784668,0.7369999885559082
4.150000095367432,9.444000244140623,1.0049999952316284
4.290999889373778,12.859999656677244,1.4739999771118164
4.8540000915527335,10.85099983215332,1.2059999704360962
5.065000057220459,7.434999942779541,0.8709999918937683
4.994999885559082,8.572999954223633,0.9380000233650208
4.64300012588501,8.840999603271484,1.0720000267028809
4.501999855041504,9.51099967956543,1.1390000581741333
2.74399995803833,11.98900032043457,1.406999945640564
2.3919999599456787,12.659000396728516,1.807999968528748
3.025000095367432,11.98900032043457,1.6080000400543213
1.5479999780654907,13.395999908447266,1.741000056266785
2.039999961853028,15.538999557495115,2.2769999504089355
2.6730000972747803,16.945999145507812,2.5450000762939453
2.602999925613404,17.214000701904293,2.746000051498413
2.250999927520752,15.940999984741213,2.2100000381469727
2.039999961853028,14.199999809265137,2.075999975204468
1.337000012397766,11.98900032043457,1.6080000400543213
2.039999961853028,9.913000106811523,1.2730000019073486
2.321000099182129,8.505999565124513,1.0720000267028809
2.9549999237060547,7.703000068664551,1.0049999952316284
3.7279999256134033,7.234000205993652,0.9380000233650208
3.236000061035156,6.966000080108643,0.8709999918937683
2.9549999237060547,6.966000080108643,0.8040000200271606
3.095000028610228,7.234000205993652,0.8040000200271606
2.3919999599456787,9.444000244140623,1.0049999952316284
2.3919999599456787,12.592000007629396,1.4739999771118164
1.5479999780654907,12.524999618530272,1.5410000085830688
0.5630000233650208,10.04699993133545,1.2059999704360962
0.7739999890327454,9.913000106811523,1.2059999704360962
2.3919999599456787,11.253000259399414,1.5410000085830688
2.1099998950958248,11.119000434875488,1.4739999771118164
2.9549999237060547,10.3149995803833,1.406999945640564
2.9549999237060547,11.588000297546388,1.5410000085830688
2.884000062942505,12.927000045776367,1.807999968528748
3.025000095367432,13.730999946594238,1.807999968528748
3.025000095367432,14.468000411987305,2.075999975204468
3.5169999599456787,17.079999923706055,2.5450000762939453
3.3059999942779537,17.347999572753903,2.812999963760376
3.6579999923706055,16.544000625610348,2.477999925613404
3.4470000267028813,14.937000274658203,2.2769999504089355
3.7279999256134033,12.859999656677244,1.875
3.799000024795532,10.3149995803833,1.3400000333786009
4.079999923706056,8.572999954223633,1.1390000581741333
3.4470000267028813,7.636000156402588,0.9380000233650208
3.6579999923706055,7.368000030517577,1.0049999952316284
3.236000061035156,6.764999866485598,0.7369999885559082
3.5169999599456787,6.697999954223633,0.7369999885559082
2.813999891281128,7.166999816894531,0.8709999918937683
2.461999893188477,9.444000244140623,1.1390000581741333
2.6730000972747803,12.994000434875488,1.807999968528748
2.6730000972747803,11.98900032043457,1.6080000400543213
1.9700000286102293,10.649999618530272,1.406999945640564
0.703000009059906,11.45400047302246,1.5410000085830688
0.0,10.515999794006348,1.4739999771118164
0.0,11.119000434875488,1.6080000400543213
0.0,11.185999870300291,1.6080000400543213
0.6330000162124634,12.055999755859377,1.6740000247955322
0.0,13.99899959564209,2.1429998874664307
0.0,14.333999633789062,2.009000062942505
0.0,15.270999908447266,2.2100000381469727
0.0,17.548999786376953,2.812999963760376
0.0,18.285999298095703,3.0810000896453857
1.89900004863739,17.415000915527347,2.746000051498413
2.180999994277954,15.807000160217283,2.477999925613404
2.321000099182129,13.932000160217283,2.2100000381469727
2.532000064849853,11.520999908447266,1.807999968528748
2.461999893188477,9.711999893188477,1.3400000333786009
2.813999891281128,8.706999778747559,1.1390000581741333
2.461999893188477,8.305999755859375,1.1390000581741333
2.602999925613404,7.836999893188477,0.9380000233650208
2.532000064849853,7.903999805450439,0.7369999885559082
2.461999893188477,8.371999740600586,0.8040000200271606
2.6730000972747803,10.984999656677246,1.1390000581741333
2.813999891281128,12.859999656677244,1.6080000400543213
2.74399995803833,9.041999816894531,1.1390000581741333
2.74399995803833,7.903999805450439,1.0049999952316284
2.884000062942505,6.966000080108643,1.0049999952316284
2.602999925613404,8.640000343322754,1.3400000333786009
2.74399995803833,11.185999870300291,1.6080000400543213
2.532000064849853,11.45400047302246,1.4739999771118164
2.9549999237060547,11.520999908447266,1.6740000247955322
2.884000062942505,12.055999755859377,1.807999968528748
3.16599988937378,12.458000183105469,1.807999968528748
3.236000061035156,13.26200008392334,1.875
3.86899995803833,15.87399959564209,2.2769999504089355
4.2210001945495605,16.745000839233402,2.5450000762939453
5.3460001945495605,17.281000137329098,2.812999963760376
5.3460001945495605,15.538999557495115,2.2769999504089355
5.205999851226807,13.060999870300291,1.875
5.205999851226807,10.717000007629396,1.406999945640564
5.486999988555908,9.109000205993652,1.2059999704360962
5.205999851226807,8.23900032043457,1.0720000267028809
4.8540000915527335,7.636000156402588,0.9380000233650208
4.923999786376953,7.368000030517577,0.8040000200271606
4.994999885559082,7.368000030517577,0.8040000200271606
4.7839999198913565,7.568999767303468,0.8709999918937683
4.7839999198913565,10.11400032043457,1.0049999952316284
5.205999851226807,9.57800006866455,1.2730000019073486
5.276000022888184,4.956999778747559,0.9380000233650208
4.64300012588501,-5.357999801635742,1.2730000019073486
5.3460001945495605,-2.1429998874664307,1.0720000267028809
4.923999786376953,-11.052000045776367,1.5410000085830688
4.361999988555908,-11.720999717712402,1.875
5.557000160217285,-15.404999732971191,2.2769999504089355
4.7839999198913565,-7.368000030517577,1.2730000019073486
4.432000160217285,2.2100000381469727,0.9380000233650208
4.432000160217285,5.090000152587892,1.0049999952316284
5.557000160217285,10.583000183105469,1.406999945640564
4.64300012588501,13.463000297546388,1.6740000247955322
4.8540000915527335,14.869999885559082,1.9420000314712524
5.416999816894531,14.53499984741211,1.875
5.276000022888184,13.060999870300291,1.5410000085830688
5.697999954223633,11.31999969482422,1.2730000019073486
5.697999954223633,9.376999855041504,1.0720000267028809
4.994999885559082,8.038000106811522,0.9380000233650208
4.994999885559082,7.099999904632568,0.9380000233650208
5.276000022888184,6.831999778747559,0.9380000233650208
4.501999855041504,6.63100004196167,0.7369999885559082
4.501999855041504,6.697999954223633,0.7369999885559082
4.2210001945495605,7.368000030517577,0.8709999918937683
3.938999891281128,10.515999794006348,1.2059999704360962
4.8540000915527335,5.760000228881836,1.0720000267028809
4.64300012588501,-5.559000015258789,1.1390000581741333
5.839000225067139,-13.19499969482422,1.741000056266785
5.76800012588501,-16.67799949645996,2.678999900817871
5.627999782562256,-18.152000427246094,2.9470000267028813
4.8540000915527335,-18.55299949645996,2.678999900817871
8.371000289916992,-17.415000915527347,2.2769999504089355
6.894000053405763,-13.19499969482422,1.6740000247955322
7.386000156402588,-6.429999828338622,0.8040000200271606
7.105000019073486,2.880000114440918,0.6700000166893005
7.73799991607666,8.77400016784668,1.0049999952316284
6.894000053405763,11.119000434875488,1.0720000267028809
6.119999885559082,12.458000183105469,1.3400000333786009
5.76800012588501,12.524999618530272,1.406999945640564
5.3460001945495605,10.91800022125244,1.2059999704360962
5.135000228881836,9.109000205993652,1.0049999952316284
5.486999988555908,7.434999942779541,0.6700000166893005
4.994999885559082,6.429999828338622,0.6700000166893005
5.065000057220459,5.827000141143799,0.5360000133514404
4.923999786376953,5.425000190734863,0.4690000116825104
4.8540000915527335,5.223999977111816,0.4690000116825104
4.8540000915527335,5.357999801635742,0.4690000116825104
5.416999816894531,5.894000053405763,0.5360000133514404
4.361999988555908,8.23900032043457,0.7369999885559082
5.135000228881836,9.444000244140623,1.2059999704360962
5.3460001945495605,6.831999778747559,0.2680000066757202
6.330999851226808,5.223999977111816,0.3350000083446503
5.205999851226807,1.6080000400543213,0.2010000050067901
4.572999954223633,3.2149999141693115,0.2010000050067901
4.361999988555908,2.344000101089477,0.2680000066757202
4.994999885559082,4.48799991607666,0.06700000166893
4.994999885559082,2.880000114440918,0.06700000166893
4.432000160217285,6.831999778747559,0.2010000050067901
4.7839999198913565,9.645000457763672,0.4690000116825104
5.9790000915527335,9.845999717712402,0.4690000116825104
5.76800012588501,11.45400047302246,0.6029999852180481
5.627999782562256,12.123000144958494,0.7369999885559082
5.486999988555908,11.788000106811523,0.6700000166893005
4.361999988555908,10.449000358581545,0.6029999852180481
4.64300012588501,8.640000343322754,0.3350000083446503
3.86899995803833,7.099999904632568,0.1340000033378601
3.86899995803833,6.027999877929688,0.0
3.3059999942779537,5.625999927520752,0.06700000166893
3.4470000267028813,5.357999801635742,0.06700000166893
3.3059999942779537,5.090000152587892,0.0
2.74399995803833,5.223999977111816,0.0
3.16599988937378,5.559000015258789,0.0
4.079999923706056,9.041999816894531,0.4690000116825104
3.6579999923706055,9.645000457763672,0.6700000166893005
2.813999891281128,3.884999990463257,0.3350000083446503
3.3059999942779537,4.889999866485597,0.6029999852180481
4.432000160217285,-0.6029999852180481,0.4690000116825104
5.205999851226807,-8.840999603271484,0.5360000133514404
4.994999885559082,-3.41599988937378,0.5360000133514404
5.276000022888184,-1.6080000400543213,0.2010000050067901
5.205999851226807,2.477999925613404,0.2680000066757202
4.8540000915527335,6.36299991607666,1.1390000581741333
5.557000160217285,9.243000030517578,1.0720000267028809
5.9790000915527335,9.444000244140623,0.4690000116825104
4.994999885559082,11.31999969482422,0.6029999852180481
5.3460001945495605,11.788000106811523,0.7369999885559082
5.205999851226807,11.588000297546388,0.3350000083446503
5.135000228881836,11.052000045776367,1.1390000581741333
4.923999786376953,8.975000381469727,1.3400000333786009
5.135000228881836,8.371999740600586,1.5410000085830688
4.64300012588501,7.301000118255615,1.0049999952316284
4.501999855041504,6.831999778747559,1.2730000019073486
4.572999954223633,6.564000129699707,1.2059999704360962
4.64300012588501,6.2290000915527335,1.1390000581741333
4.501999855041504,6.36299991607666,1.0720000267028809
4.150000095367432,6.764999866485598,0.4690000116825104
4.572999954223633,10.248000144958496,0.6700000166893005
4.7129998207092285,7.099999904632568,0.7369999885559082
5.3460001945495605,1.2059999704360962,0.6700000166893005
6.190999984741211,-9.376999855041504,1.4739999771118164
6.330999851226808,-13.730999946594238,1.6080000400543213
5.9790000915527335,-17.214000701904293,1.9420000314712524
6.752999782562256,-16.878999710083008,1.875
7.809000015258789,-15.20400047302246,1.741000056266785
8.159999847412111,-11.31999969482422,0.4690000116825104
8.230999946594237,-5.692999839782715,-0.2010000050067901
8.371000289916992,3.282000064849853,-0.5360000133514404
8.159999847412111,8.572999954223633,0.0
7.315999984741211,10.91800022125244,0.2010000050067901
6.401999950408936,11.253000259399414,0.2010000050067901
6.119999885559082,10.984999656677246,0.4020000100135803
5.76800012588501,9.243000030517578,0.4020000100135803
5.839000225067139,8.640000343322754,0.0
5.697999954223633,6.764999866485598,0.2680000066757202
5.416999816894531,6.564000129699707,-0.2010000050067901
5.76800012588501,6.2290000915527335,0.2010000050067901
5.3460001945495605,5.894000053405763,-0.1340000033378601
5.627999782562256,5.090000152587892,0.0
4.994999885559082,5.894000053405763,0.06700000166893
5.205999851226807,6.697999954223633,0.1340000033378601
5.135000228881836,9.645000457763672,0.4690000116825104
5.557000160217285,2.4110000133514404,0.0
5.135000228881836,0.1340000033378601,-0.06700000166893
5.3460001945495605,-10.381999969482422,0.3350000083446503
5.3460001945495605,-16.075000762939453,1.875
6.330999851226808,-11.98900032043457,1.1390000581741333
7.456999778747559,-2.477999925613404,-0.4020000100135803
7.245999813079834,6.497000217437744,0.6029999852180481
7.315999984741211,5.0229997634887695,0.0
7.668000221252441,6.2290000915527335,-0.3350000083446503
7.315999984741211,9.041999816894531,-0.3350000083446503
5.697999954223633,9.109000205993652,-0.06700000166893
4.8540000915527335,10.583000183105469,0.06700000166893
3.16599988937378,10.248000144958496,0.06700000166893
1.8289999961853027,9.779000282287598,0.2010000050067901
1.4769999980926514,8.640000343322754,0.06700000166893
2.3919999599456787,7.568999767303468,0.6700000166893005
2.3919999599456787,7.368000030517577,0.06700000166893
2.884000062942505,7.099999904632568,0.0
3.588000059127808,6.09499979019165,0.06700000166893
3.377000093460083,5.827000141143799,0.4020000100135803
2.74399995803833,5.760000228881836,0.4020000100135803
3.16599988937378,6.764999866485598,0.5360000133514404
3.095000028610228,6.429999828338622,-0.2010000050067901
3.025000095367432,9.444000244140623,0.1340000033378601
2.1099998950958248,10.3149995803833,1.1390000581741333
1.2660000324249268,8.305999755859375,0.4690000116825104
2.039999961853028,8.706999778747559,1.0049999952316284
1.9700000286102293,8.305999755859375,1.2059999704360962
2.74399995803833,1.406999945640564,0.2680000066757202
3.025000095367432,6.564000129699707,0.4690000116825104
3.025000095367432,-14.53499984741211,1.6080000400543213
3.86899995803833,-7.636000156402588,1.0049999952316284
4.501999855041504,-1.2059999704360962,0.4690000116825104
5.205999851226807,4.019000053405762,0.6700000166893005
5.839000225067139,8.640000343322754,0.8040000200271606
5.76800012588501,10.449000358581545,1.0049999952316284
5.276000022888184,10.449000358581545,0.9380000233650208
4.994999885559082,9.57800006866455,0.06700000166893
5.697999954223633,8.907999992370605,0.4690000116825104
5.9790000915527335,7.636000156402588,0.2010000050067901
5.486999988555908,7.368000030517577,0.6700000166893005
5.3460001945495605,7.166999816894531,0.5360000133514404
5.627999782562256,6.966000080108643,0.9380000233650208
5.76800012588501,6.429999828338622,0.8709999918937683
4.923999786376953,4.956999778747559,0.6029999852180481
5.697999954223633,5.1570000648498535,0.6029999852180481
5.839000225067139,5.827000141143799,-0.06700000166893
4.150000095367432,8.305999755859375,1.1390000581741333
4.361999988555908,4.2199997901916495,0.7369999885559082
4.572999954223633,-1.6740000247955322,1.1390000581741333
4.432000160217285,-3.0810000896453857,1.741000056266785
4.572999954223633,-7.234000205993652,2.009000062942505
4.2210001945495605,-1.807999968528748,1.4739999771118164
3.5169999599456787,4.0859999656677255,1.0720000267028809
3.236000061035156,5.960999965667725,1.406999945640564
3.095000028610228,9.041999816894531,1.875
2.884000062942505,11.052000045776367,2.075999975204468
2.602999925613404,12.524999618530272,1.875
2.9549999237060547,12.1899995803833,0.4690000116825104
2.461999893188477,13.529999732971191,0.8709999918937683
2.74399995803833,12.994000434875488,0.7369999885559082
2.1099998950958248,12.592000007629396,0.8040000200271606
2.321000099182129,11.31999969482422,1.5410000085830688
2.6730000972747803,10.649999618530272,1.406999945640564
2.180999994277954,9.979999542236328,1.2059999704360962
0.0,9.645000457763672,1.6080000400543213
0.843999981880188,8.706999778747559,1.1390000581741333
-0.492000013589859,9.243000030517578,1.6740000247955322
0.9850000143051147,7.501999855041504,0.7369999885559082
2.039999961853028,8.038000106811522,0.9380000233650208
2.039999961853028,8.77400016784668,1.0049999952316284
1.687999963760376,11.98900032043457,1.3400000333786009
1.758999943733215,11.45400047302246,1.6080000400543213
1.89900004863739,5.960999965667725,0.06700000166893
2.321000099182129,5.090000152587892,1.0720000267028809
2.321000099182129,6.027999877929688,0.4020000100135803
2.884000062942505,6.296000003814697,0.3350000083446503
3.16599988937378,4.152999877929688,0.8040000200271606
3.16599988937378,4.2199997901916495,0.8040000200271606
3.236000061035156,5.894000053405763,0.8709999918937683
3.7279999256134033,5.692999839782715,0.6029999852180481
3.6579999923706055,8.572999954223633,0.5360000133514404
4.150000095367432,9.779000282287598,0.6029999852180481
4.361999988555908,10.583000183105469,0.4020000100135803
4.150000095367432,10.649999618530272,0.5360000133514404
4.150000095367432,10.515999794006348,-0.4020000100135803
4.501999855041504,11.720999717712402,1.6080000400543213
4.079999923706056,10.04699993133545,0.7369999885559082
1.1959999799728394,10.649999618530272,1.9420000314712524
1.4769999980926514,8.907999992370605,1.406999945640564
3.5169999599456787,9.376999855041504,1.406999945640564
4.923999786376953,9.3100004196167,1.875
5.065000057220459,7.903999805450439,1.875
4.994999885559082,8.171999931335451,1.5410000085830688
4.2210001945495605,8.505999565124513,0.6700000166893005
4.432000160217285,11.98900032043457,1.6740000247955322
4.64300012588501,9.376999855041504,1.6740000247955322
5.205999851226807,6.09499979019165,1.3400000333786009
5.697999954223633,2.477999925613404,1.4739999771118164
6.823999881744385,-3.41599988937378,1.9420000314712524
6.964000225067139,-3.0810000896453857,0.8040000200271606
7.597000122070312,-7.636000156402588,2.009000062942505
8.020000457763674,-11.92199993133545,2.678999900817871
7.668000221252441,-2.344000101089477,1.0720000267028809
7.526999950408935,-0.1340000033378601,-0.06700000166893
7.456999778747559,5.894000053405763,0.3350000083446503
6.964000225067139,8.104999542236326,0.5360000133514404
6.330999851226808,10.381999969482422,0.5360000133514404
6.330999851226808,9.175999641418455,0.1340000033378601
6.190999984741211,8.505999565124513,-0.2680000066757202
5.76800012588501,7.501999855041504,0.4020000100135803
5.486999988555908,6.764999866485598,0.4690000116825104
5.908999919891357,8.706999778747559,0.06700000166893
5.76800012588501,9.57800006866455,0.7369999885559082
5.065000057220459,8.640000343322754,0.3350000083446503
5.135000228881836,7.501999855041504,-0.2010000050067901
5.135000228881836,8.104999542236326,0.06700000166893
5.065000057220459,7.568999767303468,-0.1340000033378601
4.7839999198913565,8.505999565124513,-0.06700000166893
5.065000057220459,11.654999732971191,1.0049999952316284
5.627999782562256,4.0859999656677255,1.2059999704360962
6.4720001220703125,-3.013999938964844,1.2059999704360962
8.090000152587889,-7.703000068664551,1.2059999704360962
9.145000457763672,-11.38700008392334,1.2059999704360962
9.708000183105469,-14.736000061035154,1.807999968528748
9.496999740600586,0.0,0.7369999885559082
8.722999572753906,2.5450000762939453,0.9380000233650208
7.879000186920166,-2.009000062942505,0.8040000200271606
7.456999778747559,4.0859999656677255,0.4020000100135803
6.61299991607666,8.907999992370605,0.5360000133514404
5.205999851226807,9.109000205993652,0.4020000100135803
4.501999855041504,9.979999542236328,0.4690000116825104
1.5479999780654907,8.305999755859375,0.1340000033378601
0.0,7.368000030517577,-0.9380000233650208
3.588000059127808,9.3100004196167,1.0720000267028809
1.337000012397766,9.376999855041504,0.9380000233650208
0.7739999890327454,9.109000205993652,1.2059999704360962
0.0,9.845999717712402,1.4739999771118164
1.9700000286102293,9.845999717712402,1.741000056266785
2.250999927520752,9.913000106811523,1.807999968528748
1.406999945640564,8.975000381469727,0.8040000200271606
1.337000012397766,9.3100004196167,1.2059999704360962
2.321000099182129,8.77400016784668,0.2010000050067901
2.532000064849853,11.119000434875488,1.2059999704360962
1.89900004863739,12.72599983215332,2.477999925613404
1.9700000286102293,10.515999794006348,1.9420000314712524
2.884000062942505,9.3100004196167,1.741000056266785
3.588000059127808,4.554999828338623,0.9380000233650208
3.7279999256134033,-16.343000411987305,3.884999990463257
3.938999891281128,-18.285999298095703,3.617000102996826
5.205999851226807,-15.739999771118164,4.019000053405762
4.8540000915527335,-11.98900032043457,2.611999988555908
4.501999855041504,3.013999938964844,1.3400000333786009
4.290999889373778,7.903999805450439,1.0049999952316284
4.923999786376953,8.840999603271484,1.1390000581741333
4.7129998207092285,9.845999717712402,0.7369999885559082
3.588000059127808,9.51099967956543,0.8040000200271606
3.377000093460083,8.171999931335451,0.4690000116825104
3.3059999942779537,7.836999893188477,0.8709999918937683
3.025000095367432,9.979999542236328,1.2730000019073486
3.025000095367432,11.38700008392334,2.2100000381469727
2.6730000972747803,11.45400047302246,1.807999968528748
2.3919999599456787,11.45400047302246,2.1429998874664307
1.89900004863739,10.04699993133545,1.6080000400543213
2.1099998950958248,10.180999755859377,1.807999968528748
1.9700000286102293,10.04699993133545,1.2059999704360962
2.461999893188477,10.248000144958496,0.6700000166893005
1.9700000286102293,12.256999969482422,1.5410000085830688
1.406999945640564,3.818000078201294,1.1390000581741333
1.406999945640564,-7.434999942779541,1.875
2.180999994277954,-8.77400016784668,1.9420000314712524
1.8289999961853027,-5.0229997634887695,1.4739999771118164
2.250999927520752,-1.4739999771118164,0.2010000050067901
2.321000099182129,0.6029999852180481,2.1429998874664307
2.532000064849853,4.421000003814697,2.2100000381469727
3.025000095367432,4.0859999656677255,2.075999975204468
2.9549999237060547,8.171999931335451,0.3350000083446503
2.884000062942505,10.3149995803833,0.2010000050067901
2.813999891281128,9.041999816894531,0.2680000066757202
2.1099998950958248,9.979999542236328,0.3350000083446503
1.8289999961853027,9.175999641418455,0.2010000050067901
1.4769999980926514,8.371999740600586,0.4020000100135803
1.758999943733215,8.305999755859375,0.7369999885559082
1.8289999961853027,9.243000030517578,1.6740000247955322
1.9700000286102293,12.659000396728516,3.0810000896453857
1.89900004863739,13.463000297546388,3.013999938964844
0.7739999890327454,12.72599983215332,2.344000101089477
-0.843999981880188,10.180999755859377,1.807999968528748
-0.6330000162124634,12.524999618530272,2.2100000381469727
-0.915000021457672,11.854999542236328,1.9420000314712524
0.0,10.649999618530272,1.6080000400543213
-0.492000013589859,12.592000007629396,1.1390000581741333
-0.7739999890327454,13.128000259399414,2.075999975204468
-0.5630000233650208,11.92199993133545,2.2769999504089355
0.0,12.324000358581545,2.812999963760376
1.1959999799728394,13.79800033569336,3.282000064849853
0.0,10.649999618530272,4.0859999656677255
0.6330000162124634,8.840999603271484,1.9420000314712524
1.8289999961853027,10.583000183105469,3.1480000019073486
1.5479999780654907,8.439000129699707,2.2769999504089355
1.8289999961853027,10.449000358581545,2.2769999504089355
1.687999963760376,12.390999794006348,2.812999963760376
2.1099998950958248,10.784000396728516,2.812999963760376
1.8289999961853027,11.588000297546388,2.746000051498413
2.180999994277954,9.779000282287598,1.875
2.180999994277954,8.640000343322754,1.6740000247955322
2.039999961853028,8.640000343322754,2.2100000381469727
2.74399995803833,7.501999855041504,1.3400000333786009
2.6730000972747803,10.515999794006348,3.2149999141693115
2.532000064849853,12.324000358581545,3.2149999141693115
2.74399995803833,11.38700008392334,3.617000102996826
4.2210001945495605,11.854999542236328,2.5450000762939453
3.799000024795532,11.119000434875488,3.41599988937378
4.150000095367432,11.052000045776367,2.2769999504089355
2.884000062942505,11.38700008392334,2.5450000762939453
4.010000228881837,13.529999732971191,3.1480000019073486
3.377000093460083,10.449000358581545,3.884999990463257
3.377000093460083,-6.63100004196167,3.6840000152587886
3.6579999923706055,1.875,3.0810000896453857
4.150000095367432,-12.79300022125244,4.3540000915527335
4.501999855041504,-13.395999908447266,3.1480000019073486
4.8540000915527335,3.884999990463257,2.2769999504089355
5.416999816894531,-1.6080000400543213,2.746000051498413
4.572999954223633,3.617000102996826,2.678999900817871
4.572999954223633,1.1390000581741333,1.741000056266785
4.501999855041504,9.51099967956543,2.2769999504089355
4.7129998207092285,8.038000106811522,1.6740000247955322
4.7129998207092285,9.645000457763672,1.6740000247955322
4.7129998207092285,10.04699993133545,2.009000062942505
5.065000057220459,10.85099983215332,3.41599988937378
4.7129998207092285,10.91800022125244,3.41599988937378
4.64300012588501,10.91800022125244,3.617000102996826
4.501999855041504,12.927000045776367,3.4830000400543213
5.205999851226807,12.72599983215332,4.421000003814697
4.923999786376953,11.98900032043457,4.3540000915527335
5.276000022888184,11.119000434875488,3.750999927520752
4.150000095367432,10.91800022125244,3.818000078201294
4.150000095367432,10.649999618530272,3.2149999141693115
3.799000024795532,11.92199993133545,4.152999877929688
4.010000228881837,13.663999557495115,3.884999990463257
4.64300012588501,6.497000217437744,4.019000053405762
4.079999923706056,-3.0810000896453857,3.750999927520752
5.697999954223633,-8.171999931335451,3.6840000152587886
5.697999954223633,-11.052000045776367,8.23900032043457
5.205999851226807,-18.084999084472656,7.636000156402588
5.486999988555908,-18.01799964904785,4.0859999656677255
6.61299991607666,-15.270999908447266,3.2149999141693115
6.964000225067139,-11.588000297546388,2.880000114440918
6.964000225067139,-5.625999927520752,1.9420000314712524
7.0349998474121085,4.421000003814697,1.807999968528748
6.61299991607666,9.645000457763672,1.6740000247955322
5.697999954223633,9.57800006866455,1.2730000019073486
5.486999988555908,10.984999656677246,2.812999963760376
5.135000228881836,11.588000297546388,2.880000114440918
5.3460001945495605,11.588000297546388,3.6840000152587886
4.7839999198913565,12.592000007629396,3.884999990463257
4.8540000915527335,12.458000183105469,3.750999927520752
5.065000057220459,12.123000144958494,4.48799991607666
4.64300012588501,11.720999717712402,3.0810000896453857
4.7839999198913565,12.390999794006348,3.750999927520752
4.64300012588501,11.720999717712402,3.549999952316284
4.501999855041504,10.984999656677246,3.0810000896453857
4.432000160217285,11.588000297546388,2.075999975204468
4.572999954223633,12.659000396728516,2.5450000762939453
5.276000022888184,3.95199990272522,2.9470000267028813
5.557000160217285,-6.09499979019165,1.406999945640564
6.964000225067139,-12.458000183105469,3.549999952316284
6.4720001220703125,-14.869999885559082,3.6840000152587886
6.541999816894531,-17.683000564575195,3.3489999771118164
7.245999813079834,-18.01799964904785,4.152999877929688
9.355999946594238,-16.67799949645996,3.617000102996826
8.51200008392334,-11.38700008392334,3.1480000019073486
9.355999946594238,-4.554999828338623,1.875
9.708000183105469,2.678999900817871,1.1390000581741333
8.86400032043457,8.171999931335451,1.741000056266785
8.020000457763674,9.175999641418455,1.4739999771118164
7.0349998474121085,9.109000205993652,1.5410000085830688
6.823999881744385,9.243000030517578,1.6080000400543213
6.61299991607666,11.185999870300291,2.812999963760376
6.401999950408936,14.937000274658203,4.822999954223633
6.683000087738037,16.007999420166016,6.429999828338622
6.823999881744385,17.01300048828125,5.692999839782715
6.894000053405763,14.199999809265137,4.019000053405762
6.894000053405763,14.401000022888184,4.152999877929688
6.330999851226808,13.864999771118164,3.6840000152587886
6.330999851226808,13.864999771118164,4.287000179290772
6.61299991607666,15.605999946594238,4.287000179290772
5.627999782562256,16.142000198364258,4.75600004196167
5.839000225067139,3.282000064849853,3.750999927520752
5.697999954223633,-5.894000053405763,3.282000064849853
7.0349998474121085,-11.38700008392334,4.3540000915527335
6.683000087738037,-14.53499984741211,3.549999952316284
7.73799991607666,-17.816999435424805,3.0810000896453857
8.300999641418457,-14.60200023651123,2.678999900817871
10.340999603271484,-14.133000373840332,4.0859999656677255
9.918999671936035,-8.439000129699707,3.013999938964844
9.708000183105469,2.009000062942505,1.6080000400543213
9.708000183105469,4.889999866485597,1.1390000581741333
8.934000015258789,7.636000156402588,1.0720000267028809
8.51200008392334,8.907999992370605,1.0720000267028809
8.371000289916992,8.171999931335451,0.8040000200271606
7.879000186920166,9.376999855041504,2.009000062942505
7.526999950408935,10.381999969482422,3.95199990272522
7.668000221252441,14.199999809265137,5.1570000648498535
8.020000457763674,13.79800033569336,6.027999877929688
7.948999881744385,13.19499969482422,5.692999839782715
7.597000122070312,13.663999557495115,5.425000190734863
7.668000221252441,12.927000045776367,4.889999866485597
7.948999881744385,13.32900047302246,5.960999965667725
8.159999847412111,12.592000007629396,4.889999866485597
7.668000221252441,12.592000007629396,3.2149999141693115
7.456999778747559,14.401000022888184,4.48799991607666
8.020000457763674,3.013999938964844,3.1480000019073486
8.300999641418457,-6.764999866485598,1.807999968528748
8.86400032043457,-11.98900032043457,3.0810000896453857
8.722999572753906,-14.401000022888184,3.013999938964844
9.003999710083008,-17.884000778198242,3.0810000896453857
9.355999946594238,-15.338000297546388,5.559000015258789
10.552000045776367,-13.932000160217283,2.880000114440918
10.130000114440918,-9.845999717712402,2.2769999504089355
10.482000350952148,-5.492000102996826,1.1390000581741333
11.1850004196167,1.0049999952316284,0.4020000100135803
10.973999977111816,7.368000030517577,-0.2010000050067901
9.918999671936035,8.640000343322754,0.0
9.848999977111816,8.439000129699707,0.0
9.425999641418455,7.368000030517577,0.2010000050067901
9.28600025177002,9.779000282287598,2.1429998874664307
9.21500015258789,15.472000122070312,4.287000179290772
9.003999710083008,15.739999771118164,5.425000190734863
8.722999572753906,15.807000160217283,5.760000228881836
8.86400032043457,13.395999908447266,4.622000217437744
8.793000221252441,14.199999809265137,5.090000152587892
8.722999572753906,13.597000122070312,5.357999801635742
8.722999572753906,15.807000160217283,5.760000228881836
8.581999778747559,15.739999771118164,4.956999778747559
8.230999946594237,13.597000122070312,3.6840000152587886
8.159999847412111,1.6740000247955322,2.880000114440918
9.28600025177002,-7.0329999923706055,1.741000056266785
10.973999977111816,-10.91800022125244,3.282000064849853
10.833000183105469,-13.597000122070312,3.617000102996826
10.904000282287598,-17.482000350952152,2.2769999504089355
11.607000350952148,-16.745000839233402,3.1480000019073486
12.661999702453612,-13.932000160217283,3.013999938964844
11.748000144958494,-9.57800006866455,2.1429998874664307
11.326000213623049,-3.6840000152587886,1.2730000019073486
11.536999702453612,5.1570000648498535,1.406999945640564
12.310999870300291,7.636000156402588,1.0720000267028809
11.888999938964846,8.975000381469727,1.406999945640564
11.326000213623049,7.703000068664551,1.0720000267028809
11.043999671936035,9.041999816894531,1.875
10.904000282287598,10.784000396728516,3.6840000152587886
10.621999740600586,13.529999732971191,4.0859999656677255
10.621999740600586,15.605999946594238,5.625999927520752
10.482000350952148,15.20400047302246,5.492000102996826
10.692999839782717,15.20400047302246,5.760000228881836
10.762999534606934,14.401000022888184,4.75600004196167
10.762999534606934,13.79800033569336,5.492000102996826
9.98900032043457,12.524999618530272,3.282000064849853
10.621999740600586,9.376999855041504,2.477999925613404
10.199999809265137,14.60200023651123,4.0859999656677255
10.482000350952148,10.515999794006348,4.019000053405762
10.833000183105469,7.703000068664551,3.1480000019073486
10.762999534606934,4.421000003814697,2.9470000267028813
10.762999534606934,3.282000064849853,2.746000051498413
10.833000183105469,-0.1340000033378601,1.1390000581741333
9.496999740600586,-0.2680000066757202,2.611999988555908
10.621999740600586,-3.0810000896453857,2.344000101089477
10.692999839782717,-0.2010000050067901,1.807999968528748
10.762999534606934,0.0,1.1390000581741333
10.199999809265137,6.027999877929688,1.2730000019073486
10.482000350952148,6.89900016784668,0.6029999852180481
9.777999877929688,8.305999755859375,1.0720000267028809
9.637999534606934,7.703000068664551,0.9380000233650208
9.496999740600586,9.444000244140623,1.741000056266785
9.56700038909912,11.052000045776367,3.884999990463257
9.425999641418455,10.248000144958496,3.617000102996826
9.708000183105469,12.859999656677244,4.75600004196167
9.708000183105469,14.668999671936035,5.090000152587892
9.56700038909912,14.937000274658203,5.357999801635742
9.496999740600586,14.333999633789062,5.0229997634887695
9.637999534606934,15.20400047302246,5.492000102996826
9.777999877929688,13.463000297546388,4.019000053405762
9.918999671936035,14.199999809265137,3.750999927520752
9.637999534606934,14.668999671936035,3.6840000152587886
10.130000114440918,8.305999755859375,3.3489999771118164
10.130000114440918,1.6080000400543213,1.6080000400543213
9.918999671936035,-2.2100000381469727,2.880000114440918
9.708000183105469,-5.625999927520752,2.5450000762939453
10.621999740600586,-10.381999969482422,1.875
10.833000183105469,-15.20400047302246,3.1480000019073486
10.904000282287598,-13.060999870300291,2.5450000762939453
10.833000183105469,-6.89900016784668,1.9420000314712524
11.678000450134276,-3.6840000152587886,1.6740000247955322
11.888999938964846,4.622000217437744,1.6740000247955322
11.607000350952148,6.966000080108643,1.3400000333786009
7.668000221252441,8.23900032043457,1.2059999704360962
2.321000099182129,4.956999778747559,0.4690000116825104
0.9850000143051147,5.760000228881836,0.6029999852180481
2.884000062942505,10.11400032043457,3.6840000152587886
1.687999963760376,13.32900047302246,5.090000152587892
2.74399995803833,13.730999946594238,5.1570000648498535
2.250999927520752,14.668999671936035,4.889999866485597
1.8289999961853027,15.20400047302246,6.027999877929688
2.602999925613404,12.055999755859377,3.750999927520752
3.377000093460083,13.79800033569336,5.492000102996826
3.16599988937378,13.32900047302246,5.290999889373778
3.3059999942779537,10.91800022125244,3.4830000400543213
2.74399995803833,12.994000434875488,3.549999952316284
1.89900004863739,10.91800022125244,3.1480000019073486
2.1099998950958248,7.903999805450439,1.4739999771118164
2.1099998950958248,5.625999927520752,1.6740000247955322
3.025000095367432,4.75600004196167,2.1429998874664307
3.6579999923706055,4.822999954223633,2.2769999504089355
4.010000228881837,4.889999866485597,1.6740000247955322
3.799000024795532,3.884999990463257,1.3400000333786009
3.86899995803833,4.3540000915527335,2.2100000381469727
4.290999889373778,6.09499979019165,2.1429998874664307
4.501999855041504,8.305999755859375,1.6080000400543213
4.7839999198913565,7.703000068664551,1.3400000333786009
4.994999885559082,8.572999954223633,1.406999945640564
5.205999851226807,7.769999980926514,1.406999945640564
5.3460001945495605,6.966000080108643,0.7369999885559082
4.923999786376953,7.836999893188477,2.611999988555908
4.150000095367432,10.449000358581545,3.818000078201294
3.377000093460083,10.248000144958496,2.5450000762939453
3.16599988937378,10.784000396728516,4.421000003814697
2.74399995803833,9.3100004196167,3.282000064849853
3.025000095367432,8.975000381469727,3.549999952316284
2.813999891281128,10.984999656677246,4.287000179290772
2.74399995803833,9.645000457763672,2.880000114440918
2.74399995803833,11.788000106811523,4.421000003814697
2.321000099182129,10.649999618530272,4.554999828338623
2.813999891281128,3.013999938964844,3.1480000019073486
3.095000028610228,-6.63100004196167,2.611999988555908
3.86899995803833,-11.854999542236328,2.812999963760376
4.432000160217285,-4.0859999656677255,2.075999975204468
5.135000228881836,-0.2010000050067901,1.2730000019073486
5.276000022888184,-4.2199997901916495,2.075999975204468
6.119999885559082,-2.611999988555908,2.344000101089477
6.4720001220703125,2.075999975204468,2.2100000381469727
6.050000190734862,2.2769999504089355,1.406999945640564
5.839000225067139,7.769999980926514,1.406999945640564
5.76800012588501,7.703000068664551,1.3400000333786009
5.627999782562256,8.505999565124513,1.2730000019073486
5.486999988555908,7.501999855041504,1.0049999952316284
5.486999988555908,8.572999954223633,0.9380000233650208
5.276000022888184,8.706999778747559,1.741000056266785
3.5169999599456787,12.256999969482422,4.152999877929688
4.7129998207092285,13.597000122070312,5.894000053405763
4.8540000915527335,13.128000259399414,4.956999778747559
5.557000160217285,12.859999656677244,4.421000003814697
5.908999919891357,12.859999656677244,4.554999828338623
4.923999786376953,14.53499984741211,5.425000190734863
3.799000024795532,14.869999885559082,6.027999877929688
5.839000225067139,13.730999946594238,4.152999877929688
7.73799991607666,14.869999885559082,4.0859999656677255
8.090000152587889,10.91800022125244,3.0810000896453857
7.105000019073486,9.444000244140623,2.9470000267028813
7.597000122070312,5.960999965667725,2.2100000381469727
7.948999881744385,7.703000068664551,1.6740000247955322
6.964000225067139,6.429999828338622,1.807999968528748
7.809000015258789,6.429999828338622,1.741000056266785
6.261000156402588,5.827000141143799,2.2769999504089355
5.697999954223633,6.36299991607666,2.075999975204468
5.486999988555908,7.903999805450439,1.741000056266785
5.416999816894531,9.444000244140623,2.2100000381469727
5.9790000915527335,7.836999893188477,1.3400000333786009
5.486999988555908,8.23900032043457,1.3400000333786009
4.432000160217285,7.434999942779541,1.3400000333786009
5.9790000915527335,6.966000080108643,0.4020000100135803
5.9790000915527335,10.11400032043457,3.3489999771118164
5.76800012588501,11.588000297546388,4.689000129699707
5.908999919891357,12.859999656677244,4.75600004196167
6.119999885559082,11.520999908447266,4.287000179290772
6.752999782562256,10.784000396728516,4.421000003814697
4.8540000915527335,10.85099983215332,3.549999952316284
4.7839999198913565,14.199999809265137,6.162000179290772
4.361999988555908,14.53499984741211,6.09499979019165
5.839000225067139,13.128000259399414,4.2199997901916495
4.8540000915527335,15.807000160217283,6.09499979019165
4.8540000915527335,13.663999557495115,5.425000190734863
5.276000022888184,9.444000244140623,2.880000114440918
5.557000160217285,9.109000205993652,2.812999963760376
5.135000228881836,8.907999992370605,2.5450000762939453
6.261000156402588,5.357999801635742,1.2059999704360962
5.205999851226807,2.611999988555908,1.0049999952316284
5.3460001945495605,6.697999954223633,2.746000051498413
5.416999816894531,6.966000080108643,2.344000101089477
5.065000057220459,7.099999904632568,2.477999925613404
6.050000190734862,9.979999542236328,2.2100000381469727
3.16599988937378,8.640000343322754,2.2769999504089355
3.86899995803833,8.907999992370605,1.875
4.64300012588501,7.636000156402588,1.406999945640564
4.572999954223633,7.703000068664551,0.6029999852180481
4.64300012588501,9.3100004196167,2.2769999504089355
4.079999923706056,12.659000396728516,4.689000129699707
3.095000028610228,16.007999420166016,6.831999778747559
3.236000061035156,14.803000450134276,5.559000015258789
4.010000228881837,14.199999809265137,4.889999866485597
3.7279999256134033,13.79800033569336,5.090000152587892
4.290999889373778,14.60200023651123,5.692999839782715
4.64300012588501,13.26200008392334,4.622000217437744
4.432000160217285,14.333999633789062,5.090000152587892
3.16599988937378,17.884000778198242,6.296000003814697
2.9549999237060547,11.253000259399414,4.48799991607666
3.7279999256134033,7.836999893188477,3.282000064849853
4.150000095367432,8.640000343322754,2.812999963760376
3.588000059127808,8.907999992370605,3.41599988937378
3.86899995803833,6.764999866485598,3.013999938964844
3.4470000267028813,6.831999778747559,4.019000053405762
3.5169999599456787,6.162000179290772,3.282000064849853
3.5169999599456787,6.429999828338622,3.2149999141693115
3.095000028610228,7.234000205993652,2.5450000762939453
2.461999893188477,8.104999542236326,3.2149999141693115
2.532000064849853,9.243000030517578,2.4110000133514404
2.884000062942505,9.779000282287598,2.2100000381469727
2.532000064849853,8.706999778747559,2.344000101089477
2.602999925613404,7.703000068664551,1.807999968528748
3.377000093460083,7.836999893188477,2.678999900817871
3.377000093460083,13.395999908447266,4.48799991607666
3.4470000267028813,12.324000358581545,5.223999977111816
2.74399995803833,10.449000358581545,3.617000102996826
3.4470000267028813,11.520999908447266,4.554999828338623
3.799000024795532,10.248000144958496,3.282000064849853
3.86899995803833,9.645000457763672,3.282000064849853
4.079999923706056,8.907999992370605,2.678999900817871
3.938999891281128,11.119000434875488,3.617000102996826
4.010000228881837,12.390999794006348,3.95199990272522
4.290999889373778,6.966000080108643,3.549999952316284
3.16599988937378,-4.019000053405762,3.3489999771118164
5.416999816894531,-5.692999839782715,2.746000051498413
5.205999851226807,3.818000078201294,3.013999938964844
5.065000057220459,-1.0049999952316284,2.344000101089477
6.190999984741211,-13.463000297546388,3.884999990463257
5.908999919891357,-3.617000102996826,2.880000114440918
6.683000087738037,-8.439000129699707,3.013999938964844
6.683000087738037,-1.3400000333786009,2.1429998874664307
6.401999950408936,3.6840000152587886,1.741000056266785
6.894000053405763,7.568999767303468,1.6740000247955322
7.0349998474121085,8.975000381469727,1.406999945640564
6.752999782562256,8.439000129699707,1.5410000085830688
6.752999782562256,8.038000106811522,1.6740000247955322
6.683000087738037,10.3149995803833,3.282000064849853
6.683000087738037,12.123000144958494,4.822999954223633
6.61299991607666,12.72599983215332,4.822999954223633
6.330999851226808,13.19499969482422,4.554999828338623
6.752999782562256,12.72599983215332,4.622000217437744
6.261000156402588,11.720999717712402,4.152999877929688
6.261000156402588,12.256999969482422,4.0859999656677255
6.4720001220703125,12.458000183105469,4.622000217437744
6.4720001220703125,14.736000061035154,5.223999977111816
6.119999885559082,12.994000434875488,5.357999801635742
6.964000225067139,4.822999954223633,3.884999990463257
7.948999881744385,-3.1480000019073486,4.48799991607666
8.51200008392334,-10.717000007629396,3.41599988937378
7.456999778747559,-14.065999984741213,3.750999927520752
8.159999847412111,-17.816999435424805,2.2769999504089355
9.425999641418455,-11.185999870300291,2.746000051498413
9.003999710083008,-2.075999975204468,3.0810000896453857
8.51200008392334,3.6840000152587886,2.2100000381469727
8.793000221252441,5.894000053405763,2.1429998874664307
8.581999778747559,7.703000068664551,2.2100000381469727
9.708000183105469,7.0329999923706055,1.6080000400543213
9.21500015258789,8.640000343322754,1.406999945640564
8.51200008392334,8.038000106811522,1.3400000333786009
8.371000289916992,9.51099967956543,2.678999900817871
8.51200008392334,9.57800006866455,2.5450000762939453
8.371000289916992,16.142000198364258,5.894000053405763
8.442000389099121,14.869999885559082,4.689000129699707
8.159999847412111,16.208999633789062,6.296000003814697
8.300999641418457,13.864999771118164,4.956999778747559
8.722999572753906,13.663999557495115,4.956999778747559
8.300999641418457,15.20400047302246,6.2290000915527335
8.020000457763674,16.142000198364258,5.760000228881836
8.159999847412111,17.01300048828125,5.357999801635742
8.230999946594237,17.01300048828125,5.692999839782715
8.581999778747559,4.019000053405762,3.617000102996826
8.230999946594237,-6.027999877929688,2.4110000133514404
9.918999671936035,-11.92199993133545,3.41599988937378
9.98900032043457,-14.333999633789062,4.0859999656677255
9.708000183105469,-17.683000564575195,2.746000051498413
10.270999908447266,-16.745000839233402,4.152999877929688
11.607000350952148,-16.275999069213867,3.3489999771118164
12.522000312805176,-12.123000144958494,2.344000101089477
12.380999565124512,-6.697999954223633,1.406999945640564
12.732999801635742,2.678999900817871,1.0049999952316284
12.029000282287598,7.501999855041504,1.9420000314712524
10.833000183105469,8.439000129699707,1.4739999771118164
10.621999740600586,8.171999931335451,1.406999945640564
9.425999641418455,7.434999942779541,0.5360000133514404
9.003999710083008,9.175999641418455,2.2100000381469727
9.28600025177002,14.468000411987305,4.822999954223633
9.145000457763672,17.548999786376953,7.0329999923706055
9.496999740600586,14.736000061035154,5.290999889373778
9.848999977111816,13.19499969482422,4.689000129699707
9.28600025177002,14.267000198364258,5.357999801635742
9.355999946594238,15.67300033569336,5.692999839782715
9.074999809265137,15.06999969482422,5.894000053405763
9.003999710083008,16.878999710083008,5.492000102996826
10.621999740600586,15.404999732971191,6.027999877929688
9.496999740600586,7.903999805450439,5.1570000648498535
9.848999977111816,4.019000053405762,2.4110000133514404
9.918999671936035,-3.1480000019073486,3.3489999771118164
10.270999908447266,-10.583000183105469,3.3489999771118164
10.692999839782717,-11.31999969482422,2.2100000381469727
10.692999839782717,-15.270999908447266,3.41599988937378
11.678000450134276,-15.87399959564209,3.4830000400543213
12.732999801635742,-2.5450000762939453,2.2769999504089355
12.944000244140623,-4.956999778747559,2.4110000133514404
13.29599952697754,4.0859999656677255,2.009000062942505
12.661999702453612,6.764999866485598,1.5410000085830688
12.029000282287598,7.769999980926514,1.406999945640564
11.467000007629396,8.171999931335451,1.6080000400543213
11.114999771118164,7.301000118255615,2.2100000381469727
10.973999977111816,7.099999904632568,2.611999988555908
10.621999740600586,12.256999969482422,5.0229997634887695
10.692999839782717,13.32900047302246,3.884999990463257
9.777999877929688,11.520999908447266,3.3489999771118164
9.28600025177002,13.932000160217283,5.223999977111816
10.552000045776367,15.13700008392334,5.827000141143799
10.340999603271484,12.256999969482422,4.48799991607666
10.692999839782717,10.248000144958496,4.0859999656677255
10.41100025177002,10.649999618530272,3.4830000400543213
9.98900032043457,7.0329999923706055,3.41599988937378
10.621999740600586,3.617000102996826,2.880000114440918
10.973999977111816,-0.6700000166893005,3.3489999771118164
10.270999908447266,-5.559000015258789,3.4830000400543213
9.98900032043457,-8.572999954223633,3.1480000019073486
10.621999740600586,-7.903999805450439,1.6080000400543213
10.340999603271484,-9.376999855041504,2.477999925613404
10.762999534606934,-5.492000102996826,2.9470000267028813
10.904000282287598,-5.960999965667725,2.9470000267028813
10.833000183105469,0.9380000233650208,1.807999968528748
10.973999977111816,2.880000114440918,1.0049999952316284
11.467000007629396,6.296000003814697,1.0720000267028809
10.340999603271484,8.038000106811522,1.2059999704360962
10.621999740600586,7.434999942779541,1.4739999771118164
10.552000045776367,8.104999542236326,1.0720000267028809
10.482000350952148,9.845999717712402,2.2769999504089355
10.482000350952148,14.668999671936035,4.822999954223633
10.130000114440918,17.214000701904293,5.960999965667725
9.918999671936035,15.87399959564209,6.36299991607666
10.833000183105469,13.79800033569336,6.027999877929688
10.340999603271484,17.281000137329098,7.301000118255615
10.0600004196167,13.663999557495115,4.822999954223633
10.762999534606934,15.739999771118164,6.429999828338622
10.762999534606934,18.41900062561035,5.894000053405763
10.762999534606934,13.529999732971191,6.63100004196167
11.043999671936035,3.95199990272522,6.027999877929688
10.621999740600586,-4.3540000915527335,5.223999977111816
11.607000350952148,-10.04699993133545,4.75600004196167
10.199999809265137,-12.927000045776367,4.75600004196167
11.114999771118164,-16.40999984741211,4.689000129699707
12.239999771118164,-15.605999946594238,5.290999889373778
13.506999969482422,-13.864999771118164,4.48799991607666
13.366000175476074,-10.717000007629396,3.884999990463257
13.788000106811523,-4.956999778747559,3.1480000019073486
13.718000411987305,2.4110000133514404,2.5450000762939453
13.647000312805176,6.63100004196167,2.4110000133514404
12.451000213623049,7.568999767303468,2.344000101089477
11.748000144958494,7.568999767303468,2.4110000133514404
11.607000350952148,6.89900016784668,1.0049999952316284
11.043999671936035,9.175999641418455,3.41599988937378
10.833000183105469,11.92199993133545,4.689000129699707
10.621999740600586,17.079999923706055,7.099999904632568
10.692999839782717,14.267000198364258,5.960999965667725
10.340999603271484,12.324000358581545,4.75600004196167
10.621999740600586,13.19499969482422,3.818000078201294
10.482000350952148,13.79800033569336,5.090000152587892
10.270999908447266,17.347999572753903,6.497000217437744
10.482000350952148,14.937000274658203,4.889999866485597
10.340999603271484,12.123000144958494,5.090000152587892
11.326000213623049,3.0810000896453857,4.956999778747559
11.043999671936035,-6.966000080108643,2.477999925613404
11.888999938964846,-10.784000396728516,4.889999866485597
12.029000282287598,-13.730999946594238,3.6840000152587886
11.536999702453612,-18.084999084472656,3.41599988937378
11.536999702453612,-16.945999145507812,4.0859999656677255
13.013999938964846,-14.869999885559082,3.818000078201294
13.085000038146973,-11.98900032043457,2.2100000381469727
13.57699966430664,-6.162000179290772,2.880000114440918
13.647000312805176,2.5450000762939453,2.075999975204468
12.87399959564209,6.296000003814697,1.807999968528748
11.536999702453612,7.636000156402588,2.1429998874664307
10.833000183105469,7.568999767303468,1.406999945640564
10.482000350952148,8.77400016784668,2.075999975204468
10.199999809265137,9.376999855041504,1.9420000314712524
9.708000183105469,13.597000122070312,5.492000102996826
9.496999740600586,13.395999908447266,5.425000190734863
8.86400032043457,13.128000259399414,5.1570000648498535
8.86400032043457,12.458000183105469,5.290999889373778
8.934000015258789,11.38700008392334,4.287000179290772
8.442000389099121,13.060999870300291,4.889999866485597
8.581999778747559,14.065999984741213,6.162000179290772
8.159999847412111,17.281000137329098,6.497000217437744
8.934000015258789,13.597000122070312,6.296000003814697
9.848999977111816,3.282000064849853,4.554999828338623
9.98900032043457,-4.956999778747559,3.41599988937378
11.114999771118164,-9.57800006866455,4.3540000915527335
10.340999603271484,-14.468000411987305,3.750999927520752
9.918999671936035,-17.281000137329098,3.884999990463257
10.833000183105469,-16.945999145507812,4.0859999656677255
12.100000381469728,-15.13700008392334,3.617000102996826
12.592000007629396,-11.45400047302246,2.746000051498413
13.085000038146973,-5.290999889373778,2.2769999504089355
13.085000038146973,3.2149999141693115,2.009000062942505
12.239999771118164,6.764999866485598,2.075999975204468
11.326000213623049,7.501999855041504,1.406999945640564
10.904000282287598,6.966000080108643,1.3400000333786009
9.848999977111816,8.038000106811522,1.0720000267028809
9.496999740600586,9.3100004196167,2.2769999504089355
9.56700038909912,11.119000434875488,4.48799991607666
9.496999740600586,12.659000396728516,5.559000015258789
9.074999809265137,11.720999717712402,5.0229997634887695
9.28600025177002,12.324000358581545,5.827000141143799
9.56700038909912,13.463000297546388,6.89900016784668
9.074999809265137,14.53499984741211,6.966000080108643
8.581999778747559,14.333999633789062,6.2290000915527335
8.159999847412111,15.338000297546388,6.2290000915527335
8.020000457763674,12.72599983215332,7.099999904632568
8.652999877929688,3.3489999771118164,5.760000228881836
8.51200008392334,1.6080000400543213,4.554999828338623
9.145000457763672,-4.554999828338623,4.0859999656677255
8.86400032043457,-9.51099967956543,3.95199990272522
9.145000457763672,-18.084999084472656,4.554999828338623
9.637999534606934,-16.476999282836914,4.48799991607666
10.130000114440918,-6.63100004196167,3.1480000019073486
10.692999839782717,0.9380000233650208,3.1480000019073486
10.482000350952148,2.2769999504089355,2.4110000133514404
10.340999603271484,6.296000003814697,2.9470000267028813
9.637999534606934,6.89900016784668,2.344000101089477
9.355999946594238,7.368000030517577,2.477999925613404
9.425999641418455,7.769999980926514,2.4110000133514404
8.230999946594237,7.234000205993652,1.1390000581741333
7.809000015258789,10.3149995803833,3.4830000400543213
7.315999984741211,12.859999656677244,5.090000152587892
6.61299991607666,15.270999908447266,5.357999801635742
6.823999881744385,16.476999282836914,6.497000217437744
6.4720001220703125,15.87399959564209,6.2290000915527335
6.119999885559082,15.67300033569336,6.63100004196167
6.119999885559082,14.267000198364258,6.09499979019165
5.839000225067139,16.275999069213867,6.63100004196167
5.276000022888184,14.668999671936035,4.2199997901916495
5.205999851226807,14.869999885559082,5.090000152587892
5.557000160217285,10.515999794006348,4.554999828338623
5.76800012588501,8.640000343322754,4.421000003814697
6.261000156402588,9.376999855041504,4.554999828338623
6.261000156402588,4.956999778747559,3.0810000896453857
6.330999851226808,0.4020000100135803,1.5410000085830688
7.0349998474121085,1.1390000581741333,2.880000114440918
7.0349998474121085,-4.2199997901916495,2.2769999504089355
7.386000156402588,-4.689000129699707,2.009000062942505
7.315999984741211,-3.0810000896453857,2.2769999504089355
7.809000015258789,3.282000064849853,2.477999925613404
6.683000087738037,6.497000217437744,1.9420000314712524
5.76800012588501,7.166999816894531,1.6080000400543213
6.330999851226808,6.966000080108643,1.406999945640564
6.401999950408936,7.703000068664551,0.8709999918937683
6.261000156402588,9.711999893188477,2.9470000267028813
5.9790000915527335,14.199999809265137,5.760000228881836
5.76800012588501,15.472000122070312,5.827000141143799
5.76800012588501,15.472000122070312,5.827000141143799
5.76800012588501,15.472000122070312,5.827000141143799
5.76800012588501,15.472000122070312,5.827000141143799
5.76800012588501,15.472000122070312,5.827000141143799
5.76800012588501,15.472000122070312,5.827000141143799
5.76800012588501,15.472000122070312,5.827000141143799
5.76800012588501,15.472000122070312,5.827000141143799
5.76800012588501,15.472000122070312,5.827000141143799
5.76800012588501,15.472000122070312,5.827000141143799
5.76800012588501,15.472000122070312,5.827000141143799
5.76800012588501,15.472000122070312,5.827000141143799
5.76800012588501,15.472000122070312,5.827000141143799
5.76800012588501,15.472000122070312,5.827000141143799
5.76800012588501,15.472000122070312,5.827000141143799
5.76800012588501,15.472000122070312,5.827000141143799
5.76800012588501,15.472000122070312,5.827000141143799
5.76800012588501,15.472000122070312,5.827000141143799
5.76800012588501,15.472000122070312,5.827000141143799
5.76800012588501,15.472000122070312,5.827000141143799
5.76800012588501,15.472000122070312,5.827000141143799
5.76800012588501,15.472000122070312,5.827000141143799
5.76800012588501,15.472000122070312,5.827000141143799
5.76800012588501,15.472000122070312,5.827000141143799
9.003999710083008,17.281000137329098,7.301000118255615
9.21500015258789,13.932000160217283,5.425000190734863
9.003999710083008,14.53499984741211,5.559000015258789
8.652999877929688,15.06999969482422,4.689000129699707
9.21500015258789,13.99899959564209,4.689000129699707
9.21500015258789,16.611000061035153,5.559000015258789
9.425999641418455,16.275999069213867,4.689000129699707
9.56700038909912,13.79800033569336,4.822999954223633
10.199999809265137,3.6840000152587886,4.421000003814697
10.692999839782717,-3.750999927520752,4.421000003814697
11.114999771118164,-4.622000217437744,3.750999927520752
10.973999977111816,-10.180999755859377,5.090000152587892
10.762999534606934,-14.333999633789062,3.2149999141693115
11.607000350952148,-14.937000274658203,3.818000078201294
11.255999565124512,-10.180999755859377,4.554999828338623
12.944000244140623,-7.769999980926514,2.9470000267028813
12.732999801635742,4.3540000915527335,3.3489999771118164
11.817999839782717,6.831999778747559,3.0810000896453857
11.748000144958494,6.89900016784668,2.477999925613404
10.762999534606934,7.434999942779541,1.9420000314712524
10.692999839782717,7.099999904632568,2.075999975204468
10.552000045776367,6.966000080108643,1.1390000581741333
10.482000350952148,9.779000282287598,3.3489999771118164
10.130000114440918,16.075000762939453,6.2290000915527335
9.708000183105469,16.945999145507812,7.166999816894531
10.199999809265137,16.812000274658207,7.166999816894531
10.482000350952148,17.281000137329098,7.301000118255615
10.833000183105469,16.476999282836914,6.63100004196167
10.340999603271484,18.084999084472656,7.234000205993652
10.340999603271484,17.548999786376953,6.966000080108643
10.0600004196167,17.214000701904293,6.09499979019165
10.482000350952148,15.20400047302246,6.09499979019165
9.637999534606934,6.697999954223633,4.2199997901916495
10.552000045776367,2.9470000267028813,3.549999952316284
10.482000350952148,-6.63100004196167,5.1570000648498535
10.130000114440918,-12.256999969482422,4.75600004196167
10.199999809265137,-14.065999984741213,2.746000051498413
11.678000450134276,-13.128000259399414,3.617000102996826
12.029000282287598,-9.645000457763672,2.746000051498413
12.100000381469728,-4.689000129699707,3.013999938964844
12.170000076293944,-1.807999968528748,2.611999988555908
12.029000282287598,4.622000217437744,2.2100000381469727
11.255999565124512,6.63100004196167,1.807999968528748
10.973999977111816,7.703000068664551,1.6080000400543213
10.552000045776367,7.703000068664551,1.6740000247955322
10.199999809265137,7.368000030517577,0.7369999885559082
10.340999603271484,8.77400016784668,2.5450000762939453
9.848999977111816,11.98900032043457,4.421000003814697
9.425999641418455,12.994000434875488,4.689000129699707
9.355999946594238,10.649999618530272,4.956999778747559
9.21500015258789,14.468000411987305,5.625999927520752
9.145000457763672,14.803000450134276,5.559000015258789
9.145000457763672,16.40999984741211,6.36299991607666
9.425999641418455,15.67300033569336,5.492000102996826
9.28600025177002,17.14699935913086,4.75600004196167
9.496999740600586,10.784000396728516,4.48799991607666
9.848999977111816,4.152999877929688,5.090000152587892
10.692999839782717,-6.36299991607666,2.611999988555908
11.395999908447266,-10.717000007629396,3.95199990272522
11.326000213623049,-12.256999969482422,4.554999828338623
11.395999908447266,-16.476999282836914,3.6840000152587886
11.326000213623049,-16.745000839233402,3.4830000400543213
12.732999801635742,-13.32900047302246,3.2149999141693115
12.944000244140623,-10.3149995803833,3.013999938964844
13.435999870300291,-4.75600004196167,2.812999963760376
13.718000411987305,1.9420000314712524,2.344000101089477
12.239999771118164,6.2290000915527335,1.807999968528748
12.170000076293944,7.636000156402588,1.6080000400543213
11.607000350952148,8.171999931335451,1.6740000247955322
11.326000213623049,8.572999954223633,1.2059999704360962
10.973999977111816,8.305999755859375,2.009000062942505
10.904000282287598,15.87399959564209,6.63100004196167
9.918999671936035,14.736000061035154,6.2290000915527335
8.86400032043457,13.99899959564209,5.290999889373778
8.934000015258789,11.92199993133545,4.152999877929688
7.809000015258789,11.720999717712402,4.622000217437744
6.823999881744385,16.007999420166016,5.1570000648498535
7.105000019073486,14.736000061035154,5.1570000648498535
6.61299991607666,14.065999984741213,3.3489999771118164
5.135000228881836,15.605999946594238,4.152999877929688
5.3460001945495605,14.468000411987305,5.425000190734863
5.065000057220459,5.559000015258789,2.1429998874664307
5.276000022888184,4.152999877929688,2.2100000381469727
5.276000022888184,4.0859999656677255,2.4110000133514404
5.065000057220459,1.4739999771118164,1.2730000019073486
4.572999954223633,0.9380000233650208,1.741000056266785
4.290999889373778,3.1480000019073486,2.009000062942505
4.432000160217285,4.48799991607666,2.5450000762939453
4.2210001945495605,5.0229997634887695,1.9420000314712524
4.079999923706056,7.0329999923706055,1.741000056266785
3.799000024795532,7.703000068664551,1.406999945640564
3.6579999923706055,7.836999893188477,1.4739999771118164
3.799000024795532,7.636000156402588,1.2059999704360962
3.799000024795532,7.368000030517577,0.2680000066757202
3.86899995803833,8.371999740600586,1.807999968528748
3.938999891281128,11.38700008392334,3.6840000152587886
3.6579999923706055,14.53499984741211,4.889999866485597
3.799000024795532,13.864999771118164,3.884999990463257
3.86899995803833,14.199999809265137,3.95199990272522
3.799000024795532,11.98900032043457,3.2149999141693115
4.361999988555908,14.60200023651123,4.956999778747559
3.6579999923706055,15.20400047302246,4.75600004196167
4.2210001945495605,14.199999809265137,3.41599988937378
3.5169999599456787,14.668999671936035,3.6840000152587886
3.095000028610228,10.3149995803833,3.3489999771118164
0.421999990940094,8.23900032043457,1.1390000581741333
0.0,8.305999755859375,1.741000056266785
-0.6330000162124634,7.636000156402588,2.075999975204468
-0.703000009059906,4.622000217437744,1.1390000581741333
0.0,6.497000217437744,1.6740000247955322
-0.6330000162124634,6.697999954223633,1.6740000247955322
-0.915000021457672,6.697999954223633,1.3400000333786009
0.0,5.090000152587892,1.406999945640564
0.5630000233650208,7.836999893188477,1.2730000019073486
1.758999943733215,8.439000129699707,0.4020000100135803
0.5630000233650208,8.171999931335451,1.0049999952316284
0.0,7.568999767303468,1.0720000267028809
2.039999961853028,7.501999855041504,-0.2010000050067901
0.492000013589859,8.975000381469727,2.009000062942505
1.1260000467300415,10.91800022125244,3.0810000896453857
0.9850000143051147,9.979999542236328,3.0810000896453857
0.0,8.975000381469727,3.0810000896453857
0.5630000233650208,8.706999778747559,2.746000051498413
1.9700000286102293,10.11400032043457,3.617000102996826
2.3919999599456787,8.171999931335451,2.477999925613404
1.4769999980926514,7.903999805450439,2.075999975204468
1.337000012397766,9.51099967956543,1.2730000019073486
1.0549999475479126,8.975000381469727,2.1429998874664307
1.0549999475479126,1.1390000581741333,2.812999963760376
1.337000012397766,-4.689000129699707,3.750999927520752
1.8289999961853027,-5.760000228881836,4.152999877929688
3.095000028610228,-13.128000259399414,7.368000030517577
4.010000228881837,-17.548999786376953,6.429999828338622
4.64300012588501,-6.764999866485598,4.152999877929688
4.994999885559082,-1.6740000247955322,3.750999927520752
4.994999885559082,-3.3489999771118164,3.6840000152587886
5.3460001945495605,-3.818000078201294,2.9470000267028813
5.486999988555908,3.1480000019073486,1.6740000247955322
5.3460001945495605,6.497000217437744,1.3400000333786009
5.3460001945495605,8.104999542236326,1.1390000581741333
5.3460001945495605,7.703000068664551,0.8709999918937683
4.2210001945495605,9.645000457763672,1.741000056266785
5.276000022888184,9.376999855041504,2.477999925613404
4.8540000915527335,11.854999542236328,3.750999927520752
4.501999855041504,15.739999771118164,4.48799991607666
4.2210001945495605,16.075000762939453,5.357999801635742
4.150000095367432,15.538999557495115,4.287000179290772
4.2210001945495605,12.592000007629396,4.689000129699707
4.2210001945495605,16.142000198364258,5.425000190734863
4.150000095367432,16.67799949645996,6.296000003814697
3.7279999256134033,15.06999969482422,4.152999877929688
4.994999885559082,10.784000396728516,5.492000102996826
4.2210001945495605,0.8040000200271606,6.2290000915527335
3.7279999256134033,-8.038000106811522,7.166999816894531
5.3460001945495605,-12.592000007629396,8.640000343322754
3.3059999942779537,-14.736000061035154,9.51099967956543
3.236000061035156,-16.878999710083008,9.175999641418455
3.5169999599456787,-16.945999145507812,10.04699993133545
4.501999855041504,-14.803000450134276,9.243000030517578
4.994999885559082,-10.784000396728516,7.368000030517577
5.276000022888184,-6.63100004196167,5.0229997634887695
5.76800012588501,2.2100000381469727,3.41599988937378
6.050000190734862,8.038000106811522,1.6080000400543213
5.697999954223633,9.845999717712402,1.5410000085830688
5.3460001945495605,10.180999755859377,1.3400000333786009
4.923999786376953,9.979999542236328,2.2100000381469727
4.8540000915527335,9.845999717712402,3.549999952316284
5.065000057220459,12.256999969482422,4.622000217437744
4.572999954223633,14.468000411987305,2.880000114440918
4.7129998207092285,13.19499969482422,1.875
4.501999855041504,14.065999984741213,2.1429998874664307
4.501999855041504,15.67300033569336,2.2769999504089355
4.501999855041504,16.812000274658207,3.41599988937378
4.64300012588501,13.99899959564209,2.2769999504089355
4.572999954223633,15.338000297546388,1.406999945640564
5.697999954223633,12.458000183105469,3.013999938964844
5.76800012588501,3.818000078201294,3.884999990463257
5.627999782562256,-8.77400016784668,4.48799991607666
5.416999816894531,-12.79300022125244,5.223999977111816
5.697999954223633,-14.60200023651123,7.368000030517577
5.627999782562256,-19.423999786376957,4.956999778747559
6.261000156402588,-18.55299949645996,5.827000141143799
7.105000019073486,-16.142000198364258,5.1570000648498535
7.668000221252441,-12.458000183105469,3.617000102996826
7.809000015258789,-7.368000030517577,2.009000062942505
7.879000186920166,0.4690000116825104,0.2010000050067901
7.597000122070312,6.296000003814697,-0.6700000166893005
8.230999946594237,7.301000118255615,-1.2059999704360962
8.300999641418457,7.234000205993652,-1.5410000085830688
7.879000186920166,7.368000030517577,-2.344000101089477
7.73799991607666,9.041999816894531,-0.4690000116825104
7.245999813079834,13.19499969482422,1.9420000314712524
7.386000156402588,12.458000183105469,1.6740000247955322
7.668000221252441,15.06999969482422,2.477999925613404
7.73799991607666,15.807000160217283,2.2769999504089355
7.456999778747559,14.267000198364258,1.406999945640564
7.456999778747559,16.878999710083008,3.750999927520752
7.245999813079834,16.142000198364258,2.477999925613404
6.894000053405763,14.60200023651123,1.6740000247955322
8.020000457763674,11.92199993133545,2.678999900817871
8.652999877929688,1.3400000333786009,3.549999952316284
9.425999641418455,-7.0329999923706055,3.617000102996826
10.552000045776367,-12.927000045776367,5.0229997634887695
9.777999877929688,-15.739999771118164,1.6080000400543213
9.28600025177002,-19.959999084472656,1.3400000333786009
9.98900032043457,-17.951000213623047,1.5410000085830688
11.326000213623049,-15.13700008392334,1.4739999771118164
10.904000282287598,-11.253000259399414,1.0720000267028809
12.100000381469728,-7.903999805450439,-0.3350000083446503
12.451000213623049,0.1340000033378601,-1.0049999952316284
12.029000282287598,5.827000141143799,-1.1390000581741333
10.482000350952148,7.301000118255615,-1.2059999704360962
9.918999671936035,7.234000205993652,-1.406999945640564
9.708000183105469,8.371999740600586,-0.8709999918937683
9.496999740600586,9.51099967956543,0.2680000066757202
9.21500015258789,17.01300048828125,4.554999828338623
8.86400032043457,16.476999282836914,3.2149999141693115
8.722999572753906,15.87399959564209,3.95199990272522
8.652999877929688,14.803000450134276,3.41599988937378
8.722999572753906,14.937000274658203,2.477999925613404
8.442000389099121,15.338000297546388,3.282000064849853
8.581999778747559,14.401000022888184,2.746000051498413
8.652999877929688,18.88800048828125,4.287000179290772
9.21500015258789,12.458000183105469,2.2769999504089355
9.918999671936035,4.019000053405762,2.9470000267028813
10.482000350952148,-6.966000080108643,1.4739999771118164
9.21500015258789,-12.1899995803833,1.741000056266785
9.56700038909912,-15.807000160217283,1.2059999704360962
8.934000015258789,-19.558000564575195,1.2730000019073486
9.425999641418455,-17.548999786376953,1.6740000247955322
10.552000045776367,-15.404999732971191,1.6740000247955322
10.621999740600586,-11.253000259399414,0.5360000133514404
11.1850004196167,-5.960999965667725,0.2010000050067901
10.904000282287598,2.746000051498413,0.0
12.029000282287598,6.09499979019165,-0.8040000200271606
11.607000350952148,7.234000205993652,-1.0720000267028809
11.1850004196167,7.434999942779541,-0.8040000200271606
11.043999671936035,7.636000156402588,-1.2730000019073486
10.552000045776367,8.907999992370605,0.2680000066757202
11.043999671936035,15.940999984741213,3.818000078201294
10.340999603271484,13.597000122070312,2.5450000762939453
10.482000350952148,15.807000160217283,3.013999938964844
10.552000045776367,16.007999420166016,2.1429998874664307
10.41100025177002,14.333999633789062,1.807999968528748
10.552000045776367,16.40999984741211,3.013999938964844
10.552000045776367,18.152000427246094,3.884999990463257
9.777999877929688,15.739999771118164,2.2100000381469727
9.918999671936035,11.185999870300291,1.5410000085830688
9.918999671936035,6.966000080108643,1.807999968528748
9.708000183105469,-4.0859999656677255,0.4690000116825104
10.340999603271484,-9.979999542236328,0.6029999852180481
10.130000114440918,-12.458000183105469,1.0049999952316284
10.270999908447266,-11.654999732971191,0.06700000166893
10.340999603271484,-13.864999771118164,0.4690000116825104
10.973999977111816,-13.730999946594238,1.0720000267028809
10.973999977111816,-8.505999565124513,0.6700000166893005
10.762999534606934,-3.2149999141693115,0.1340000033378601
9.777999877929688,5.0229997634887695,0.2010000050067901
9.425999641418455,6.497000217437744,-0.1340000033378601
8.722999572753906,7.099999904632568,-0.2680000066757202
7.879000186920166,7.434999942779541,-0.2680000066757202
7.668000221252441,7.97100019454956,-0.8040000200271606
7.386000156402588,8.77400016784668,0.3350000083446503
6.964000225067139,15.270999908447266,2.9470000267028813
6.964000225067139,14.736000061035154,1.9420000314712524
6.61299991607666,12.994000434875488,1.6740000247955322
6.61299991607666,9.913000106811523,0.6700000166893005
6.050000190734862,11.854999542236328,1.6080000400543213
6.401999950408936,12.859999656677244,2.344000101089477
5.908999919891357,12.79300022125244,2.2100000381469727
5.76800012588501,15.472000122070312,2.880000114440918
5.627999782562256,13.529999732971191,2.2100000381469727
5.908999919891357,7.769999980926514,3.0810000896453857
5.908999919891357,6.89900016784668,1.2059999704360962
5.9790000915527335,0.5360000133514404,0.8709999918937683
6.330999851226808,6.162000179290772,0.6029999852180481
6.4720001220703125,-5.223999977111816,-1.1390000581741333
6.050000190734862,-4.019000053405762,-0.4690000116825104
6.541999816894531,0.2680000066757202,-0.2010000050067901
6.4720001220703125,2.1429998874664307,-0.2010000050067901
6.330999851226808,3.549999952316284,-1.0049999952316284
5.76800012588501,7.703000068664551,-0.2680000066757202
5.627999782562256,6.697999954223633,-0.9380000233650208
5.3460001945495605,6.764999866485598,-1.3400000333786009
4.8540000915527335,6.831999778747559,-1.3400000333786009
5.135000228881836,7.703000068664551,-1.3400000333786009
4.994999885559082,9.243000030517578,0.0
4.64300012588501,13.060999870300291,1.2730000019073486
4.994999885559082,12.659000396728516,1.406999945640564
4.923999786376953,12.458000183105469,1.2730000019073486
4.7839999198913565,12.524999618530272,1.3400000333786009
4.8540000915527335,12.524999618530272,1.5410000085830688
4.8540000915527335,13.597000122070312,2.2100000381469727
4.7839999198913565,14.869999885559082,2.009000062942505
4.7129998207092285,17.281000137329098,2.9470000267028813
4.572999954223633,16.075000762939453,1.741000056266785
4.290999889373778,13.864999771118164,2.678999900817871
4.290999889373778,5.625999927520752,0.5360000133514404
4.361999988555908,4.889999866485597,0.1340000033378601
4.572999954223633,2.477999925613404,0.2680000066757202
5.065000057220459,-0.06700000166893,-0.8040000200271606
4.64300012588501,3.6840000152587886,-0.3350000083446503
4.8540000915527335,6.2290000915527335,0.4690000116825104
5.276000022888184,5.692999839782715,-0.4690000116825104
4.8540000915527335,5.827000141143799,0.2010000050067901
5.839000225067139,8.23900032043457,-0.2680000066757202
4.572999954223633,7.903999805450439,-0.9380000233650208
3.095000028610228,7.769999980926514,-1.0720000267028809
3.799000024795532,7.368000030517577,-1.0049999952316284
4.8540000915527335,6.764999866485598,-1.6080000400543213
3.095000028610228,8.171999931335451,-0.4020000100135803
3.588000059127808,15.06999969482422,1.807999968528748
4.290999889373778,15.538999557495115,2.4110000133514404
4.361999988555908,14.668999671936035,1.406999945640564
4.150000095367432,12.458000183105469,2.2100000381469727
4.64300012588501,12.524999618530272,0.8040000200271606
5.205999851226807,13.19499969482422,1.6740000247955322
4.8540000915527335,13.395999908447266,1.5410000085830688
5.205999851226807,16.208999633789062,2.1429998874664307
4.8540000915527335,13.79800033569336,1.4739999771118164
4.923999786376953,14.468000411987305,2.075999975204468
3.4470000267028813,9.041999816894531,0.9380000233650208
4.361999988555908,5.894000053405763,0.6029999852180481
3.799000024795532,7.166999816894531,0.4020000100135803
3.799000024795532,5.0229997634887695,-0.8040000200271606
3.938999891281128,-0.6029999852180481,-1.2059999704360962
4.010000228881837,-0.8709999918937683,-0.1340000033378601
4.432000160217285,5.760000228881836,-0.1340000033378601
5.3460001945495605,4.75600004196167,-0.4020000100135803
5.205999851226807,6.2290000915527335,-0.6700000166893005
5.416999816894531,7.368000030517577,-1.0720000267028809
5.065000057220459,7.368000030517577,-1.2730000019073486
4.923999786376953,7.301000118255615,-1.0720000267028809
3.86899995803833,7.636000156402588,-1.1390000581741333
4.361999988555908,9.109000205993652,0.0
4.501999855041504,15.807000160217283,2.477999925613404
4.8540000915527335,13.730999946594238,1.1390000581741333
5.3460001945495605,16.075000762939453,2.2769999504089355
4.64300012588501,14.869999885559082,1.9420000314712524
4.8540000915527335,15.404999732971191,1.9420000314712524
5.135000228881836,13.663999557495115,1.0049999952316284
5.276000022888184,13.932000160217283,1.6080000400543213
5.135000228881836,15.87399959564209,1.9420000314712524
5.76800012588501,13.128000259399414,1.875
4.8540000915527335,3.1480000019073486,1.5410000085830688
5.9790000915527335,-5.692999839782715,1.406999945640564
6.261000156402588,-10.784000396728516,1.807999968528748
6.190999984741211,-13.529999732971191,1.807999968528748
6.61299991607666,-20.5629997253418,1.4739999771118164
6.823999881744385,-19.089000701904297,1.9420000314712524
8.300999641418457,-15.538999557495115,0.8040000200271606
8.722999572753906,-12.927000045776367,0.8709999918937683
9.425999641418455,-7.636000156402588,-0.4020000100135803
9.355999946594238,0.8040000200271606,-1.1390000581741333
8.722999572753906,5.760000228881836,-1.2059999704360962
7.809000015258789,6.497000217437744,-1.4739999771118164
6.964000225067139,6.429999828338622,-1.6740000247955322
6.261000156402588,8.439000129699707,-1.406999945640564
6.050000190734862,7.434999942779541,-0.5360000133514404
6.050000190734862,13.932000160217283,1.741000056266785
6.823999881744385,14.53499984741211,2.075999975204468
6.4720001220703125,14.668999671936035,2.2100000381469727
6.61299991607666,12.659000396728516,1.2730000019073486
6.541999816894531,14.333999633789062,2.2100000381469727
6.401999950408936,13.99899959564209,1.6740000247955322
5.908999919891357,13.463000297546388,1.1390000581741333
6.190999984741211,14.803000450134276,1.875
6.330999851226808,15.003999710083008,2.5450000762939453
6.541999816894531,10.3149995803833,3.2149999141693115
6.683000087738037,0.7369999885559082,1.4739999771118164
6.964000225067139,0.9380000233650208,0.6029999852180481
7.315999984741211,-6.831999778747559,0.7369999885559082
6.964000225067139,-3.4830000400543213,-0.9380000233650208
7.245999813079834,-2.880000114440918,-0.4690000116825104
8.020000457763674,-6.09499979019165,0.0
8.652999877929688,-9.845999717712402,0.5360000133514404
9.003999710083008,-5.894000053405763,-0.2680000066757202
8.51200008392334,2.4110000133514404,-0.6029999852180481
7.73799991607666,5.960999965667725,-1.0720000267028809
7.668000221252441,6.966000080108643,-0.9380000233650208
6.894000053405763,6.764999866485598,-0.9380000233650208
6.823999881744385,6.429999828338622,-1.6080000400543213
6.894000053405763,8.305999755859375,0.6700000166893005
6.190999984741211,15.87399959564209,2.2769999504089355
5.908999919891357,15.807000160217283,3.41599988937378
6.261000156402588,16.075000762939453,3.282000064849853
6.261000156402588,13.597000122070312,2.2769999504089355
5.908999919891357,13.19499969482422,1.807999968528748
6.261000156402588,14.065999984741213,1.807999968528748
5.76800012588501,15.605999946594238,2.2100000381469727
5.76800012588501,16.611000061035153,2.4110000133514404
6.683000087738037,12.123000144958494,1.9420000314712524
7.245999813079834,5.1570000648498535,2.746000051498413
8.159999847412111,-1.807999968528748,3.013999938964844
8.86400032043457,-12.324000358581545,1.0049999952316284
7.879000186920166,-15.13700008392334,0.8709999918937683
8.090000152587889,-18.95499992370605,-0.2010000050067901
8.934000015258789,-18.285999298095703,1.9420000314712524
9.56700038909912,-14.133000373840332,1.807999968528748
10.270999908447266,-10.984999656677246,0.8709999918937683
10.904000282287598,-7.368000030517577,0.2010000050067901
10.904000282287598,0.5360000133514404,-0.4020000100135803
10.621999740600586,5.625999927520752,-0.6700000166893005
8.934000015258789,7.368000030517577,-0.9380000233650208
8.090000152587889,7.166999816894531,-1.2059999704360962
8.159999847412111,7.903999805450439,-1.1390000581741333
7.948999881744385,8.572999954223633,0.1340000033378601
7.668000221252441,13.463000297546388,1.406999945640564
7.456999778747559,13.463000297546388,1.741000056266785
7.245999813079834,15.06999969482422,2.344000101089477
7.386000156402588,13.32900047302246,1.807999968528748
7.245999813079834,15.13700008392334,2.880000114440918
7.245999813079834,13.26200008392334,1.741000056266785
7.245999813079834,15.807000160217283,2.477999925613404
6.964000225067139,17.75,3.2149999141693115
7.73799991607666,12.72599983215332,2.1429998874664307
9.145000457763672,1.0720000267028809,1.2730000019073486
8.722999572753906,-8.640000343322754,0.06700000166893
9.637999534606934,-12.859999656677244,1.4739999771118164
9.21500015258789,-16.208999633789062,1.2059999704360962
9.28600025177002,-18.55299949645996,0.9380000233650208
9.98900032043457,-18.82099914550781,1.6080000400543213
11.1850004196167,-14.869999885559082,1.406999945640564
11.536999702453612,-11.588000297546388,0.7369999885559082
12.310999870300291,-7.636000156402588,-0.3350000083446503
12.661999702453612,2.746000051498413,-0.7369999885559082
11.817999839782717,6.564000129699707,-0.5360000133514404
10.130000114440918,7.234000205993652,-1.0720000267028809
9.98900032043457,7.0329999923706055,-1.1390000581741333
9.355999946594238,9.041999816894531,-1.5410000085830688
9.003999710083008,9.779000282287598,0.4690000116825104
8.934000015258789,14.333999633789062,1.807999968528748
8.51200008392334,13.864999771118164,3.013999938964844
8.442000389099121,15.940999984741213,3.1480000019073486
8.371000289916992,13.79800033569336,1.741000056266785
8.230999946594237,15.338000297546388,2.477999925613404
8.020000457763674,14.668999671936035,2.009000062942505
8.020000457763674,16.007999420166016,2.4110000133514404
7.526999950408935,17.079999923706055,2.2100000381469727
8.090000152587889,12.859999656677244,2.5450000762939453
9.074999809265137,0.4020000100135803,2.2100000381469727
9.28600025177002,-8.505999565124513,1.0049999952316284
9.918999671936035,-12.524999618530272,1.6080000400543213
9.777999877929688,-15.338000297546388,1.1390000581741333
10.270999908447266,-17.816999435424805,0.6700000166893005
11.043999671936035,-18.01799964904785,1.741000056266785
11.888999938964846,-15.739999771118164,1.6080000400543213
12.592000007629396,-11.720999717712402,0.6029999852180481
12.522000312805176,-7.234000205993652,-0.1340000033378601
12.170000076293944,0.7369999885559082,-0.8040000200271606
11.607000350952148,5.760000228881836,-1.0049999952316284
10.41100025177002,6.697999954223633,-1.1390000581741333
9.848999977111816,6.966000080108643,-1.3400000333786009
9.355999946594238,7.636000156402588,-1.6080000400543213
8.934000015258789,9.645000457763672,0.3350000083446503
8.51200008392334,14.869999885559082,2.5450000762939453
8.51200008392334,15.87399959564209,2.678999900817871
8.652999877929688,17.482000350952152,3.3489999771118164
8.793000221252441,12.659000396728516,1.9420000314712524
8.371000289916992,14.937000274658203,2.746000051498413
8.300999641418457,14.468000411987305,3.2149999141693115
8.090000152587889,15.003999710083008,2.678999900817871
8.371000289916992,17.01300048828125,2.9470000267028813
9.145000457763672,8.572999954223633,3.1480000019073486
9.003999710083008,1.5410000085830688,2.075999975204468
8.86400032043457,-5.090000152587892,1.0049999952316284
9.496999740600586,-10.784000396728516,1.6740000247955322
9.98900032043457,-2.746000051498413,0.6029999852180481
10.340999603271484,-4.2199997901916495,-0.4690000116825104
11.748000144958494,-6.831999778747559,0.4020000100135803
12.380999565124512,-8.907999992370605,0.5360000133514404
12.944000244140623,-9.444000244140623,0.7369999885559082
13.435999870300291,-1.9420000314712524,0.2010000050067901
12.87399959564209,4.421000003814697,-0.3350000083446503
12.239999771118164,5.559000015258789,-0.8709999918937683
11.748000144958494,7.434999942779541,-1.0049999952316284
11.255999565124512,7.568999767303468,-1.0720000267028809
11.888999938964846,7.434999942779541,-1.9420000314712524
11.043999671936035,10.515999794006348,0.7369999885559082
10.904000282287598,16.476999282836914,2.746000051498413
10.973999977111816,16.745000839233402,3.013999938964844
10.904000282287598,15.538999557495115,3.0810000896453857
11.326000213623049,15.472000122070312,3.884999990463257
10.340999603271484,12.79300022125244,2.1429998874664307
9.56700038909912,13.663999557495115,2.009000062942505
10.270999908447266,15.739999771118164,3.41599988937378
10.340999603271484,17.14699935913086,3.41599988937378
10.340999603271484,11.31999969482422,1.6080000400543213
10.0600004196167,10.515999794006348,2.1429998874664307
10.621999740600586,4.287000179290772,0.06700000166893
10.762999534606934,2.5450000762939453,0.1340000033378601
10.482000350952148,-8.104999542236326,0.5360000133514404
11.255999565124512,-7.636000156402588,-0.5360000133514404
11.255999565124512,1.5410000085830688,-0.2010000050067901
9.777999877929688,1.9420000314712524,-0.06700000166893
10.270999908447266,2.4110000133514404,-0.2680000066757202
9.848999977111816,6.296000003814697,0.06700000166893
9.56700038909912,7.97100019454956,-0.2680000066757202
9.425999641418455,6.027999877929688,-0.6700000166893005
9.355999946594238,6.966000080108643,-1.0049999952316284
9.496999740600586,6.966000080108643,-1.1390000581741333
9.003999710083008,6.966000080108643,-1.6740000247955322
9.21500015258789,9.109000205993652,-0.1340000033378601
9.145000457763672,14.937000274658203,0.9380000233650208
9.56700038909912,12.994000434875488,2.1429998874664307
9.708000183105469,15.06999969482422,3.282000064849853
9.637999534606934,14.53499984741211,2.2769999504089355
9.708000183105469,13.463000297546388,2.1429998874664307
7.0349998474121085,11.253000259399414,1.1390000581741333
8.652999877929688,13.99899959564209,1.4739999771118164
9.355999946594238,15.270999908447266,2.2100000381469727
8.51200008392334,12.390999794006348,1.5410000085830688
9.98900032043457,11.588000297546388,2.344000101089477
10.340999603271484,7.166999816894531,1.0049999952316284
9.918999671936035,2.9470000267028813,0.6700000166893005
9.425999641418455,0.06700000166893,1.0720000267028809
9.637999534606934,0.7369999885559082,0.0
9.496999740600586,2.2769999504089355,0.3350000083446503
9.355999946594238,-4.48799991607666,-0.1340000033378601
9.918999671936035,-0.7369999885559082,-0.6700000166893005
10.0600004196167,-0.9380000233650208,-1.0720000267028809
10.270999908447266,3.617000102996826,-0.7369999885559082
10.0600004196167,6.162000179290772,-0.9380000233650208
9.98900032043457,7.166999816894531,-0.4020000100135803
8.371000289916992,7.501999855041504,-0.4690000116825104
8.442000389099121,7.97100019454956,-0.7369999885559082
7.73799991607666,8.23900032043457,0.2680000066757202
7.105000019073486,12.1899995803833,1.741000056266785
6.752999782562256,13.932000160217283,1.807999968528748
6.401999950408936,14.267000198364258,1.9420000314712524
5.839000225067139,13.26200008392334,1.9420000314712524
5.908999919891357,13.730999946594238,2.611999988555908
5.416999816894531,13.597000122070312,2.075999975204468
4.994999885559082,16.40999984741211,2.344000101089477
5.135000228881836,17.14699935913086,1.5410000085830688
4.64300012588501,14.065999984741213,1.6080000400543213
4.361999988555908,13.463000297546388,2.746000051498413
4.290999889373778,10.717000007629396,1.2059999704360962
3.6579999923706055,9.041999816894531,1.2059999704360962
3.16599988937378,7.368000030517577,1.0720000267028809
3.5169999599456787,5.760000228881836,0.2010000050067901
3.236000061035156,2.880000114440918,-0.4690000116825104
3.236000061035156,5.290999889373778,0.06700000166893
3.7279999256134033,5.090000152587892,-0.06700000166893
5.205999851226807,6.429999828338622,0.2680000066757202
5.697999954223633,8.439000129699707,0.0
5.205999851226807,6.966000080108643,-0.5360000133514404
5.557000160217285,7.166999816894531,-0.3350000083446503
4.64300012588501,6.564000129699707,-0.6029999852180481
5.486999988555908,6.764999866485598,-0.8709999918937683
6.050000190734862,8.439000129699707,0.6029999852180481
5.135000228881836,14.468000411987305,2.009000062942505
6.261000156402588,17.14699935913086,3.2149999141693115
6.401999950408936,13.32900047302246,2.1429998874664307
6.61299991607666,16.142000198364258,3.2149999141693115
6.261000156402588,17.548999786376953,3.1480000019073486
6.683000087738037,15.003999710083008,2.2100000381469727
6.330999851226808,14.869999885559082,2.009000062942505
6.752999782562256,18.6200008392334,2.678999900817871
6.541999816894531,14.133000373840332,2.4110000133514404
6.261000156402588,9.444000244140623,1.875
6.964000225067139,-5.290999889373778,3.818000078201294
6.4720001220703125,-4.2199997901916495,3.282000064849853
7.105000019073486,-5.425000190734863,2.9470000267028813
7.175000190734862,-9.243000030517578,2.075999975204468
8.020000457763674,-3.549999952316284,2.344000101089477
8.159999847412111,1.1390000581741333,1.2730000019073486
8.652999877929688,-1.1390000581741333,1.5410000085830688
8.230999946594237,9.51099967956543,1.3400000333786009
7.668000221252441,7.903999805450439,0.1340000033378601
8.442000389099121,8.77400016784668,0.0
7.948999881744385,8.907999992370605,-0.6029999852180481
7.809000015258789,9.444000244140623,-0.3350000083446503
7.73799991607666,8.975000381469727,-0.4020000100135803
7.386000156402588,9.175999641418455,0.1340000033378601
7.668000221252441,16.275999069213867,2.880000114440918
7.456999778747559,16.945999145507812,3.617000102996826
7.315999984741211,14.199999809265137,3.013999938964844
7.809000015258789,14.401000022888184,3.41599988937378
7.526999950408935,14.267000198364258,2.1429998874664307
6.541999816894531,15.270999908447266,2.1429998874664307
7.0349998474121085,15.20400047302246,3.0810000896453857
7.879000186920166,17.951000213623047,3.617000102996826
9.074999809265137,12.1899995803833,2.678999900817871
8.020000457763674,6.027999877929688,1.741000056266785
8.51200008392334,-7.636000156402588,3.884999990463257
9.496999740600586,2.009000062942505,2.2100000381469727
9.145000457763672,-6.966000080108643,2.812999963760376
9.56700038909912,-14.199999809265137,4.2199997901916495
8.86400032043457,-9.711999893188477,3.750999927520752
9.848999977111816,-10.91800022125244,4.019000053405762
10.199999809265137,-6.697999954223633,2.746000051498413
9.98900032043457,3.818000078201294,0.3350000083446503
10.552000045776367,7.0329999923706055,0.0
10.270999908447266,8.640000343322754,0.06700000166893
9.425999641418455,9.376999855041504,0.2010000050067901
8.51200008392334,9.243000030517578,0.2010000050067901
9.074999809265137,9.979999542236328,0.6029999852180481
8.934000015258789,10.11400032043457,1.406999945640564
8.51200008392334,14.468000411987305,2.009000062942505
8.722999572753906,15.538999557495115,3.2149999141693115
8.51200008392334,16.343000411987305,3.617000102996826
9.21500015258789,16.007999420166016,3.282000064849853
9.425999641418455,12.72599983215332,2.2769999504089355
9.355999946594238,15.338000297546388,3.0810000896453857
9.56700038909912,15.67300033569336,1.875
9.074999809265137,15.605999946594238,1.5410000085830688
9.848999977111816,10.248000144958496,1.2059999704360962
10.270999908447266,8.975000381469727,2.477999925613404
9.848999977111816,8.706999778747559,2.344000101089477
9.98900032043457,1.6740000247955322,3.41599988937378
10.692999839782717,-0.1340000033378601,2.746000051498413
10.833000183105469,-10.515999794006348,2.880000114440918
10.621999740600586,-7.166999816894531,3.0810000896453857
11.114999771118164,-4.152999877929688,3.549999952316284
10.482000350952148,-5.1570000648498535,2.9470000267028813
11.607000350952148,-0.5360000133514404,2.611999988555908
11.326000213623049,4.622000217437744,0.6029999852180481
10.0600004196167,8.371999740600586,-0.2680000066757202
10.340999603271484,8.640000343322754,-0.8040000200271606
9.777999877929688,9.3100004196167,-0.5360000133514404
10.130000114440918,9.175999641418455,-1.0049999952316284
10.482000350952148,8.439000129699707,-0.2680000066757202
9.848999977111816,15.003999710083008,2.812999963760376
9.777999877929688,15.605999946594238,2.5450000762939453
9.918999671936035,14.53499984741211,2.746000051498413
9.918999671936035,14.803000450134276,2.611999988555908
9.425999641418455,15.87399959564209,3.2149999141693115
9.496999740600586,16.075000762939453,3.2149999141693115
9.637999534606934,15.605999946594238,2.611999988555908
9.777999877929688,18.084999084472656,3.750999927520752
10.340999603271484,9.913000106811523,5.0229997634887695
11.1850004196167,0.4020000100135803,3.1480000019073486
11.255999565124512,-3.884999990463257,2.9470000267028813
11.678000450134276,-10.04699993133545,4.956999778747559
11.326000213623049,-11.98900032043457,5.425000190734863
11.607000350952148,-12.859999656677244,3.95199990272522
12.732999801635742,-14.267000198364258,5.223999977111816
13.085000038146973,-10.984999656677246,5.492000102996826
13.99899959564209,-6.697999954223633,1.6080000400543213
14.210000038146973,-1.6080000400543213,1.0049999952316284
13.99899959564209,5.894000053405763,0.6700000166893005
13.718000411987305,8.038000106811522,0.0
12.451000213623049,9.444000244140623,0.2010000050067901
11.678000450134276,9.51099967956543,0.0
11.326000213623049,9.175999641418455,-0.6700000166893005
11.043999671936035,9.913000106811523,0.6700000166893005
10.973999977111816,11.588000297546388,2.2769999504089355
10.833000183105469,14.668999671936035,2.477999925613404
10.692999839782717,14.60200023651123,2.2769999504089355
10.973999977111816,14.869999885559082,2.344000101089477
9.56700038909912,16.343000411987305,3.6840000152587886
9.56700038909912,13.663999557495115,2.5450000762939453
9.496999740600586,15.338000297546388,2.880000114440918
9.496999740600586,15.807000160217283,2.477999925613404
9.637999534606934,12.524999618530272,2.5450000762939453
10.199999809265137,6.2290000915527335,2.812999963760376
10.0600004196167,1.1390000581741333,3.6840000152587886
10.833000183105469,-7.903999805450439,2.746000051498413
10.833000183105469,-11.185999870300291,1.6740000247955322
11.326000213623049,-14.60200023651123,1.4739999771118164
11.817999839782717,-13.932000160217283,1.875
12.803000450134276,-12.592000007629396,1.3400000333786009
13.225000381469728,-7.636000156402588,1.6740000247955322
13.928999900817873,-2.4110000133514404,0.7369999885559082
13.085000038146973,3.818000078201294,-0.4690000116825104
12.592000007629396,6.2290000915527335,-0.3350000083446503
11.817999839782717,8.038000106811522,-0.4020000100135803
11.536999702453612,7.836999893188477,-0.8040000200271606
11.114999771118164,8.23900032043457,-1.4739999771118164
10.833000183105469,8.572999954223633,-0.6700000166893005
10.692999839782717,12.458000183105469,1.6740000247955322
10.904000282287598,12.927000045776367,1.9420000314712524
11.607000350952148,16.075000762939453,4.2199997901916495
11.607000350952148,14.869999885559082,2.4110000133514404
11.1850004196167,14.668999671936035,2.812999963760376
11.748000144958494,15.338000297546388,2.477999925613404
11.607000350952148,15.003999710083008,2.5450000762939453
11.326000213623049,15.338000297546388,1.741000056266785
11.958999633789062,10.449000358581545,1.5410000085830688
12.592000007629396,3.750999927520752,1.741000056266785
12.661999702453612,-0.06700000166893,1.406999945640564
12.592000007629396,-4.622000217437744,2.075999975204468
12.029000282287598,-7.703000068664551,1.3400000333786009
12.522000312805176,-3.41599988937378,0.06700000166893
11.958999633789062,0.3350000083446503,0.5360000133514404
12.803000450134276,-4.822999954223633,1.0049999952316284
12.661999702453612,-0.4020000100135803,0.1340000033378601
12.451000213623049,4.152999877929688,-0.06700000166893
13.29599952697754,6.564000129699707,-0.1340000033378601
12.944000244140623,6.764999866485598,-0.6029999852180481
12.732999801635742,7.301000118255615,-0.7369999885559082
12.661999702453612,7.434999942779541,-0.8040000200271606
12.451000213623049,6.966000080108643,-1.3400000333786009
12.522000312805176,9.444000244140623,0.4690000116825104
12.380999565124512,12.79300022125244,2.678999900817871
12.732999801635742,12.994000434875488,2.344000101089477
12.522000312805176,13.597000122070312,3.41599988937378
12.100000381469728,13.32900047302246,3.2149999141693115
11.678000450134276,13.932000160217283,3.95199990272522
11.888999938964846,15.20400047302246,3.95199990272522
12.592000007629396,14.267000198364258,3.282000064849853
12.732999801635742,16.945999145507812,2.9470000267028813
12.944000244140623,13.597000122070312,3.6840000152587886
12.87399959564209,6.2290000915527335,2.5450000762939453
12.522000312805176,-2.1429998874664307,1.6080000400543213
13.718000411987305,-9.376999855041504,1.0049999952316284
13.647000312805176,-6.831999778747559,0.7369999885559082
14.562000274658203,-16.075000762939453,0.4020000100135803
14.843000411987305,-5.290999889373778,0.1340000033378601
15.053999900817873,-4.421000003814697,0.4020000100135803
15.89799976348877,-0.9380000233650208,-0.06700000166893
16.812999725341793,-5.894000053405763,-0.5360000133514404
15.82800006866455,2.611999988555908,-1.0049999952316284
14.77299976348877,6.2290000915527335,-1.3400000333786009
14.491000175476074,7.568999767303468,-1.406999945640564
13.57699966430664,8.038000106811522,-0.8040000200271606
13.225000381469728,8.439000129699707,-1.5410000085830688
13.506999969482422,10.717000007629396,0.7369999885559082
13.366000175476074,17.615999221801758,3.6840000152587886
13.435999870300291,15.13700008392334,3.1480000019073486
13.435999870300291,15.20400047302246,2.678999900817871
13.57699966430664,14.199999809265137,2.075999975204468
13.435999870300291,13.864999771118164,2.2769999504089355
13.085000038146973,13.463000297546388,2.344000101089477
13.647000312805176,14.065999984741213,1.406999945640564
13.788000106811523,14.065999984741213,2.2769999504089355
13.99899959564209,10.11400032043457,1.875
14.069000244140623,6.697999954223633,0.6700000166893005
13.435999870300291,3.013999938964844,-0.3350000083446503
13.57699966430664,-0.2680000066757202,0.0
12.87399959564209,-13.99899959564209,0.8040000200271606
12.87399959564209,-0.5360000133514404,-0.2010000050067901
12.380999565124512,-1.5410000085830688,0.0
12.732999801635742,-1.4739999771118164,0.0
13.506999969482422,-6.162000179290772,0.0
13.435999870300291,-0.7369999885559082,-0.5360000133514404
13.647000312805176,6.89900016784668,-0.4690000116825104
7.526999950408935,7.301000118255615,-0.9380000233650208
5.76800012588501,6.966000080108643,-1.1390000581741333
8.020000457763674,6.63100004196167,-1.0720000267028809
9.777999877929688,9.376999855041504,-0.6700000166893005
10.833000183105469,10.515999794006348,0.6700000166893005
10.482000350952148,14.199999809265137,1.5410000085830688
10.482000350952148,14.133000373840332,2.075999975204468
10.340999603271484,14.60200023651123,1.406999945640564
10.199999809265137,13.529999732971191,1.2059999704360962
10.0600004196167,12.458000183105469,2.075999975204468
9.56700038909912,13.060999870300291,2.075999975204468
9.637999534606934,13.663999557495115,1.741000056266785
10.130000114440918,14.401000022888184,2.075999975204468
9.21500015258789,13.32900047302246,2.477999925613404
9.21500015258789,8.706999778747559,1.6080000400543213
9.708000183105469,3.6840000152587886,-0.4690000116825104
9.28600025177002,2.009000062942505,0.7369999885559082
9.425999641418455,-13.395999908447266,1.2730000019073486
9.918999671936035,-7.434999942779541,-0.8040000200271606
9.918999671936035,-13.597000122070312,0.2680000066757202
9.918999671936035,-9.645000457763672,0.9380000233650208
10.270999908447266,-0.1340000033378601,0.0
10.482000350952148,-3.282000064849853,-0.4020000100135803
10.621999740600586,3.013999938964844,-0.4690000116825104
10.833000183105469,6.429999828338622,-0.6029999852180481
10.0600004196167,6.564000129699707,-1.0720000267028809
10.130000114440918,7.368000030517577,-0.7369999885559082
9.074999809265137,7.234000205993652,-2.075999975204468
8.020000457763674,9.51099967956543,0.06700000166893
7.73799991607666,12.859999656677244,1.875
8.230999946594237,14.668999671936035,1.6080000400543213
7.809000015258789,15.605999946594238,2.746000051498413
8.230999946594237,17.816999435424805,4.0859999656677255
8.722999572753906,14.869999885559082,2.009000062942505
8.581999778747559,13.26200008392334,1.1390000581741333
8.371000289916992,16.476999282836914,3.4830000400543213
8.652999877929688,17.347999572753903,3.4830000400543213
9.637999534606934,9.979999542236328,2.344000101089477
9.918999671936035,0.4690000116825104,2.075999975204468
9.708000183105469,-10.11400032043457,1.0720000267028809
9.496999740600586,-13.060999870300291,1.6740000247955322
9.21500015258789,-14.937000274658203,1.807999968528748
9.777999877929688,-19.1560001373291,1.406999945640564
10.621999740600586,-17.079999923706055,1.3400000333786009
12.029000282287598,-15.20400047302246,1.2059999704360962
12.944000244140623,-12.592000007629396,0.8709999918937683
13.857999801635742,-6.09499979019165,-0.06700000166893
12.944000244140623,3.3489999771118164,0.3350000083446503
13.29599952697754,6.2290000915527335,-1.1390000581741333
11.536999702453612,9.913000106811523,-0.06700000166893
11.395999908447266,7.234000205993652,-0.5360000133514404
11.326000213623049,8.907999992370605,-0.8040000200271606
10.973999977111816,9.979999542236328,0.3350000083446503
10.904000282287598,13.395999908447266,1.807999968528748
10.41100025177002,14.60200023651123,3.1480000019073486
10.340999603271484,16.007999420166016,3.282000064849853
10.130000114440918,17.482000350952152,4.622000217437744
10.0600004196167,14.401000022888184,2.812999963760376
10.199999809265137,17.079999923706055,4.3540000915527335
10.270999908447266,18.82099914550781,4.48799991607666
10.199999809265137,16.878999710083008,3.617000102996826
11.043999671936035,12.324000358581545,4.287000179290772
11.536999702453612,1.6080000400543213,1.6740000247955322
10.973999977111816,-3.3489999771118164,2.2100000381469727
11.326000213623049,-13.395999908447266,1.6740000247955322
12.029000282287598,-16.208999633789062,1.875
12.310999870300291,-19.089000701904297,0.8040000200271606
13.154999732971191,-17.683000564575195,1.6740000247955322
14.210000038146973,-6.89900016784668,1.1390000581741333
14.491000175476074,-8.505999565124513,0.6029999852180481
15.54699993133545,-1.2059999704360962,-0.2680000066757202
13.788000106811523,4.889999866485597,-0.8040000200271606
13.506999969482422,6.2290000915527335,-1.4739999771118164
12.661999702453612,7.099999904632568,-1.6080000400543213
12.661999702453612,7.099999904632568,-1.6740000247955322
12.661999702453612,7.099999904632568,-1.2059999704360962
12.451000213623049,7.234000205993652,-0.1340000033378601
12.522000312805176,11.45400047302246,0.5360000133514404
11.958999633789062,12.324000358581545,1.6080000400543213
12.239999771118164,15.06999969482422,2.880000114440918
12.100000381469728,14.267000198364258,2.880000114440918
11.888999938964846,10.984999656677246,1.2059999704360962
11.467000007629396,13.730999946594238,2.344000101089477
8.722999572753906,13.395999908447266,2.2769999504089355
10.833000183105469,15.605999946594238,3.2149999141693115
7.315999984741211,15.67300033569336,2.880000114440918
9.708000183105469,15.06999969482422,3.2149999141693115
6.683000087738037,9.3100004196167,1.2730000019073486
8.86400032043457,1.741000056266785,0.06700000166893
10.130000114440918,1.6740000247955322,-0.1340000033378601
11.043999671936035,-3.95199990272522,-1.0049999952316284
11.1850004196167,-7.234000205993652,-0.1340000033378601
11.043999671936035,2.477999925613404,-0.3350000083446503
11.326000213623049,-0.4020000100135803,-0.4020000100135803
11.607000350952148,1.3400000333786009,-0.4690000116825104
11.607000350952148,5.1570000648498535,-0.6029999852180481
11.536999702453612,6.36299991607666,-1.0720000267028809
11.536999702453612,6.63100004196167,-1.6740000247955322
11.817999839782717,6.697999954223633,-1.6740000247955322
11.536999702453612,7.234000205993652,-1.807999968528748
11.678000450134276,9.645000457763672,0.5360000133514404
11.748000144958494,11.788000106811523,1.0049999952316284
11.748000144958494,14.60200023651123,3.282000064849853
12.029000282287598,13.99899959564209,1.875
12.239999771118164,14.53499984741211,2.1429998874664307
12.239999771118164,13.932000160217283,2.4110000133514404
11.817999839782717,13.864999771118164,2.075999975204468
12.451000213623049,10.649999618530272,0.6700000166893005
12.239999771118164,10.649999618530272,0.6029999852180481
12.380999565124512,8.907999992370605,0.8040000200271606
12.029000282287598,11.38700008392334,2.2100000381469727
10.692999839782717,9.175999641418455,1.5410000085830688
11.888999938964846,7.099999904632568,0.2010000050067901
10.904000282287598,9.444000244140623,0.7369999885559082
7.105000019073486,-4.2199997901916495,-0.6029999852180481
8.934000015258789,2.009000062942505,-0.4690000116825104
9.28600025177002,6.89900016784668,0.5360000133514404
9.074999809265137,4.956999778747559,-0.4020000100135803
9.56700038909912,6.63100004196167,-0.8040000200271606
7.668000221252441,4.287000179290772,-1.3400000333786009
9.56700038909912,6.764999866485598,-1.1390000581741333
8.934000015258789,6.831999778747559,-0.9380000233650208
5.697999954223633,6.63100004196167,-1.1390000581741333
8.020000457763674,7.836999893188477,-1.406999945640564
7.456999778747559,8.975000381469727,0.06700000166893
7.597000122070312,12.256999969482422,1.406999945640564
7.948999881744385,12.1899995803833,1.5410000085830688
7.456999778747559,12.859999656677244,1.875
7.456999778747559,13.395999908447266,2.880000114440918
7.668000221252441,14.668999671936035,2.9470000267028813
8.090000152587889,12.123000144958494,1.6080000400543213
8.442000389099121,12.390999794006348,2.2769999504089355
8.652999877929688,12.72599983215332,1.0720000267028809
8.51200008392334,13.19499969482422,1.5410000085830688
8.300999641418457,11.052000045776367,2.009000062942505
7.948999881744385,6.831999778747559,0.6700000166893005
8.159999847412111,5.1570000648498535,0.1340000033378601
8.230999946594237,5.1570000648498535,-0.7369999885559082
8.722999572753906,1.3400000333786009,-0.6029999852180481
8.230999946594237,4.3540000915527335,0.06700000166893
8.159999847412111,2.880000114440918,0.0
7.73799991607666,5.827000141143799,0.8709999918937683
7.386000156402588,6.63100004196167,0.4020000100135803
7.315999984741211,7.703000068664551,2.2769999504089355
7.73799991607666,5.827000141143799,2.1429998874664307
8.722999572753906,6.2290000915527335,2.075999975204468
8.86400032043457,6.296000003814697,1.9420000314712524
9.074999809265137,6.429999828338622,1.6740000247955322
8.442000389099121,5.960999965667725,2.1429998874664307
8.300999641418457,8.439000129699707,3.6840000152587886
8.51200008392334,9.979999542236328,3.818000078201294
8.020000457763674,11.253000259399414,5.223999977111816
7.73799991607666,11.052000045776367,4.0859999656677255
7.245999813079834,11.052000045776367,4.0859999656677255
7.105000019073486,11.31999969482422,4.956999778747559
7.597000122070312,12.458000183105469,4.889999866485597
8.300999641418457,13.060999870300291,3.282000064849853
6.964000225067139,1.3400000333786009,0.6029999852180481
7.456999778747559,-0.6029999852180481,0.6700000166893005
7.809000015258789,-2.009000062942505,0.6700000166893005
8.300999641418457,-7.368000030517577,0.8040000200271606
8.581999778747559,-17.079999923706055,2.075999975204468
8.934000015258789,-11.119000434875488,1.6740000247955322
10.130000114440918,-8.907999992370605,0.8040000200271606
10.41100025177002,-16.67799949645996,1.741000056266785
11.888999938964846,-17.14699935913086,1.6740000247955322
12.592000007629396,-11.119000434875488,0.7369999885559082
12.310999870300291,-4.48799991607666,0.3350000083446503
11.748000144958494,0.9380000233650208,0.4020000100135803
10.621999740600586,2.611999988555908,0.4690000116825104
10.199999809265137,2.746000051498413,0.4020000100135803
9.496999740600586,2.678999900817871,0.5360000133514404
9.708000183105469,2.746000051498413,0.6700000166893005
9.074999809265137,4.554999828338623,0.8040000200271606
8.581999778747559,4.287000179290772,0.8040000200271606
8.230999946594237,4.287000179290772,0.8040000200271606
8.159999847412111,4.2199997901916495,0.7369999885559082
7.809000015258789,4.152999877929688,0.7369999885559082
7.175000190734862,4.287000179290772,0.7369999885559082
7.0349998474121085,4.689000129699707,0.7369999885559082
7.0349998474121085,4.75600004196167,1.0720000267028809
7.879000186920166,-0.2680000066757202,0.7369999885559082
8.230999946594237,-7.166999816894531,1.2059999704360962
8.230999946594237,-15.739999771118164,1.741000056266785
8.581999778747559,-19.290000915527344,2.344000101089477
9.074999809265137,-21.63500022888184,2.5450000762939453
9.56700038909912,-22.70599937438965,2.5450000762939453
10.340999603271484,-22.4379997253418,2.2769999504089355
11.607000350952148,-20.36199951171875,1.9420000314712524
12.380999565124512,-16.476999282836914,1.5410000085830688
12.661999702453612,-10.91800022125244,1.1390000581741333
12.87399959564209,-3.884999990463257,0.7369999885559082
12.239999771118164,1.3400000333786009,0.6700000166893005
11.607000350952148,2.812999963760376,0.5360000133514404
10.762999534606934,4.75600004196167,1.3400000333786009
9.708000183105469,4.3540000915527335,1.2059999704360962
9.425999641418455,6.162000179290772,2.746000051498413
8.722999572753906,6.63100004196167,1.807999968528748
7.948999881744385,6.027999877929688,1.6740000247955322
7.668000221252441,5.827000141143799,1.807999968528748
7.315999984741211,6.09499979019165,1.6740000247955322
6.752999782562256,6.296000003814697,1.6740000247955322
6.330999851226808,6.497000217437744,1.875
6.119999885559082,7.434999942779541,1.9420000314712524
6.050000190734862,5.692999839782715,1.6740000247955322
6.401999950408936,2.880000114440918,1.807999968528748
6.61299991607666,1.5410000085830688,2.344000101089477
6.683000087738037,-15.06999969482422,3.3489999771118164
7.456999778747559,-19.49099922180176,3.818000078201294
7.105000019073486,-17.214000701904293,3.6840000152587886
8.159999847412111,-10.85099983215332,2.075999975204468
8.51200008392334,-9.175999641418455,2.880000114440918
9.637999534606934,-15.67300033569336,5.0229997634887695
10.130000114440918,-9.845999717712402,2.4110000133514404
10.0600004196167,-4.152999877929688,2.812999963760376
9.918999671936035,4.554999828338623,2.1429998874664307
9.56700038909912,5.0229997634887695,1.6740000247955322
9.28600025177002,6.764999866485598,1.6740000247955322
8.581999778747559,7.0329999923706055,1.6740000247955322
8.230999946594237,7.769999980926514,0.7369999885559082
8.371000289916992,11.588000297546388,4.019000053405762
7.948999881744385,13.32900047302246,5.223999977111816
7.809000015258789,15.404999732971191,6.429999828338622
7.597000122070312,14.736000061035154,5.223999977111816
7.809000015258789,13.79800033569336,5.492000102996826
7.73799991607666,13.128000259399414,4.622000217437744
7.809000015258789,15.06999969482422,5.223999977111816
8.300999641418457,15.20400047302246,4.75600004196167
8.652999877929688,14.60200023651123,4.554999828338623
8.793000221252441,13.128000259399414,5.090000152587892
8.722999572753906,10.984999656677246,4.75600004196167
9.496999740600586,1.2730000019073486,3.1480000019073486
10.482000350952148,-1.4739999771118164,4.019000053405762
11.043999671936035,-3.013999938964844,4.019000053405762
11.607000350952148,-17.951000213623047,4.019000053405762
12.100000381469728,-6.831999778747559,3.818000078201294
11.255999565124512,1.2059999704360962,3.750999927520752
10.973999977111816,7.234000205993652,4.019000053405762
11.395999908447266,6.497000217437744,3.0810000896453857
11.114999771118164,9.779000282287598,3.617000102996826
10.692999839782717,6.296000003814697,1.9420000314712524
10.762999534606934,6.89900016784668,2.009000062942505
11.467000007629396,7.501999855041504,2.1429998874664307
11.395999908447266,7.636000156402588,0.9380000233650208
11.888999938964846,8.840999603271484,2.344000101089477
11.888999938964846,11.788000106811523,3.4830000400543213
11.817999839782717,13.932000160217283,5.090000152587892
11.467000007629396,14.199999809265137,5.425000190734863
11.607000350952148,14.53499984741211,6.63100004196167
9.848999977111816,15.003999710083008,5.827000141143799
8.371000289916992,12.458000183105469,4.822999954223633
10.130000114440918,13.597000122070312,4.2199997901916495
10.762999534606934,14.468000411987305,5.223999977111816
8.442000389099121,11.588000297546388,3.884999990463257
8.300999641418457,10.515999794006348,3.750999927520752
9.777999877929688,7.434999942779541,3.2149999141693115
10.552000045776367,0.06700000166893,2.4110000133514404
10.904000282287598,3.41599988937378,2.477999925613404
11.043999671936035,-8.706999778747559,1.406999945640564
10.621999740600586,-1.9420000314712524,3.013999938964844
10.833000183105469,0.6029999852180481,3.0810000896453857
10.692999839782717,3.3489999771118164,2.075999975204468
10.904000282287598,4.956999778747559,2.678999900817871
10.552000045776367,6.63100004196167,2.2100000381469727
11.114999771118164,5.760000228881836,2.009000062942505
11.043999671936035,6.564000129699707,1.741000056266785
10.692999839782717,9.51099967956543,2.344000101089477
10.270999908447266,9.376999855041504,2.344000101089477
10.130000114440918,8.77400016784668,2.9470000267028813
10.340999603271484,10.180999755859377,2.746000051498413
10.482000350952148,12.123000144958494,4.822999954223633
10.340999603271484,11.588000297546388,4.3540000915527335
9.918999671936035,12.927000045776367,5.290999889373778
9.98900032043457,11.654999732971191,4.689000129699707
10.199999809265137,12.256999969482422,4.2199997901916495
9.98900032043457,11.854999542236328,4.3540000915527335
10.270999908447266,11.185999870300291,3.3489999771118164
10.833000183105469,7.769999980926514,3.3489999771118164
10.552000045776367,5.357999801635742,4.0859999656677255
11.326000213623049,-7.434999942779541,3.013999938964844
11.536999702453612,-10.717000007629396,3.884999990463257
12.380999565124512,-12.592000007629396,4.152999877929688
12.451000213623049,-16.275999069213867,3.0810000896453857
13.085000038146973,-12.123000144958494,4.2199997901916495
13.366000175476074,-10.583000183105469,4.75600004196167
14.491000175476074,-6.966000080108643,3.6840000152587886
15.265000343322756,-4.152999877929688,3.41599988937378
15.54699993133545,0.4020000100135803,2.4110000133514404
14.42099952697754,5.625999927520752,2.075999975204468
13.435999870300291,6.966000080108643,1.875
13.29599952697754,7.568999767303468,2.075999975204468
12.944000244140623,9.3100004196167,2.4110000133514404
12.661999702453612,9.645000457763672,3.282000064849853
12.522000312805176,14.53499984741211,5.223999977111816
12.451000213623049,13.79800033569336,5.760000228881836
12.522000312805176,15.87399959564209,5.894000053405763
12.732999801635742,15.538999557495115,5.425000190734863
12.732999801635742,14.53499984741211,4.689000129699707
12.592000007629396,13.79800033569336,4.822999954223633
12.451000213623049,15.338000297546388,5.425000190734863
12.732999801635742,13.26200008392334,4.622000217437744
12.451000213623049,7.501999855041504,4.2199997901916495
13.225000381469728,0.4690000116825104,3.818000078201294
13.366000175476074,-7.0329999923706055,3.549999952316284
13.718000411987305,-10.583000183105469,2.4110000133514404
14.70300006866455,-10.180999755859377,2.678999900817871
13.99899959564209,-17.884000778198242,2.678999900817871
14.70300006866455,-15.20400047302246,3.4830000400543213
15.053999900817873,-10.180999755859377,3.3489999771118164
16.812999725341793,-10.3149995803833,3.013999938964844
16.320999145507812,-2.4110000133514404,2.880000114440918
16.601999282836914,5.357999801635742,2.880000114440918
16.180000305175778,6.764999866485598,2.678999900817871
15.758000373840332,7.703000068664551,2.5450000762939453
15.336000442504885,8.305999755859375,2.4110000133514404
15.336000442504885,9.3100004196167,2.344000101089477
14.984000205993652,9.57800006866455,3.41599988937378
14.70300006866455,13.395999908447266,4.889999866485597
14.562000274658203,12.859999656677244,4.956999778747559
14.140000343322756,12.994000434875488,4.3540000915527335
14.491000175476074,13.395999908447266,5.090000152587892
14.562000274658203,13.463000297546388,4.822999954223633
14.279999732971191,14.668999671936035,5.625999927520752
14.140000343322756,14.668999671936035,4.956999778747559
14.35099983215332,14.803000450134276,5.090000152587892
14.562000274658203,9.645000457763672,5.290999889373778
16.038999557495114,2.477999925613404,4.152999877929688
16.461000442504886,-6.429999828338622,3.2149999141693115
15.19499969482422,-3.2149999141693115,3.95199990272522
14.140000343322756,-8.77400016784668,4.0859999656677255
15.406000137329102,-16.208999633789062,3.95199990272522
14.42099952697754,-12.390999794006348,5.1570000648498535
15.758000373840332,-8.640000343322754,4.554999828338623
16.180000305175778,-7.501999855041504,3.95199990272522
16.882999420166016,0.5360000133514404,3.617000102996826
16.25,3.282000064849853,3.1480000019073486
17.165000915527347,6.89900016784668,2.477999925613404
16.882999420166016,8.305999755859375,2.477999925613404
16.320999145507812,9.51099967956543,2.746000051498413
15.968999862670898,10.04699993133545,1.9420000314712524
15.89799976348877,11.119000434875488,4.019000053405762
15.687000274658203,16.611000061035153,6.497000217437744
15.968999862670898,15.270999908447266,5.692999839782715
16.25,16.343000411987305,7.234000205993652
16.108999252319336,14.869999885559082,5.894000053405763
16.108999252319336,15.472000122070312,6.027999877929688
16.25,11.38700008392334,5.0229997634887695
16.461000442504886,16.142000198364258,6.027999877929688
16.882999420166016,11.854999542236328,4.48799991607666
16.672000885009766,9.779000282287598,5.559000015258789
15.687000274658203,-0.1340000033378601,4.554999828338623
14.843000411987305,-4.822999954223633,5.492000102996826
15.336000442504885,-7.368000030517577,5.625999927520752
14.984000205993652,-11.45400047302246,4.689000129699707
14.70300006866455,-14.937000274658203,3.750999927520752
14.984000205993652,-11.98900032043457,4.2199997901916495
15.687000274658203,-9.3100004196167,4.622000217437744
16.743000030517578,-6.296000003814697,3.95199990272522
16.108999252319336,-1.3400000333786009,2.880000114440918
16.320999145507812,3.0810000896453857,2.4110000133514404
15.82800006866455,6.966000080108643,2.009000062942505
15.54699993133545,8.77400016784668,1.875
16.320999145507812,10.85099983215332,2.009000062942505
16.038999557495114,12.72599983215332,3.282000064849853
16.672000885009766,12.055999755859377,3.2149999141693115
15.053999900817873,16.611000061035153,5.425000190734863
16.108999252319336,17.548999786376953,6.89900016784668
16.601999282836914,16.40999984741211,6.296000003814697
14.631999969482422,16.745000839233402,6.564000129699707
12.239999771118164,15.13700008392334,6.027999877929688
9.708000183105469,14.53499984741211,4.822999954223633
8.652999877929688,14.736000061035154,4.822999954223633
9.98900032043457,16.878999710083008,5.760000228881836
10.973999977111816,11.98900032043457,4.421000003814697
8.090000152587889,11.92199993133545,4.889999866485597
11.326000213623049,5.492000102996826,4.019000053405762
12.380999565124512,1.406999945640564,4.019000053405762
13.154999732971191,-13.529999732971191,5.357999801635742
12.522000312805176,-0.3350000083446503,2.5450000762939453
13.013999938964846,-8.23900032043457,4.152999877929688
13.506999969482422,-12.659000396728516,4.75600004196167
13.506999969482422,-4.689000129699707,3.0810000896453857
13.99899959564209,-0.9380000233650208,3.013999938964844
13.788000106811523,4.287000179290772,2.477999925613404
14.140000343322756,8.77400016784668,2.4110000133514404
13.788000106811523,9.711999893188477,2.009000062942505
13.506999969482422,11.119000434875488,2.2769999504089355
13.154999732971191,11.253000259399414,2.746000051498413
13.435999870300291,10.381999969482422,3.013999938964844
13.366000175476074,12.458000183105469,4.689000129699707
12.944000244140623,16.611000061035153,6.296000003814697
12.944000244140623,16.476999282836914,6.296000003814697
13.366000175476074,16.945999145507812,6.497000217437744
13.085000038146973,16.67799949645996,6.027999877929688
13.085000038146973,14.937000274658203,5.090000152587892
12.803000450134276,16.40999984741211,6.027999877929688
13.013999938964846,13.663999557495115,4.689000129699707
12.944000244140623,10.583000183105469,5.290999889373778
12.87399959564209,4.0859999656677255,4.0859999656677255
12.522000312805176,5.760000228881836,4.689000129699707
12.522000312805176,1.2059999704360962,4.48799991607666
12.732999801635742,-3.617000102996826,5.0229997634887695
12.803000450134276,-6.36299991607666,3.549999952316284
12.592000007629396,-2.9470000267028813,3.617000102996826
12.87399959564209,-5.357999801635742,4.554999828338623
12.732999801635742,5.692999839782715,4.019000053405762
9.425999641418455,8.23900032043457,3.013999938964844
8.090000152587889,8.706999778747559,2.5450000762939453
6.330999851226808,9.913000106811523,2.678999900817871
5.3460001945495605,7.234000205993652,1.2730000019073486
6.401999950408936,7.166999816894531,1.1390000581741333
8.300999641418457,8.305999755859375,2.2100000381469727
8.652999877929688,8.975000381469727,3.013999938964844
8.51200008392334,13.663999557495115,4.75600004196167
8.51200008392334,13.060999870300291,4.48799991607666
8.51200008392334,14.267000198364258,5.559000015258789
8.230999946594237,14.133000373840332,4.75600004196167
8.51200008392334,14.668999671936035,5.090000152587892
7.809000015258789,13.463000297546388,5.290999889373778
7.73799991607666,13.597000122070312,4.75600004196167
7.73799991607666,14.468000411987305,5.1570000648498535
7.948999881744385,14.803000450134276,5.223999977111816
7.879000186920166,11.788000106811523,4.152999877929688
7.105000019073486,9.444000244140623,4.019000053405762
7.597000122070312,6.564000129699707,4.3540000915527335
7.456999778747559,5.090000152587892,4.421000003814697
7.809000015258789,7.368000030517577,3.6840000152587886
7.879000186920166,8.038000106811522,3.41599988937378
8.020000457763674,8.305999755859375,4.3540000915527335
7.668000221252441,8.706999778747559,3.41599988937378
7.456999778747559,8.706999778747559,2.9470000267028813
7.0349998474121085,9.645000457763672,3.013999938964844
7.175000190734862,9.3100004196167,2.477999925613404
7.0349998474121085,8.77400016784668,1.9420000314712524
6.894000053405763,9.041999816894531,1.9420000314712524
7.386000156402588,8.305999755859375,1.6740000247955322
7.315999984741211,8.706999778747559,2.2100000381469727
7.105000019073486,12.055999755859377,4.622000217437744
7.105000019073486,13.730999946594238,5.0229997634887695
7.105000019073486,13.79800033569336,4.554999828338623
6.964000225067139,13.99899959564209,4.822999954223633
6.752999782562256,12.123000144958494,3.95199990272522
6.823999881744385,13.79800033569336,4.48799991607666
6.823999881744385,13.26200008392334,3.617000102996826
6.752999782562256,10.784000396728516,3.617000102996826
6.823999881744385,9.57800006866455,3.013999938964844
7.105000019073486,9.243000030517578,4.0859999656677255
7.245999813079834,9.243000030517578,3.95199990272522
7.386000156402588,9.243000030517578,3.549999952316284
7.175000190734862,6.564000129699707,3.3489999771118164
6.964000225067139,5.827000141143799,1.9420000314712524
6.823999881744385,5.894000053405763,3.41599988937378
6.683000087738037,7.501999855041504,3.884999990463257
6.330999851226808,7.636000156402588,3.750999927520752
6.541999816894531,9.444000244140623,3.0810000896453857
4.361999988555908,8.572999954223633,2.2769999504089355
5.557000160217285,8.572999954223633,1.875
5.627999782562256,8.640000343322754,1.5410000085830688
5.9790000915527335,8.706999778747559,1.4739999771118164
5.697999954223633,8.171999931335451,1.6740000247955322
5.908999919891357,8.038000106811522,1.9420000314712524
5.76800012588501,10.649999618530272,3.884999990463257
5.697999954223633,12.659000396728516,4.019000053405762
5.416999816894531,13.395999908447266,4.689000129699707
5.76800012588501,13.395999908447266,5.0229997634887695
5.627999782562256,11.98900032043457,3.0810000896453857
5.697999954223633,12.859999656677244,4.554999828338623
6.050000190734862,13.32900047302246,4.152999877929688
5.908999919891357,14.267000198364258,4.421000003814697
5.9790000915527335,12.659000396728516,4.2199997901916495
6.050000190734862,8.23900032043457,3.41599988937378
6.4720001220703125,7.0329999923706055,3.750999927520752
6.401999950408936,6.296000003814697,3.41599988937378
6.401999950408936,7.166999816894531,3.4830000400543213
6.752999782562256,-1.4739999771118164,2.812999963760376
7.105000019073486,3.750999927520752,3.2149999141693115
7.175000190734862,5.559000015258789,3.617000102996826
7.315999984741211,3.4830000400543213,2.611999988555908
5.627999782562256,9.444000244140623,3.0810000896453857
4.432000160217285,8.104999542236326,2.477999925613404
6.4720001220703125,9.175999641418455,2.2100000381469727
6.4720001220703125,8.975000381469727,2.477999925613404
6.894000053405763,9.376999855041504,2.4110000133514404
6.61299991607666,9.109000205993652,2.880000114440918
6.894000053405763,7.836999893188477,2.477999925613404
6.683000087738037,11.119000434875488,3.6840000152587886
6.964000225067139,11.253000259399414,4.0859999656677255
7.315999984741211,13.529999732971191,4.48799991607666
7.456999778747559,11.052000045776367,3.6840000152587886
7.879000186920166,9.779000282287598,3.750999927520752
8.300999641418457,13.060999870300291,4.956999778747559
9.003999710083008,12.994000434875488,5.090000152587892
9.145000457763672,14.199999809265137,3.95199990272522
7.456999778747559,12.859999656677244,3.95199990272522
6.823999881744385,10.984999656677246,4.2199997901916495
6.683000087738037,5.692999839782715,3.3489999771118164
6.401999950408936,8.572999954223633,2.9470000267028813
3.7279999256134033,9.109000205993652,3.4830000400543213
4.150000095367432,4.019000053405762,2.009000062942505
6.541999816894531,0.2010000050067901,2.344000101089477
6.964000225067139,5.559000015258789,2.2100000381469727
6.261000156402588,4.956999778747559,2.812999963760376
6.119999885559082,2.2100000381469727,2.075999975204468
6.894000053405763,7.568999767303468,2.5450000762939453
6.261000156402588,7.0329999923706055,1.6080000400543213
7.0349998474121085,6.831999778747559,1.4739999771118164
7.526999950408935,6.831999778747559,1.406999945640564
7.73799991607666,7.166999816894531,1.3400000333786009
7.809000015258789,9.041999816894531,1.875
6.752999782562256,10.717000007629396,2.9470000267028813
7.105000019073486,13.19499969482422,5.0229997634887695
6.61299991607666,15.003999710083008,5.357999801635742
6.823999881744385,14.668999671936035,5.625999927520752
6.4720001220703125,13.32900047302246,4.75600004196167
7.597000122070312,13.529999732971191,4.3540000915527335
6.894000053405763,15.404999732971191,5.290999889373778
7.668000221252441,13.99899959564209,4.3540000915527335
9.21500015258789,8.907999992370605,4.75600004196167
9.848999977111816,-0.9380000233650208,4.3540000915527335
9.003999710083008,-9.109000205993652,4.689000129699707
9.28600025177002,-10.381999969482422,4.956999778747559
9.56700038909912,-13.128000259399414,5.223999977111816
9.21500015258789,-16.745000839233402,3.3489999771118164
9.21500015258789,-17.884000778198242,3.013999938964844
10.482000350952148,-14.333999633789062,3.818000078201294
11.958999633789062,-10.91800022125244,3.549999952316284
11.678000450134276,-6.89900016784668,2.477999925613404
11.678000450134276,-0.2010000050067901,2.009000062942505
11.467000007629396,5.559000015258789,2.009000062942505
9.918999671936035,6.764999866485598,1.807999968528748
9.496999740600586,7.434999942779541,1.807999968528748
9.425999641418455,6.89900016784668,1.9420000314712524
9.28600025177002,7.166999816894531,2.344000101089477
8.793000221252441,8.77400016784668,3.4830000400543213
8.442000389099121,12.458000183105469,4.75600004196167
8.722999572753906,11.854999542236328,4.48799991607666
8.371000289916992,10.91800022125244,3.617000102996826
8.300999641418457,12.123000144958494,5.0229997634887695
8.230999946594237,11.788000106811523,3.884999990463257
8.159999847412111,12.256999969482422,3.884999990463257
8.51200008392334,9.444000244140623,2.880000114440918
9.145000457763672,7.099999904632568,2.880000114440918
9.28600025177002,-2.678999900817871,2.746000051498413
9.637999534606934,3.95199990272522,3.41599988937378
8.86400032043457,4.3540000915527335,3.282000064849853
9.56700038909912,-1.807999968528748,2.9470000267028813
9.496999740600586,-1.4739999771118164,1.4739999771118164
9.074999809265137,-17.415000915527347,4.0859999656677255
9.777999877929688,-13.99899959564209,3.4830000400543213
11.1850004196167,-10.583000183105469,3.282000064849853
10.762999534606934,1.0049999952316284,2.611999988555908
9.918999671936035,5.090000152587892,2.678999900817871
10.340999603271484,4.2199997901916495,2.344000101089477
9.918999671936035,6.697999954223633,1.6740000247955322
9.918999671936035,7.636000156402588,1.6740000247955322
9.425999641418455,8.77400016784668,1.6740000247955322
9.355999946594238,9.243000030517578,3.0810000896453857
9.21500015258789,14.401000022888184,6.09499979019165
8.722999572753906,15.807000160217283,6.09499979019165
8.51200008392334,15.472000122070312,6.63100004196167
8.652999877929688,15.87399959564209,6.2290000915527335
7.73799991607666,16.142000198364258,6.429999828338622
8.51200008392334,14.937000274658203,5.223999977111816
9.003999710083008,13.864999771118164,4.287000179290772
9.145000457763672,12.994000434875488,3.818000078201294
9.425999641418455,12.859999656677244,5.090000152587892
9.145000457763672,6.09499979019165,4.287000179290772
9.777999877929688,1.807999968528748,4.0859999656677255
9.918999671936035,4.75600004196167,3.750999927520752
9.425999641418455,0.4020000100135803,2.344000101089477
9.21500015258789,-6.027999877929688,1.406999945640564
9.21500015258789,-11.654999732971191,3.0810000896453857
8.86400032043457,0.3350000083446503,2.678999900817871
8.652999877929688,3.2149999141693115,2.344000101089477
8.51200008392334,4.152999877929688,2.2769999504089355
8.86400032043457,8.640000343322754,2.2100000381469727
5.9790000915527335,5.223999977111816,1.6080000400543213
6.823999881744385,6.63100004196167,1.4739999771118164
5.76800012588501,6.36299991607666,1.5410000085830688
6.261000156402588,8.038000106811522,2.075999975204468
5.697999954223633,6.89900016784668,1.4739999771118164
6.261000156402588,9.57800006866455,2.812999963760376
7.526999950408935,11.654999732971191,3.549999952316284
8.090000152587889,12.256999969482422,3.549999952316284
7.456999778747559,11.052000045776367,2.4110000133514404
7.526999950408935,11.854999542236328,3.2149999141693115
8.230999946594237,11.31999969482422,2.678999900817871
8.51200008392334,11.720999717712402,3.1480000019073486
8.51200008392334,10.449000358581545,3.6840000152587886
8.371000289916992,9.041999816894531,5.223999977111816
7.597000122070312,7.234000205993652,5.1570000648498535
8.442000389099121,3.818000078201294,5.357999801635742
8.159999847412111,8.505999565124513,5.625999927520752
8.300999641418457,9.779000282287598,5.357999801635742
8.722999572753906,7.501999855041504,4.48799991607666
9.425999641418455,4.956999778747559,4.889999866485597
9.21500015258789,0.1340000033378601,5.1570000648498535
9.355999946594238,6.697999954223633,4.48799991607666
9.425999641418455,8.171999931335451,3.818000078201294
9.074999809265137,10.984999656677246,4.019000053405762
8.86400032043457,9.845999717712402,3.2149999141693115
8.934000015258789,9.913000106811523,2.812999963760376
8.371000289916992,10.248000144958496,2.812999963760376
9.425999641418455,8.975000381469727,2.344000101089477
8.86400032043457,9.979999542236328,2.880000114440918
9.003999710083008,12.79300022125244,5.492000102996826
8.371000289916992,13.060999870300291,5.357999801635742
8.86400032043457,14.668999671936035,5.492000102996826
9.425999641418455,14.60200023651123,6.162000179290772
9.21500015258789,13.730999946594238,4.822999954223633
9.425999641418455,13.32900047302246,4.3540000915527335
9.355999946594238,14.199999809265137,5.223999977111816
9.918999671936035,15.06999969482422,5.223999977111816
9.777999877929688,12.390999794006348,5.090000152587892
9.28600025177002,7.434999942779541,3.1480000019073486
9.56700038909912,6.89900016784668,4.0859999656677255
9.56700038909912,1.1390000581741333,3.750999927520752
9.21500015258789,-3.750999927520752,3.617000102996826
10.130000114440918,-5.492000102996826,2.1429998874664307
10.762999534606934,0.6029999852180481,2.746000051498413
10.621999740600586,-10.381999969482422,3.2149999141693115
11.536999702453612,-2.812999963760376,3.6840000152587886
11.607000350952148,-0.8709999918937683,2.4110000133514404
11.326000213623049,3.818000078201294,2.2769999504089355
11.467000007629396,5.625999927520752,2.4110000133514404
10.482000350952148,6.966000080108643,2.009000062942505
10.130000114440918,7.501999855041504,1.875
9.918999671936035,8.23900032043457,1.6080000400543213
9.848999977111816,9.979999542236328,3.549999952316284
10.199999809265137,9.979999542236328,3.884999990463257
10.0600004196167,10.717000007629396,3.818000078201294
10.130000114440918,10.717000007629396,3.884999990463257
10.130000114440918,12.256999969482422,4.822999954223633
9.918999671936035,11.588000297546388,4.889999866485597
9.708000183105469,11.520999908447266,4.75600004196167
9.918999671936035,12.256999969482422,4.75600004196167
10.199999809265137,10.248000144958496,4.152999877929688
10.973999977111816,7.97100019454956,3.95199990272522
10.482000350952148,6.09499979019165,4.554999828338623
10.41100025177002,2.746000051498413,4.889999866485597
10.270999908447266,2.075999975204468,3.750999927520752
10.692999839782717,-4.019000053405762,4.019000053405762
10.552000045776367,-3.549999952316284,2.812999963760376
10.692999839782717,-4.622000217437744,3.3489999771118164
11.326000213623049,-0.1340000033378601,4.421000003814697
11.958999633789062,1.3400000333786009,4.3540000915527335
11.536999702453612,3.41599988937378,3.818000078201294
11.467000007629396,8.371999740600586,4.0859999656677255
11.255999565124512,7.368000030517577,3.1480000019073486
11.114999771118164,7.434999942779541,2.344000101089477
10.762999534606934,7.568999767303468,2.2100000381469727
10.692999839782717,10.11400032043457,2.477999925613404
10.762999534606934,12.1899995803833,4.689000129699707
10.552000045776367,15.20400047302246,5.223999977111816
10.621999740600586,13.663999557495115,5.559000015258789
10.482000350952148,15.20400047302246,5.625999927520752
10.482000350952148,15.20400047302246,5.625999927520752
10.692999839782717,14.668999671936035,5.894000053405763
10.833000183105469,14.736000061035154,5.425000190734863
10.692999839782717,16.611000061035153,5.760000228881836
10.762999534606934,14.468000411987305,5.0229997634887695
10.692999839782717,10.91800022125244,5.090000152587892
11.678000450134276,8.572999954223633,4.421000003814697
11.748000144958494,4.689000129699707,3.549999952316284
11.817999839782717,6.162000179290772,3.549999952316284
11.888999938964846,2.2769999504089355,3.884999990463257
12.029000282287598,3.3489999771118164,2.812999963760376
11.817999839782717,3.1480000019073486,3.3489999771118164
12.380999565124512,1.5410000085830688,3.549999952316284
11.607000350952148,6.564000129699707,3.3489999771118164
11.326000213623049,6.966000080108643,3.013999938964844
11.607000350952148,7.836999893188477,3.013999938964844
10.904000282287598,7.636000156402588,2.611999988555908
10.762999534606934,7.301000118255615,2.009000062942505
10.340999603271484,7.568999767303468,1.9420000314712524
9.637999534606934,7.903999805450439,1.1390000581741333
10.41100025177002,10.984999656677246,3.750999927520752
10.130000114440918,14.468000411987305,5.0229997634887695
9.918999671936035,15.003999710083008,5.692999839782715
10.130000114440918,15.06999969482422,5.425000190734863
9.777999877929688,13.463000297546388,5.894000053405763
10.199999809265137,14.333999633789062,5.357999801635742
9.777999877929688,14.869999885559082,5.492000102996826
9.145000457763672,13.79800033569336,4.689000129699707
9.98900032043457,13.932000160217283,4.889999866485597
10.552000045776367,11.788000106811523,4.75600004196167
10.904000282287598,7.836999893188477,4.152999877929688
11.467000007629396,3.884999990463257,2.812999963760376
11.536999702453612,6.764999866485598,3.549999952316284
11.607000350952148,3.549999952316284,4.019000053405762
11.678000450134276,-0.8040000200271606,2.611999988555908
11.536999702453612,4.2199997901916495,3.013999938964844
11.678000450134276,2.5450000762939453,3.884999990463257
12.029000282287598,3.282000064849853,3.6840000152587886
11.326000213623049,4.622000217437744,3.0810000896453857
11.255999565124512,7.836999893188477,2.9470000267028813
10.552000045776367,7.501999855041504,2.678999900817871
10.621999740600586,7.836999893188477,2.678999900817871
10.973999977111816,8.505999565124513,2.5450000762939453
10.340999603271484,9.779000282287598,3.0810000896453857
10.130000114440918,10.717000007629396,3.818000078201294
9.918999671936035,15.538999557495115,7.301000118255615
10.41100025177002,15.338000297546388,5.827000141143799
10.41100025177002,15.338000297546388,5.827000141143799
10.41100025177002,15.338000297546388,5.827000141143799
10.41100025177002,15.338000297546388,5.827000141143799
10.41100025177002,15.338000297546388,5.827000141143799
10.41100025177002,15.338000297546388,5.827000141143799
10.41100025177002,15.338000297546388,5.827000141143799
10.41100025177002,15.338000297546388,5.827000141143799
10.41100025177002,15.338000297546388,5.827000141143799
10.41100025177002,15.338000297546388,5.827000141143799
10.41100025177002,15.338000297546388,5.827000141143799
10.41100025177002,15.338000297546388,5.827000141143799
10.41100025177002,15.338000297546388,5.827000141143799
10.41100025177002,15.338000297546388,5.827000141143799
10.41100025177002,15.338000297546388,5.827000141143799
10.41100025177002,15.338000297546388,5.827000141143799
10.41100025177002,15.338000297546388,5.827000141143799
10.41100025177002,15.338000297546388,5.827000141143799
10.41100025177002,15.338000297546388,5.827000141143799
10.41100025177002,15.338000297546388,5.827000141143799
10.41100025177002,15.338000297546388,5.827000141143799
10.41100025177002,15.338000297546388,5.827000141143799
10.41100025177002,15.338000297546388,5.827000141143799
10.41100025177002,15.338000297546388,5.827000141143799
8.51200008392334,13.529999732971191,4.956999778747559
8.51200008392334,14.869999885559082,5.827000141143799
8.230999946594237,14.869999885559082,5.625999927520752
8.300999641418457,13.932000160217283,5.0229997634887695
8.371000289916992,13.597000122070312,4.956999778747559
8.230999946594237,17.079999923706055,6.2290000915527335
8.581999778747559,14.53499984741211,5.760000228881836
9.425999641418455,9.444000244140623,5.223999977111816
10.833000183105469,0.0,4.689000129699707
10.482000350952148,-2.344000101089477,4.554999828338623
9.777999877929688,-7.234000205993652,5.894000053405763
9.848999977111816,-9.711999893188477,5.625999927520752
9.918999671936035,-13.730999946594238,5.0229997634887695
10.41100025177002,-9.779000282287598,4.75600004196167
10.904000282287598,-8.038000106811522,4.689000129699707
11.678000450134276,-2.678999900817871,4.48799991607666
12.029000282287598,1.0720000267028809,3.818000078201294
11.888999938964846,8.371999740600586,3.617000102996826
11.326000213623049,8.975000381469727,3.2149999141693115
10.904000282287598,9.645000457763672,2.9470000267028813
10.833000183105469,10.515999794006348,3.2149999141693115
10.482000350952148,9.645000457763672,3.3489999771118164
10.41100025177002,10.449000358581545,4.019000053405762
10.270999908447266,12.994000434875488,4.822999954223633
9.98900032043457,13.663999557495115,5.223999977111816
9.56700038909912,13.99899959564209,5.0229997634887695
9.21500015258789,12.055999755859377,4.75600004196167
9.21500015258789,13.529999732971191,4.956999778747559
8.51200008392334,15.13700008392334,6.296000003814697
8.934000015258789,15.67300033569336,5.559000015258789
8.934000015258789,15.270999908447266,5.960999965667725
8.652999877929688,9.711999893188477,5.492000102996826
8.722999572753906,5.223999977111816,5.223999977111816
8.722999572753906,-0.4690000116825104,3.750999927520752
9.21500015258789,0.5360000133514404,4.622000217437744
9.637999534606934,-3.3489999771118164,3.549999952316284
10.482000350952148,-5.625999927520752,2.477999925613404
10.199999809265137,-0.2010000050067901,2.344000101089477
10.340999603271484,-0.4020000100135803,3.2149999141693115
10.199999809265137,-1.3400000333786009,3.750999927520752
11.114999771118164,-0.7369999885559082,2.611999988555908
10.482000350952148,6.497000217437744,2.5450000762939453
10.0600004196167,7.568999767303468,2.2100000381469727
9.56700038909912,7.568999767303468,2.4110000133514404
9.425999641418455,7.903999805450439,2.344000101089477
9.56700038909912,7.501999855041504,1.6740000247955322
9.848999977111816,9.444000244140623,3.282000064849853
9.637999534606934,10.449000358581545,3.6840000152587886
9.28600025177002,13.060999870300291,5.492000102996826
9.496999740600586,14.199999809265137,4.889999866485597
9.496999740600586,13.060999870300291,4.019000053405762
9.637999534606934,13.529999732971191,4.956999778747559
9.56700038909912,13.730999946594238,4.889999866485597
9.848999977111816,14.668999671936035,5.692999839782715
9.56700038909912,15.404999732971191,6.2290000915527335
9.355999946594238,6.966000080108643,4.554999828338623
9.425999641418455,7.099999904632568,4.0859999656677255
9.637999534606934,-2.2769999504089355,4.0859999656677255
9.918999671936035,-9.779000282287598,4.689000129699707
10.621999740600586,-11.45400047302246,4.75600004196167
10.692999839782717,-15.67300033569336,3.95199990272522
10.973999977111816,-12.994000434875488,4.554999828338623
12.239999771118164,-11.654999732971191,3.95199990272522
12.661999702453612,-8.572999954223633,3.750999927520752
13.435999870300291,-3.95199990272522,3.013999938964844
13.085000038146973,2.009000062942505,3.013999938964844
11.678000450134276,7.234000205993652,2.880000114440918
11.043999671936035,7.703000068664551,2.611999988555908
10.552000045776367,8.171999931335451,2.477999925613404
9.56700038909912,10.04699993133545,2.812999963760376
9.425999641418455,12.324000358581545,4.48799991607666
8.722999572753906,13.932000160217283,5.625999927520752
8.442000389099121,14.937000274658203,6.296000003814697
9.21500015258789,13.597000122070312,5.1570000648498535
9.425999641418455,14.60200023651123,5.559000015258789
9.637999534606934,14.736000061035154,5.960999965667725
9.708000183105469,14.937000274658203,5.357999801635742
9.425999641418455,17.14699935913086,6.764999866485598
9.56700038909912,16.476999282836914,6.027999877929688
9.777999877929688,12.659000396728516,6.162000179290772
10.762999534606934,5.894000053405763,5.960999965667725
11.1850004196167,-1.5410000085830688,4.622000217437744
11.1850004196167,-8.371999740600586,5.090000152587892
11.1850004196167,-11.185999870300291,4.48799991607666
11.817999839782717,-13.932000160217283,3.549999952316284
11.678000450134276,-12.055999755859377,4.889999866485597
12.239999771118164,0.0,4.554999828338623
12.380999565124512,-5.559000015258789,3.818000078201294
11.607000350952148,2.009000062942505,3.3489999771118164
10.762999534606934,8.572999954223633,3.2149999141693115
10.0600004196167,7.099999904632568,2.1429998874664307
9.637999534606934,7.368000030517577,2.2769999504089355
9.708000183105469,8.104999542236326,2.477999925613404
9.848999977111816,7.769999980926514,1.5410000085830688
10.270999908447266,10.515999794006348,3.95199990272522
10.130000114440918,11.588000297546388,4.554999828338623
9.918999671936035,13.19499969482422,4.421000003814697
9.637999534606934,14.937000274658203,5.960999965667725
9.425999641418455,14.333999633789062,5.559000015258789
9.708000183105469,13.463000297546388,4.622000217437744
9.918999671936035,14.468000411987305,6.027999877929688
9.848999977111816,16.275999069213867,6.027999877929688
9.848999977111816,14.937000274658203,5.090000152587892
10.0600004196167,9.979999542236328,5.425000190734863
9.918999671936035,6.09499979019165,4.689000129699707
10.130000114440918,3.282000064849853,3.3489999771118164
9.848999977111816,0.2010000050067901,4.019000053405762
9.918999671936035,-7.568999767303468,4.2199997901916495
9.777999877929688,-4.2199997901916495,2.880000114440918
10.130000114440918,0.0,3.282000064849853
10.762999534606934,-0.2010000050067901,3.0810000896453857
10.904000282287598,-0.06700000166893,3.3489999771118164
10.973999977111816,0.5360000133514404,2.477999925613404
10.833000183105469,6.429999828338622,3.0810000896453857
10.270999908447266,6.2290000915527335,2.880000114440918
9.56700038909912,7.769999980926514,2.611999988555908
9.28600025177002,8.038000106811522,2.5450000762939453
9.21500015258789,7.568999767303468,1.406999945640564
8.934000015258789,10.583000183105469,3.818000078201294
8.934000015258789,10.649999618530272,4.0859999656677255
8.581999778747559,13.663999557495115,5.290999889373778
8.581999778747559,13.529999732971191,5.1570000648498535
8.581999778747559,14.401000022888184,5.425000190734863
8.51200008392334,12.79300022125244,4.2199997901916495
8.371000289916992,12.324000358581545,4.822999954223633
8.159999847412111,14.937000274658203,4.889999866485597
8.51200008392334,11.45400047302246,3.617000102996826
9.496999740600586,8.840999603271484,4.822999954223633
10.199999809265137,2.344000101089477,4.287000179290772
10.270999908447266,-6.764999866485598,3.617000102996826
9.98900032043457,-9.376999855041504,4.956999778747559
10.130000114440918,-12.256999969482422,5.090000152587892
10.0600004196167,-16.007999420166016,3.750999927520752
10.552000045776367,-14.869999885559082,4.3540000915527335
12.029000282287598,-12.994000434875488,4.822999954223633
13.154999732971191,-7.903999805450439,3.4830000400543213
13.29599952697754,-4.421000003814697,3.3489999771118164
12.944000244140623,1.807999968528748,2.880000114440918
13.225000381469728,6.497000217437744,2.611999988555908
11.395999908447266,8.104999542236326,2.812999963760376
10.904000282287598,9.041999816894531,2.746000051498413
11.043999671936035,10.3149995803833,2.9470000267028813
10.552000045776367,11.588000297546388,4.48799991607666
10.270999908447266,12.72599983215332,4.622000217437744
9.777999877929688,14.869999885559082,4.822999954223633
10.130000114440918,12.324000358581545,4.822999954223633
10.130000114440918,13.32900047302246,5.290999889373778
9.848999977111816,13.060999870300291,4.75600004196167
9.98900032043457,13.663999557495115,5.827000141143799
9.918999671936035,17.884000778198242,7.836999893188477
10.130000114440918,14.668999671936035,6.2290000915527335
10.482000350952148,10.85099983215332,5.625999927520752
10.692999839782717,0.5360000133514404,4.75600004196167
10.833000183105469,-5.357999801635742,3.617000102996826
11.114999771118164,-8.907999992370605,4.421000003814697
11.536999702453612,-11.052000045776367,4.2199997901916495
11.958999633789062,-2.611999988555908,2.880000114440918
12.029000282287598,-11.92199993133545,4.019000053405762
12.803000450134276,-4.889999866485597,2.9470000267028813
12.732999801635742,-1.9420000314712524,3.282000064849853
12.661999702453612,3.282000064849853,3.41599988937378
12.661999702453612,3.617000102996826,3.3489999771118164
12.029000282287598,7.836999893188477,3.013999938964844
11.678000450134276,8.77400016784668,2.880000114440918
11.395999908447266,9.913000106811523,3.013999938964844
10.833000183105469,11.31999969482422,2.1429998874664307
10.833000183105469,11.654999732971191,3.884999990463257
10.340999603271484,12.994000434875488,4.822999954223633
10.482000350952148,15.739999771118164,5.492000102996826
10.41100025177002,12.055999755859377,4.48799991607666
10.130000114440918,13.463000297546388,4.689000129699707
10.0600004196167,13.529999732971191,4.956999778747559
9.98900032043457,14.133000373840332,5.625999927520752
9.708000183105469,15.472000122070312,5.090000152587892
9.425999641418455,16.007999420166016,6.296000003814697
9.777999877929688,11.588000297546388,6.162000179290772
10.130000114440918,8.505999565124513,5.425000190734863
10.199999809265137,4.3540000915527335,5.223999977111816
10.0600004196167,1.2059999704360962,4.152999877929688
10.340999603271484,6.697999954223633,4.152999877929688
10.130000114440918,4.889999866485597,3.282000064849853
9.918999671936035,-0.6029999852180481,4.48799991607666
10.199999809265137,-3.282000064849853,5.425000190734863
10.340999603271484,-2.075999975204468,4.622000217437744
10.130000114440918,4.889999866485597,4.019000053405762
9.918999671936035,11.98900032043457,4.152999877929688
8.934000015258789,8.706999778747559,3.2149999141693115
9.003999710083008,9.711999893188477,2.344000101089477
9.355999946594238,10.449000358581545,2.678999900817871
8.86400032043457,9.779000282287598,2.344000101089477
9.074999809265137,10.717000007629396,3.549999952316284
8.722999572753906,12.994000434875488,5.357999801635742
8.86400032043457,14.133000373840332,5.1570000648498535
8.86400032043457,13.99899959564209,5.492000102996826
8.300999641418457,13.32900047302246,4.889999866485597
8.020000457763674,13.395999908447266,4.421000003814697
8.020000457763674,11.720999717712402,3.282000064849853
8.159999847412111,14.133000373840332,4.0859999656677255
8.159999847412111,14.199999809265137,4.822999954223633
8.159999847412111,10.381999969482422,4.956999778747559
8.51200008392334,10.649999618530272,5.559000015258789
8.442000389099121,7.434999942779541,5.223999977111816
6.823999881744385,10.11400032043457,4.956999778747559
3.025000095367432,10.449000358581545,4.48799991607666
4.150000095367432,4.689000129699707,2.4110000133514404
3.938999891281128,6.162000179290772,3.2149999141693115
4.7839999198913565,3.013999938964844,3.617000102996826
5.76800012588501,3.1480000019073486,2.9470000267028813
6.683000087738037,5.090000152587892,2.4110000133514404
6.894000053405763,7.636000156402588,2.5450000762939453
7.0349998474121085,8.104999542236326,2.344000101089477
6.401999950408936,8.975000381469727,2.1429998874664307
6.330999851226808,9.3100004196167,2.1429998874664307
6.050000190734862,8.706999778747559,2.1429998874664307
6.894000053405763,9.779000282287598,3.2149999141693115
7.245999813079834,10.784000396728516,3.884999990463257
6.261000156402588,13.19499969482422,4.554999828338623
6.823999881744385,11.119000434875488,3.2149999141693115
7.315999984741211,10.91800022125244,3.4830000400543213
7.668000221252441,12.256999969482422,4.3540000915527335
7.73799991607666,11.185999870300291,4.2199997901916495
7.456999778747559,14.199999809265137,5.1570000648498535
7.668000221252441,12.458000183105469,4.889999866485597
8.020000457763674,9.913000106811523,4.0859999656677255
8.300999641418457,7.234000205993652,4.287000179290772
8.159999847412111,-4.152999877929688,5.090000152587892
8.090000152587889,-3.617000102996826,4.689000129699707
8.090000152587889,3.617000102996826,4.152999877929688
8.371000289916992,-4.287000179290772,1.3400000333786009
8.934000015258789,-11.185999870300291,4.019000053405762
9.425999641418455,-6.296000003814697,2.746000051498413
9.56700038909912,-9.57800006866455,3.013999938964844
9.98900032043457,-4.75600004196167,2.678999900817871
9.28600025177002,2.9470000267028813,3.013999938964844
9.28600025177002,5.625999927520752,2.611999988555908
9.145000457763672,6.564000129699707,2.2769999504089355
8.442000389099121,7.568999767303468,2.344000101089477
8.722999572753906,7.368000030517577,3.013999938964844
8.442000389099121,7.434999942779541,3.282000064849853
8.230999946594237,9.3100004196167,4.622000217437744
8.300999641418457,10.784000396728516,3.549999952316284
7.879000186920166,12.859999656677244,5.357999801635742
7.809000015258789,11.654999732971191,4.889999866485597
7.809000015258789,10.381999969482422,4.554999828338623
7.948999881744385,11.520999908447266,5.090000152587892
7.948999881744385,12.927000045776367,4.0859999656677255
8.159999847412111,11.588000297546388,5.223999977111816
8.51200008392334,3.41599988937378,3.013999938964844
9.074999809265137,-3.282000064849853,3.2149999141693115
9.074999809265137,-8.907999992370605,3.2149999141693115
9.003999710083008,-11.253000259399414,3.818000078201294
9.074999809265137,-13.730999946594238,4.019000053405762
9.56700038909912,-16.745000839233402,4.152999877929688
10.199999809265137,-15.67300033569336,4.689000129699707
11.043999671936035,-12.458000183105469,4.287000179290772
12.029000282287598,-9.3100004196167,3.282000064849853
12.170000076293944,-0.8709999918937683,3.884999990463257
12.310999870300291,4.3540000915527335,2.477999925613404
10.552000045776367,6.497000217437744,2.9470000267028813
10.904000282287598,8.171999931335451,2.746000051498413
10.270999908447266,9.109000205993652,2.880000114440918
10.270999908447266,9.979999542236328,3.0810000896453857
9.777999877929688,9.979999542236328,3.41599988937378
9.848999977111816,12.524999618530272,5.357999801635742
10.0600004196167,12.927000045776367,5.1570000648498535
9.777999877929688,13.529999732971191,5.894000053405763
9.496999740600586,13.529999732971191,6.09499979019165
9.848999977111816,12.859999656677244,6.09499979019165
9.708000183105469,11.788000106811523,5.425000190734863
9.496999740600586,13.99899959564209,5.692999839782715
9.56700038909912,12.123000144958494,5.827000141143799
10.340999603271484,8.171999931335451,4.956999778747559
10.41100025177002,2.812999963760376,5.692999839782715
10.621999740600586,-6.63100004196167,4.287000179290772
10.270999908447266,-9.444000244140623,4.622000217437744
10.340999603271484,-11.654999732971191,5.559000015258789
10.833000183105469,-13.932000160217283,5.357999801635742
11.536999702453612,-12.592000007629396,5.625999927520752
12.100000381469728,-10.515999794006348,4.822999954223633
13.57699966430664,-7.0329999923706055,4.554999828338623
14.279999732971191,-2.075999975204468,4.822999954223633
13.506999969482422,3.549999952316284,4.0859999656677255
13.928999900817873,7.099999904632568,3.549999952316284
12.029000282287598,8.104999542236326,3.0810000896453857
11.678000450134276,9.845999717712402,3.2149999141693115
11.043999671936035,11.253000259399414,3.282000064849853
10.904000282287598,12.390999794006348,4.622000217437744
11.1850004196167,13.463000297546388,5.894000053405763
11.1850004196167,15.538999557495115,6.564000129699707
10.762999534606934,15.605999946594238,6.296000003814697
10.904000282287598,16.544000625610348,5.960999965667725
10.833000183105469,14.468000411987305,5.894000053405763
10.833000183105469,15.472000122070312,5.625999927520752
10.621999740600586,15.404999732971191,4.75600004196167
10.973999977111816,11.98900032043457,4.622000217437744
11.467000007629396,8.640000343322754,5.960999965667725
11.817999839782717,1.875,5.692999839782715
11.1850004196167,-4.822999954223633,5.425000190734863
11.1850004196167,-9.243000030517578,5.357999801635742
11.536999702453612,-11.720999717712402,5.0229997634887695
11.326000213623049,-14.668999671936035,4.019000053405762
12.310999870300291,-13.395999908447266,3.95199990272522
13.29599952697754,-7.769999980926514,4.689000129699707
14.140000343322756,-4.622000217437744,4.956999778747559
14.35099983215332,-2.477999925613404,3.884999990463257
13.647000312805176,3.41599988937378,3.41599988937378
12.592000007629396,7.97100019454956,3.2149999141693115
11.678000450134276,8.439000129699707,3.013999938964844
10.904000282287598,10.381999969482422,3.013999938964844
10.692999839782717,11.253000259399414,2.2769999504089355
10.552000045776367,12.927000045776367,4.822999954223633
10.552000045776367,14.668999671936035,5.625999927520752
10.904000282287598,12.79300022125244,4.889999866485597
10.904000282287598,15.06999969482422,6.2290000915527335
10.692999839782717,16.945999145507812,6.89900016784668
10.973999977111816,16.40999984741211,6.697999954223633
11.114999771118164,16.275999069213867,6.36299991607666
10.833000183105469,17.01300048828125,6.697999954223633
10.973999977111816,13.79800033569336,5.827000141143799
10.904000282287598,11.654999732971191,6.09499979019165
11.114999771118164,3.884999990463257,6.497000217437744
11.114999771118164,-3.95199990272522,4.75600004196167
11.1850004196167,-7.234000205993652,4.889999866485597
11.255999565124512,-9.779000282287598,5.1570000648498535
11.1850004196167,-11.788000106811523,4.2199997901916495
11.817999839782717,-12.72599983215332,4.287000179290772
13.29599952697754,-4.48799991607666,3.95199990272522
13.57699966430664,-6.89900016784668,4.3540000915527335
13.225000381469728,-2.746000051498413,3.95199990272522
13.085000038146973,7.0329999923706055,3.818000078201294
11.467000007629396,7.568999767303468,3.617000102996826
11.326000213623049,9.243000030517578,3.3489999771118164
11.326000213623049,11.720999717712402,3.617000102996826
11.1850004196167,13.128000259399414,3.884999990463257
11.326000213623049,12.859999656677244,5.0229997634887695
10.621999740600586,15.338000297546388,5.492000102996826
10.199999809265137,16.208999633789062,6.63100004196167
10.199999809265137,16.544000625610348,6.63100004196167
9.848999977111816,15.06999969482422,6.027999877929688
10.130000114440918,15.67300033569336,6.497000217437744
10.973999977111816,14.869999885559082,6.497000217437744
10.199999809265137,17.01300048828125,6.764999866485598
10.833000183105469,11.45400047302246,4.889999866485597
11.114999771118164,9.376999855041504,5.827000141143799
11.536999702453612,5.290999889373778,6.09499979019165
10.552000045776367,2.9470000267028813,5.960999965667725
10.482000350952148,-5.760000228881836,6.36299991607666
10.340999603271484,-9.57800006866455,6.296000003814697
10.904000282287598,-12.458000183105469,5.492000102996826
11.114999771118164,-11.720999717712402,5.760000228881836
11.255999565124512,-9.711999893188477,5.559000015258789
11.817999839782717,-4.152999877929688,5.492000102996826
12.380999565124512,-1.875,3.95199990272522
11.958999633789062,4.48799991607666,3.95199990272522
11.748000144958494,9.376999855041504,3.818000078201294
10.482000350952148,10.91800022125244,3.282000064849853
9.848999977111816,12.859999656677244,3.617000102996826
9.425999641418455,12.524999618530272,3.617000102996826
9.496999740600586,12.256999969482422,4.0859999656677255
9.425999641418455,17.214000701904293,7.099999904632568
9.21500015258789,17.615999221801758,7.099999904632568
9.28600025177002,16.67799949645996,5.827000141143799
9.003999710083008,15.538999557495115,6.027999877929688
8.86400032043457,15.13700008392334,6.89900016784668
8.51200008392334,12.79300022125244,5.760000228881836
8.51200008392334,16.142000198364258,6.764999866485598
8.581999778747559,12.458000183105469,5.559000015258789
8.793000221252441,9.3100004196167,5.425000190734863
9.425999641418455,6.162000179290772,5.894000053405763
8.722999572753906,-2.9470000267028813,5.357999801635742
9.145000457763672,-7.434999942779541,5.760000228881836
9.003999710083008,-11.654999732971191,5.492000102996826
9.21500015258789,-15.338000297546388,5.357999801635742
9.425999641418455,-14.065999984741213,5.425000190734863
10.130000114440918,-10.180999755859377,4.421000003814697
10.762999534606934,-5.894000053405763,4.2199997901916495
10.552000045776367,-2.9470000267028813,3.549999952316284
9.918999671936035,2.2769999504089355,2.9470000267028813
9.355999946594238,8.77400016784668,2.880000114440918
9.21500015258789,8.572999954223633,2.344000101089477
9.21500015258789,10.3149995803833,2.746000051498413
8.442000389099121,10.583000183105469,2.2100000381469727
8.51200008392334,11.788000106811523,3.750999927520752
8.300999641418457,16.343000411987305,5.625999927520752
8.159999847412111,16.208999633789062,6.497000217437744
8.51200008392334,16.343000411987305,6.89900016784668
8.020000457763674,16.208999633789062,6.764999866485598
8.020000457763674,15.605999946594238,6.36299991607666
8.020000457763674,17.14699935913086,7.501999855041504
7.948999881744385,16.878999710083008,6.296000003814697
7.668000221252441,13.463000297546388,5.0229997634887695
7.948999881744385,10.583000183105469,4.421000003814697
8.230999946594237,7.368000030517577,4.956999778747559
8.371000289916992,2.075999975204468,4.689000129699707
8.442000389099121,-9.175999641418455,4.689000129699707
8.652999877929688,-5.559000015258789,3.884999990463257
9.28600025177002,-14.133000373840332,4.956999778747559
10.270999908447266,-12.1899995803833,4.3540000915527335
11.326000213623049,-7.703000068664551,4.622000217437744
12.451000213623049,-4.822999954223633,4.287000179290772
12.380999565124512,-0.4020000100135803,3.818000078201294
11.536999702453612,3.0810000896453857,2.746000051498413
11.326000213623049,7.434999942779541,2.746000051498413
10.833000183105469,8.706999778747559,2.075999975204468
10.270999908447266,11.119000434875488,2.5450000762939453
10.199999809265137,12.859999656677244,3.95199990272522
9.637999534606934,12.524999618530272,3.6840000152587886
9.56700038909912,16.945999145507812,6.36299991607666
9.28600025177002,16.343000411987305,6.027999877929688
9.21500015258789,14.803000450134276,5.692999839782715
9.21500015258789,13.932000160217283,4.889999866485597
8.86400032043457,14.401000022888184,5.692999839782715
9.074999809265137,13.99899959564209,5.1570000648498535
9.003999710083008,14.869999885559082,5.1570000648498535
9.21500015258789,13.663999557495115,4.689000129699707
9.28600025177002,8.23900032043457,4.689000129699707
9.145000457763672,2.746000051498413,4.421000003814697
9.777999877929688,-3.818000078201294,4.152999877929688
9.98900032043457,-4.822999954223633,3.013999938964844
10.0600004196167,-11.92199993133545,3.818000078201294
10.833000183105469,-13.730999946594238,3.617000102996826
11.1850004196167,-11.98900032043457,4.0859999656677255
11.958999633789062,-11.588000297546388,3.617000102996826
13.085000038146973,-6.966000080108643,3.013999938964844
11.958999633789062,0.4690000116825104,2.2100000381469727
12.029000282287598,2.880000114440918,1.9420000314712524
12.029000282287598,6.966000080108643,2.2100000381469727
11.817999839782717,8.640000343322754,1.9420000314712524
10.621999740600586,11.45400047302246,2.4110000133514404
10.199999809265137,12.927000045776367,3.884999990463257
10.130000114440918,12.055999755859377,4.0859999656677255
10.270999908447266,13.32900047302246,4.554999828338623
9.777999877929688,12.659000396728516,4.622000217437744
9.21500015258789,12.055999755859377,4.3540000915527335
9.21500015258789,12.458000183105469,3.818000078201294
9.074999809265137,12.055999755859377,4.48799991607666
9.003999710083008,11.31999969482422,3.549999952316284
9.145000457763672,12.72599983215332,3.750999927520752
9.637999534606934,9.444000244140623,3.884999990463257
9.496999740600586,10.11400032043457,5.223999977111816
9.074999809265137,2.2100000381469727,5.559000015258789
9.355999946594238,-0.1340000033378601,3.2149999141693115
9.777999877929688,-2.5450000762939453,4.2199997901916495
9.848999977111816,1.406999945640564,3.884999990463257
10.130000114440918,-0.9380000233650208,3.013999938964844
9.777999877929688,1.875,3.549999952316284
5.557000160217285,6.564000129699707,3.6840000152587886
5.627999782562256,4.2199997901916495,2.880000114440918
4.64300012588501,8.23900032043457,2.477999925613404
5.276000022888184,8.23900032043457,2.344000101089477
6.683000087738037,7.368000030517577,1.6080000400543213
6.752999782562256,7.703000068664551,2.2100000381469727
7.105000019073486,7.836999893188477,2.2769999504089355
4.572999954223633,8.371999740600586,1.807999968528748
5.135000228881836,10.04699993133545,3.884999990463257
5.908999919891357,11.185999870300291,3.549999952316284
6.541999816894531,14.53499984741211,5.223999977111816
7.315999984741211,13.730999946594238,4.622000217437744
6.964000225067139,14.401000022888184,5.0229997634887695
7.105000019073486,13.597000122070312,5.492000102996826
7.105000019073486,13.463000297546388,5.1570000648498535
7.105000019073486,15.13700008392334,5.357999801635742
7.315999984741211,15.87399959564209,5.492000102996826
7.456999778747559,14.267000198364258,4.889999866485597
7.105000019073486,12.256999969482422,4.956999778747559
7.456999778747559,4.889999866485597,3.4830000400543213
8.090000152587889,-0.2010000050067901,3.617000102996826
8.090000152587889,-5.827000141143799,3.617000102996826
8.51200008392334,-2.611999988555908,2.746000051498413
8.371000289916992,-11.45400047302246,3.750999927520752
8.934000015258789,-1.0049999952316284,3.750999927520752
8.722999572753906,-6.831999778747559,3.2149999141693115
8.86400032043457,0.0,2.477999925613404
9.28600025177002,6.027999877929688,3.013999938964844
9.145000457763672,6.564000129699707,2.678999900817871
9.28600025177002,7.769999980926514,2.5450000762939453
9.21500015258789,9.109000205993652,2.611999988555908
8.652999877929688,10.04699993133545,2.344000101089477
8.722999572753906,10.583000183105469,4.2199997901916495
9.003999710083008,11.588000297546388,4.554999828338623
9.003999710083008,14.468000411987305,5.0229997634887695
8.934000015258789,13.529999732971191,5.425000190734863
8.581999778747559,14.333999633789062,4.956999778747559
8.371000289916992,13.395999908447266,4.956999778747559
8.51200008392334,14.267000198364258,5.0229997634887695
8.51200008392334,14.736000061035154,5.425000190734863
8.86400032043457,13.529999732971191,5.090000152587892
8.300999641418457,9.779000282287598,5.1570000648498535
8.86400032043457,4.75600004196167,6.09499979019165
8.51200008392334,-2.5450000762939453,4.2199997901916495
8.371000289916992,-9.645000457763672,4.822999954223633
8.51200008392334,-14.60200023651123,4.956999778747559
8.442000389099121,-16.67799949645996,4.689000129699707
8.86400032043457,-14.668999671936035,5.090000152587892
9.56700038909912,-8.439000129699707,4.75600004196167
9.918999671936035,-1.9420000314712524,4.287000179290772
10.0600004196167,-5.0229997634887695,4.2199997901916495
9.848999977111816,5.492000102996826,3.282000064849853
9.637999534606934,6.027999877929688,2.880000114440918
9.003999710083008,7.434999942779541,2.678999900817871
8.652999877929688,8.77400016784668,2.5450000762939453
8.371000289916992,8.171999931335451,2.009000062942505
8.159999847412111,8.706999778747559,2.5450000762939453
8.090000152587889,12.994000434875488,4.554999828338623
8.230999946594237,12.859999656677244,4.622000217437744
8.371000289916992,11.92199993133545,4.152999877929688
8.159999847412111,10.984999656677246,4.0859999656677255
8.020000457763674,10.11400032043457,3.282000064849853
7.809000015258789,12.055999755859377,4.75600004196167
7.668000221252441,13.32900047302246,4.152999877929688
5.627999782562256,12.324000358581545,3.95199990272522
7.0349998474121085,10.984999656677246,4.287000179290772
4.8540000915527335,11.38700008392334,4.287000179290772
6.683000087738037,6.831999778747559,3.617000102996826
6.401999950408936,5.357999801635742,3.95199990272522
6.752999782562256,5.692999839782715,3.3489999771118164
3.6579999923706055,5.223999977111816,2.1429998874664307
3.6579999923706055,5.425000190734863,3.0810000896453857
4.150000095367432,1.807999968528748,2.477999925613404
4.64300012588501,1.5410000085830688,3.013999938964844
5.9790000915527335,4.2199997901916495,2.9470000267028813
4.361999988555908,7.368000030517577,2.5450000762939453
4.64300012588501,5.692999839782715,2.1429998874664307
5.839000225067139,6.162000179290772,1.9420000314712524
5.908999919891357,6.564000129699707,1.9420000314712524
5.9790000915527335,6.564000129699707,1.0720000267028809
5.839000225067139,9.041999816894531,3.0810000896453857
5.839000225067139,11.119000434875488,4.0859999656677255
5.3460001945495605,16.476999282836914,6.764999866485598
5.416999816894531,15.270999908447266,5.960999965667725
5.416999816894531,14.736000061035154,5.960999965667725
5.76800012588501,14.199999809265137,5.625999927520752
5.908999919891357,15.472000122070312,6.564000129699707
6.261000156402588,16.075000762939453,6.296000003814697
6.683000087738037,14.333999633789062,4.2199997901916495
6.4720001220703125,12.72599983215332,4.822999954223633
6.401999950408936,11.38700008392334,5.760000228881836
6.964000225067139,-1.6740000247955322,3.549999952316284
7.526999950408935,-9.645000457763672,4.287000179290772
7.73799991607666,0.06700000166893,3.3489999771118164
7.809000015258789,-2.611999988555908,2.746000051498413
7.668000221252441,-4.287000179290772,3.013999938964844
8.159999847412111,1.0720000267028809,3.41599988937378
7.809000015258789,3.750999927520752,3.6840000152587886
8.159999847412111,0.1340000033378601,2.2769999504089355
7.809000015258789,2.009000062942505,2.880000114440918
8.300999641418457,6.63100004196167,2.678999900817871
8.020000457763674,7.0329999923706055,2.5450000762939453
7.668000221252441,7.636000156402588,2.344000101089477
7.386000156402588,8.975000381469727,2.4110000133514404
7.315999984741211,8.907999992370605,2.880000114440918
7.175000190734862,14.468000411987305,5.827000141143799
6.894000053405763,14.267000198364258,5.090000152587892
6.61299991607666,14.333999633789062,5.090000152587892
6.401999950408936,15.67300033569336,6.162000179290772
6.541999816894531,14.668999671936035,5.827000141143799
6.964000225067139,14.133000373840332,5.625999927520752
6.894000053405763,15.739999771118164,5.760000228881836
7.456999778747559,13.730999946594238,4.956999778747559
7.456999778747559,9.041999816894531,5.425000190734863
8.442000389099121,3.617000102996826,5.760000228881836
7.948999881744385,3.884999990463257,3.884999990463257
8.51200008392334,1.4739999771118164,4.152999877929688
9.003999710083008,2.075999975204468,4.0859999656677255
9.28600025177002,1.5410000085830688,2.344000101089477
9.21500015258789,-1.0049999952316284,2.746000051498413
9.28600025177002,-2.2100000381469727,3.41599988937378
9.355999946594238,-0.8709999918937683,3.0810000896453857
9.496999740600586,2.075999975204468,3.013999938964844
9.21500015258789,5.290999889373778,3.013999938964844
9.145000457763672,7.099999904632568,2.678999900817871
9.074999809265137,7.636000156402588,2.344000101089477
8.86400032043457,8.23900032043457,2.344000101089477
8.371000289916992,9.57800006866455,2.4110000133514404
8.371000289916992,10.515999794006348,3.95199990272522
8.51200008392334,12.458000183105469,5.492000102996826
8.722999572753906,16.476999282836914,6.63100004196167
9.003999710083008,13.864999771118164,5.492000102996826
9.56700038909912,16.343000411987305,6.697999954223633
9.56700038909912,17.14699935913086,6.966000080108643
8.51200008392334,15.472000122070312,5.760000228881836
8.652999877929688,14.065999984741213,4.48799991607666
8.934000015258789,12.390999794006348,4.956999778747559
9.56700038909912,11.588000297546388,5.760000228881836
10.973999977111816,3.6840000152587886,5.090000152587892
11.467000007629396,-1.875,5.894000053405763
11.1850004196167,-9.041999816894531,4.75600004196167
10.692999839782717,-10.984999656677246,5.223999977111816
10.270999908447266,-12.524999618530272,4.287000179290772
10.621999740600586,-7.903999805450439,3.3489999771118164
11.255999565124512,-9.645000457763672,4.3540000915527335
11.607000350952148,-8.439000129699707,3.884999990463257
12.380999565124512,-1.2059999704360962,3.2149999141693115
11.467000007629396,4.622000217437744,3.0810000896453857
11.1850004196167,8.840999603271484,3.549999952316284
10.552000045776367,9.51099967956543,2.812999963760376
9.98900032043457,12.994000434875488,3.4830000400543213
9.98900032043457,12.458000183105469,3.750999927520752
9.56700038909912,13.663999557495115,5.0229997634887695
9.425999641418455,15.538999557495115,5.894000053405763
9.708000183105469,18.152000427246094,6.966000080108643
9.637999534606934,16.945999145507812,5.960999965667725
9.777999877929688,17.14699935913086,6.764999866485598
9.56700038909912,17.079999923706055,6.764999866485598
9.425999641418455,15.472000122070312,5.827000141143799
9.28600025177002,15.338000297546388,5.357999801635742
9.28600025177002,13.060999870300291,4.956999778747559
9.637999534606934,10.784000396728516,6.027999877929688
9.425999641418455,3.750999927520752,5.760000228881836
9.074999809265137,-4.287000179290772,5.692999839782715
8.934000015258789,-6.497000217437744,6.162000179290772
9.21500015258789,-10.449000358581545,5.090000152587892
9.21500015258789,-15.270999908447266,3.818000078201294
9.425999641418455,-6.2290000915527335,3.4830000400543213
10.199999809265137,-1.2730000019073486,3.617000102996826
10.904000282287598,-1.6740000247955322,3.549999952316284
11.043999671936035,-5.492000102996826,4.287000179290772
10.270999908447266,2.812999963760376,3.818000078201294
9.777999877929688,9.243000030517578,3.818000078201294
9.56700038909912,10.11400032043457,3.549999952316284
